UserID,Name,Location,Total_Distance,Very_Active_Distance,Moderately_Active_Distance,Light_Active_Distance,Sedentary_Active_Distance,Very_Active_Minutes,Fairly_Active_Minutes,Lightly_Active_Minutes,Sedentary_Minutes,Steps,Calories_Burned
7423388,Danielle,QLD,8.020000458,2.029999971,0.479999989,5.519999981,0,26,10,349,587,10449,2536
7550634,Angel,NSW,5.820000172,2.279999971,0.899999976,2.640000105,0,30,16,135,1259,8001,2902
5304572,Joshua,NSW,0.109999999,0,0,0.109999999,0,0,0,12,1303,152,2100
3234489,Jeffrey,NSW,7.210000038,0,0.340000004,6.869999886,0,0,7,352,1077,9543,2450
8204212,Jill,QLD,7.860000134,0.340000004,0.730000019,6.789999962,0,6,19,258,1020,10218,3013
5472471,Erica,QLD,0.5,0.059999999,0.200000003,0.239999995,0,2,13,15,1410,703,1993
5523669,Patricia,SA,5.5,0.529999971,0.589999974,1.309999943,0,8,15,96,1234,8204,2135
8404852,Christopher,NSW,4.980000019,0.059999999,0.25,4.659999847,0.01,1,6,363,1070,7412,1906
5981505,Robert,VIC,1.99000001,0,0,1.99000001,0,0,0,194,840,2961,2095
2766891,Anthony,NSW,5.829999924,0,0,5.820000172,0,0,0,251,1189,7706,2712
5521373,Jeffery,NSW,9.199999809,3.690000057,2.099999905,3.410000086,0,43,52,194,687,13238,1650
7019877,William,VIC,8.899999619,2.920000076,1.080000043,4.880000114,0,45,24,250,857,14070,1959
4344769,Anthony,NSW,1.159999967,0,0,1.159999967,0,0,0,95,1167,1675,2351
1103355,James,NSW,2.269999981,0,0,2.269999981,0,0,0,190,1121,3428,1692
2262752,Debra,QLD,8.180000305,6.239999771,0.230000004,1.700000048,0,45,5,104,1286,10232,2008
6664789,Amy,VIC,8.350000381,2.50999999,0.239999995,5.590000153,0,38,8,288,621,12627,2182
7113790,Bridget,QLD,2.680000067,0,0,2.680000067,0,0,0,133,673,3365,1838
5721339,Lisa,WA,5.440000057,1.610000014,1,2.829999924,0,23,16,233,1116,8237,1973
4275709,Adam,NSW,10,3.269999981,4.559999943,2.170000076,0,30,95,129,660,14112,1655
1084654,Linda,WA,7.099999905,2.099999905,2.130000114,2.869999886,0,35,41,195,659,10742,2046
6147581,Helen,QLD,7.289999962,2.609999895,0.340000004,4.329999924,0,36,8,277,1119,10379,2473
2954354,Matthew,VIC,3.230000019,0,0,3.230000019,0,0,0,151,1289,4974,1446
9242680,Eric,NSW,7.010000229,1.00999999,0.5,5.510000229,0,14,8,370,1048,10611,2262
3428388,Susan,TAS,6.829999924,2,0.620000005,4.199999809,0,28,13,320,964,10113,2344
9916786,Matthew,VIC,3.220000029,0,0,3.150000095,0.050000001,0,0,174,950,4496,2828
3663046,Christopher,NSW,7.119999886,0.819999993,0.270000011,6.010000229,0.02,11,6,369,1054,9787,3328
6499720,Colin,NSW,2.599999905,0,0,2.599999905,0,0,0,229,665,4193,1491
7640913,Melanie,WA,1.769999981,0,0,1.75999999,0.01,0,0,125,1315,2436,2430
4416664,Cassandra,QLD,4.210000038,0,0,4.210000038,0,0,0,249,1191,6001,2069
4385659,Lindsay,WA,8.069999695,0,4.21999979,3.849999905,0,0,92,252,724,12058,1638
4385357,Jessica,QLD,7.090000153,3.150000095,0.550000012,3.390000105,0,41,11,151,1237,10100,2177
1068148,Teresa,ACT,1.389999986,0,0,1.389999986,0,0,0,137,841,2072,1974
2825665,Nicholas,VIC,0.039999999,0,0,0.039999999,0,0,0,2,1438,62,1995
3745683,Andrea,VIC,3.539999962,0,0,3.539999962,0,0,0,158,851,4468,2799
5056518,Maria,WA,8.409999847,0,0,8.409999847,0,0,0,480,425,11135,2606
5997895,Michelle,WA,7.210000038,0.800000012,1.720000029,4.690000057,0,11,41,223,1165,9919,3123
7397986,Barbara,VIC,3.029999971,0,0,3.029999971,0,0,0,229,809,4514,2211
2870928,Janet,QLD,5.639999866,2.5,0.469999999,2.670000076,0,45,21,143,1153,7550,3004
5155299,Brandon,NSW,4.110000134,0,1.039999962,3.069999933,0,0,27,167,1246,5273,2647
7249859,Jeremy,NSW,4.440000057,0,0,4.440000057,0,0,7,382,648,6711,2346
3305413,Keith,NSW,10.18000031,4.5,0.319999993,5.349999905,0,58,5,215,749,13236,3306
4910197,Christopher,NSW,6.650000095,2.559999943,0.75,3.349999905,0,104,37,194,639,8869,3841
6558019,Jesse,NSW,0,0,0,0,0,0,0,1,1439,4,1348
6414709,Craig,NSW,4.269999981,0.330000013,0.819999993,3.109999895,0.01,5,18,216,1201,6466,1931
1271836,Joshua,NSW,2.230000019,0,0,2.230000019,0,0,0,68,241,2752,1240
4584702,Cynthia,QLD,4.559999943,0.140000001,1.190000057,3.230000019,0,2,22,166,1250,5843,2683
8281369,Michael,VIC,5.409999847,0.129999995,1.129999995,4.150000095,0,2,25,223,1190,8093,2284
3299435,Mitchell,VIC,2.160000086,0,0,2.150000095,0,0,0,125,566,3520,2049
3658505,Joseph,NSW,4.75,0,0,4.730000019,0.02,0,0,264,800,6277,2175
2271741,Sharon,SA,5.210000038,0,0,5.190000057,0.02,0,0,271,1169,6885,2766
4769315,Deborah,QLD,4.090000153,0,0,4.090000153,0,0,0,416,1024,5995,2010
2046797,Chelsea,QLD,11.30000019,4.929999828,0.379999995,5.96999979,0,58,8,231,1143,14890,3060
4047262,George,NSW,7.190000057,1.429999948,0.660000026,5.110000134,0,55,24,275,1086,10119,2793
1564685,Jessica,QLD,2.25999999,0,0,2.25999999,0,0,0,147,1293,3414,1657
3879190,Frank,NSW,6.059999943,1.049999952,1.75,3.25999999,0,15,42,183,644,9010,1468
6596411,Noah,VIC,8.779999733,2.24000001,2.450000048,3.960000038,0,19,67,221,738,12414,1638
2007293,Veronica,ACT,3.369999886,0.469999999,0.930000007,1.929999948,0,12,35,75,1318,4697,2496
5774183,Danielle,QLD,7.320000172,1.129999995,0.419999987,5.769999981,0,14,9,232,738,9023,3033
4366612,Angela,VIC,5.079999924,0,0,5.079999924,0,0,0,383,511,8198,1736
9411855,Gabrielle,QLD,6.369999886,2.25,0.569999993,3.549999952,0,29,13,186,1212,8757,3011
6267180,Megan,WA,7.75,3.74000001,1.299999952,2.710000038,0,36,32,150,744,10645,1545
8807313,Kimberly,QLD,1.590000033,0,0,1.590000033,0,0,0,126,937,2483,2009
3704238,Jeremy,NSW,6.920000076,0.07,1.419999957,5.429999828,0,1,24,284,720,10465,2133
3630708,Antonio,NSW,4.03000021,0,0,3.940000057,0,0,0,164,1276,5394,2286
4494679,Leslie,NSW,5.789999962,1.850000024,0.050000001,3.869999886,0.01,22,2,333,1083,8283,2057
6517209,Joseph,NSW,1.789999962,0.159999996,0.159999996,1.480000019,0,3,9,84,1344,2503,2280
2767640,Jason,NSW,5.21999979,0,0,5.21999979,0,0,0,383,1057,7891,2066
7723771,Sherri,SA,6.420000076,3.329999924,0.310000002,2.779999971,0,118,30,176,662,8596,4022
2285160,Nancy,WA,3.380000114,2.279999971,0.550000012,0.550000012,0,75,11,52,1302,4940,1897
7080526,Leonard,NSW,3.480000019,0.600000024,0.280000001,2.599999905,0,21,10,237,1172,5267,1953
6173036,Diana,QLD,5.139999866,1.809999943,0.400000006,2.930000067,0,63,16,190,773,6805,3294
2425472,Randall,VIC,7.429999828,0.49000001,0.819999993,6.110000134,0,6,15,270,730,9167,3064
1048984,Robin,SA,0.460000008,0,0,0.460000008,0,0,0,20,1420,637,1922
7556168,Stephen,VIC,3.50999999,0,0.389999986,3.109999895,0,0,11,223,1206,5202,1780
2504384,Joseph,NSW,2.369999886,0,0.25,2.109999895,0,0,8,105,127,3587,928
7940119,Anna,VIC,16.30999947,10.22999954,0.029999999,5.96999979,0.050000001,61,2,236,1141,18258,3427
2737095,Jose,NSW,2.670000076,0,0,2.660000086,0.01,0,0,86,1354,3673,2344
5780450,Brenda,QLD,8.109999657,1.080000043,0.200000003,6.800000191,0,17,4,245,1174,10686,2847
8469344,Rachael,SA,4.21999979,0,0,4.199999809,0.02,0,0,202,1238,6497,1492
3109818,Reginald,VIC,5.150000095,0.589999974,0.839999974,3.730000019,0,17,30,262,1131,7795,2121
3231785,Jeffrey,NSW,5.559999943,1.120000005,0.349999994,4.070000172,0,37,20,235,732,7439,3014
4853339,Whitney,NT,0.519999981,0,0,0.519999981,0,0,0,40,1400,772,1403
1996107,William,VIC,4.880000114,1.370000005,0.289999992,3.220000029,0,15,8,190,804,7114,1407
8130144,Christopher,NSW,4.639999866,1.080000043,0.200000003,3.349999905,0,20,7,343,1070,6798,2014
5545583,Brandon,NSW,5.440000057,0.879999995,0.370000005,4.190000057,0,10,8,179,757,6708,2812
4747389,Daniel,NSW,9.710000038,3.99000001,2.099999905,3.50999999,0.109999999,53,27,214,708,11835,2179
5142807,Courtney,QLD,2.619999886,0,0,2.609999895,0.01,0,0,206,1234,3843,1669
8988004,Laura,WA,3.130000114,0,0,3.099999905,0.01,0,0,177,855,4369,2704
7245035,Robert,VIC,3.910000086,0,0,3.890000105,0,0,0,241,759,5153,2018
4602279,Bryan,NSW,4.199999809,0,0,4.199999809,0,0,0,290,1150,6227,1899
6515989,Patrick,VIC,1.960000038,0,0,1.960000038,0,0,0,180,897,2923,2070
3121690,Wendy,NT,3.319999933,0,0,3.319999933,0,0,0,199,720,5029,1705
1491234,Allison,VIC,5.409999847,2.160000086,0.340000004,2.910000086,0,28,7,213,1192,7913,1835
6401218,Tasha,ACT,12.65999985,9.079999924,0.230000004,3.349999905,0,102,6,195,1137,17076,3133
7914550,Michelle,WA,0.779999971,0,0,0.779999971,0,0,0,84,853,1219,1963
7167294,Alexander,NSW,5.079999924,0,0,5.059999943,0.02,0,0,335,1105,7451,1908
7906726,Jennifer,QLD,5.119999886,0,0.219999999,4.880000114,0.02,0,8,404,1028,7618,2004
6888794,Erin,QLD,2.039999962,0,0,2.039999962,0,0,0,112,1328,3134,1359
8558158,Amanda,VIC,6.710000038,0.330000013,0.680000007,5.690000057,0,5,13,295,634,10145,2027
7510425,Joseph,NSW,7.28000021,0.939999998,1.059999943,5.269999981,0,14,23,224,673,9461,2929
9511017,Danielle,QLD,4.71999979,0,0,4.71999979,0,0,0,302,1138,6238,2796
8887739,Daniel,NSW,7.539999962,0,0,7.539999962,0,0,0,475,479,12167,1926
1769598,Ryan,VIC,6.400000095,0.550000012,1.139999986,4.710000038,0,7,19,304,1110,9634,2117
6292895,Shawn,VIC,10.13000011,2.109999895,2.089999914,5.929999828,0,33,45,262,1100,13175,3425
8971379,Stephanie,TAS,11.11999989,4.099999905,1.879999995,5.090000153,0,51,42,212,1135,15300,3493
4331068,Nancy,WA,3.039999962,1.179999948,0.49000001,1.370000005,0,19,14,108,1299,4562,1813
4256415,Jose,NSW,6.820000172,0.550000012,2.019999981,4.25,0,7,38,279,697,10320,2034
1874371,Vincent,VIC,3.529999971,0,0,3.529999971,0,0,0,202,1238,5273,2098
6654237,Guy,NSW,7.070000172,4.159999847,0.769999981,2.119999886,0,70,33,132,726,10387,2781
1973548,Rita,SA,1.5,0,0,1.5,0,0,0,141,785,2424,1356
4344014,Monica,WA,9.489999771,2.630000114,1.409999967,5.449999809,0,27,34,328,957,13658,2530
8064746,Kenneth,NSW,6.25,0.02,0.270000011,5.949999809,0,1,11,367,985,9451,2185
7216204,Danielle,QLD,8.380000114,3.819999933,1.429999948,3.119999886,0,84,35,154,834,12461,2924
6193542,Chelsea,QLD,7.130000114,0.159999996,1.230000019,5.730000019,0,2,29,260,717,8793,3061
3959034,Eric,NSW,9.729999542,6.599999905,0.270000011,2.869999886,0,77,5,129,1229,12474,3142
5574293,Kathryn,QLD,4.900000095,0.25,0.360000014,4.269999981,0,3,7,172,767,6175,2982
7706971,Amber,VIC,3.680000067,0,0,3.680000067,0,0,0,288,1018,5933,1595
1043585,Kimberly,QLD,14.30000019,4.309999943,2.049999952,7.949999809,0,55,42,382,961,20067,3180
1109556,Aaron,NSW,2.670000076,0,0,2.650000095,0,0,0,184,218,4014,1763
2575557,Mario,VIC,6.119999886,2.029999971,0.330000013,3.660000086,0,35,32,189,787,9123,2734
9306461,Andrew,NSW,6.260000229,0,0,6.260000229,0,0,0,360,584,9471,2187
3009021,Sarah,SA,5.920000076,2.839999914,0.610000014,2.470000029,0,97,36,165,739,7924,3544
2201482,Natasha,WA,1.870000005,0,0,1.870000005,0,0,0,120,1320,2824,1651
1542335,Marie,WA,5.190000057,0,0,5.190000057,0,0,0,345,1095,7726,1906
5270070,Kyle,NSW,0.090000004,0,0,0.090000004,0,0,0,9,1431,144,1720
7700379,Brian,NSW,3.730000019,0,0,3.730000019,0,0,0,260,821,6017,1576
4560920,Natalie,WA,4.900000095,0.460000008,0,4.420000076,0.02,46,0,366,1028,7286,2241
7860006,Stacey,SA,1.419999957,0.449999988,0.370000005,0.589999974,0,65,21,55,1222,1982,3051
3484413,Christopher,NSW,3.519999981,0.779999971,0.119999997,2.039999962,0,10,2,117,1311,4512,2596
3907360,Todd,VIC,9.239999771,5.829999924,0.790000021,2.609999895,0,207,45,163,621,12363,4501
6895544,Chad,NSW,5.960000038,2.329999924,0.579999983,3.059999943,0,33,12,188,731,8911,1481
6697469,Kathleen,QLD,2.599999905,0,0,2.599999905,0,0,0,192,1058,3761,2638
3235000,Katie,QLD,17.62000084,12.28999996,0.419999987,4.889999866,0,82,13,226,1119,19377,3659
7908531,David,NSW,3.579999924,1.059999943,0.090000004,2.420000076,0.01,17,4,300,1119,5250,1946
5322252,Thomas,VIC,3.50999999,0,0,3.50999999,0,0,0,240,741,5232,2246
6822184,Andrea,VIC,2.450000048,0,0,2.430000067,0,0,0,134,1306,3135,2443
1402690,Joseph,NSW,6.210000038,0,0.280000001,5.929999828,0,0,8,390,544,9259,2314
3548421,Monique,WA,4.949999809,0.07,0.349999994,4.539999962,0,1,8,216,765,6108,2784
2954109,Rodney,VIC,7.960000038,0.779999971,2.160000086,4.980000019,0,10,41,235,784,9810,3069
5422880,Jason,NSW,4.329999924,0,0,4.320000172,0.01,0,0,319,1121,6440,1826
8205547,Amber,VIC,11.11999989,4,2.450000048,4.670000076,0,61,41,256,693,17022,2324
9323735,Jessica,QLD,7.78000021,0,0,0,0,0,0,0,1440,10122,2955
7457294,James,NSW,6.840000153,0.200000003,2.319999933,4.309999943,0,3,53,227,1157,9405,3108
2384250,Larry,NSW,6.380000114,1.269999981,0.519999981,4.599999905,0,15,11,277,653,9482,2095
1061087,Wanda,NT,1.159999967,0,0,1.159999967,0,0,0,82,1358,1715,1481
7409907,Debra,QLD,12.51000023,9.670000076,0.25,2.579999924,0,100,6,170,1164,16057,3103
2496176,Samuel,VIC,1.769999981,0,0,1.769999981,0,0,0,148,598,2713,1570
1039353,Zachary,VIC,5.400000095,0,0,5.400000095,0,0,0,312,702,7150,2225
7484531,David,NSW,5.920000076,0.379999995,1.74000001,3.75999999,0,5,40,195,1131,7245,2859
4360011,Jeffrey,NSW,8.399999619,3.769999981,0.079999998,4.550000191,0,33,4,204,935,10096,3147
8654909,Matthew,VIC,3.829999924,0.219999999,0.150000006,3.450000048,0,3,4,170,1263,5263,2750
6725570,Jeffrey,NSW,6.119999886,0.150000006,0.239999995,5.679999828,0,4,15,331,712,8539,3654
1416880,Chad,NSW,10.43000031,0.680000007,6.210000038,3.539999962,0,9,125,192,1019,12857,3287
8072695,Crystal,QLD,0.839999974,0,0,0.839999974,0,0,0,82,806,1320,1934
8433296,Jeremy,NSW,9.670000076,4.909999847,0.589999974,4.179999828,0,113,12,159,769,12200,4044
5965050,Rebecca,SA,8.779999733,0.07,5.400000095,3.309999943,0,1,115,196,676,13072,1630
1813168,Michele,WA,5.360000134,0.449999988,0.790000021,4.119999886,0,6,18,289,624,7990,2175
4782875,John,NSW,3.950000048,0,0,3.950000048,0,0,0,227,732,5980,1861
3995765,Elizabeth,QLD,4.300000191,0.899999976,1.279999971,2.119999886,0.01,11,23,224,1182,6474,1655
8734102,Jason,NSW,1.029999971,0,0,1.029999971,0,0,0,86,862,1551,1466
6595108,David,NSW,7.670000076,3,0.810000002,3.859999895,0,44,13,247,1136,11459,2553
6674719,Selena,SA,2.680000067,0,0,2.680000067,0,0,0,191,1249,3973,1696
9658144,Ashley,VIC,7.25,1.389999986,0.589999974,5.269999981,0,72,10,184,763,9143,3788
7609280,Thomas,VIC,9.079999924,0.419999987,0.970000029,7.699999809,0,6,21,432,844,13743,2486
6500306,Kristen,WA,6.03000021,0.340000004,1.029999971,4.650000095,0.01,6,25,370,1039,8844,2065
5372093,Lindsey,WA,8.130000114,0.079999998,0.959999979,6.989999771,0,105,28,271,1036,12332,4142
6031595,Collin,NSW,10.85999966,4.159999847,1.980000019,4.710000038,0,58,38,239,689,16556,2254
6478047,Ryan,VIC,5.920000076,0,0,5.909999847,0.01,0,0,236,1204,9107,1572
2119043,Rodney,VIC,5.309999943,0,0,5.309999943,0,0,0,146,1294,8163,1432
8103230,Stuart,VIC,19.34000015,12.78999996,0.289999992,6.159999847,0,96,17,232,1095,21727,4015
3558231,Jessica,QLD,2.589999914,0,0,2.589999914,0,0,0,108,825,3369,1623
7659908,Emily,QLD,2.359999895,0,0,2.359999895,0,46,0,197,1197,3516,1966
4080389,Tracey,ACT,4.639999866,2.269999981,0.460000008,1.899999976,0,33,13,92,1302,6474,2484
2661909,Corey,NSW,5.909999847,0.109999999,0.930000007,4.880000114,0,2,21,356,1061,8796,1982
3656138,Richard,VIC,3.25,0,0,3.25,0,0,0,247,1082,4920,1856
1110078,Matthew,VIC,2.200000048,0,0,2.200000048,0,0,0,118,1322,3032,2489
2915631,Michelle,WA,0.159999996,0,0,0.159999996,0,0,0,17,1002,254,1141
7314127,John,NSW,9.409999847,3.119999886,1.039999962,5.239999771,0,42,17,308,584,14560,2995
3008187,James,NSW,2.730000019,0.07,0.310000002,2.349999905,0,1,7,148,682,3758,2580
2659066,Shane,VIC,16.29999924,10.42000008,0.310000002,5.53000021,0,66,8,212,1154,18193,3477
3148815,Robert,VIC,0.01,0,0,0.01,0,0,0,3,1437,31,1635
8355740,Joshua,NSW,7.389999866,1.379999995,0.170000002,5.789999962,0,18,5,210,1207,9733,2698
5506259,John,NSW,6.429999828,0.689999998,2.00999999,3.720000029,0,9,43,162,1226,8240,2846
8473915,Sandra,SA,6.739999771,2.440000057,0.400000006,3.910000086,0,30,11,181,1218,10460,1776
8658426,Scott,VIC,5.320000172,0.119999997,0.519999981,4.679999828,0,2,13,308,1117,8054,2062
7404003,Michelle,WA,10.78999996,7.110000134,1.200000048,2.450000048,0,72,23,106,1182,14433,2800
5135314,Andrea,VIC,8.869999886,0,0.07,8.789999962,0,58,15,307,1060,15118,3545
1910681,Brent,NSW,5.630000114,0.079999998,0.660000026,4.869999886,0,1,16,207,682,6943,2859
2607618,Yvette,NT,6.480000019,3.190000057,0.779999971,2.50999999,0,38,20,164,539,9705,1728
4896830,Mary,WA,1.610000014,0,0,1.580000043,0.02,0,0,117,1323,2470,1370
5336787,Tanya,TAS,7.920000076,0.810000002,0.649999976,6.460000038,0,13,14,267,648,10299,3061
3755423,Sara,SA,5.539999962,0,0,5.539999962,0,0,0,412,456,7336,2469
1071295,Melinda,WA,8.229999542,0.319999993,2.029999971,5.880000114,0,4,36,263,728,10144,3115
8613287,Gabriel,NSW,6.260000229,2.089999914,1.039999962,3.130000114,0,30,26,191,1193,9282,2132
4445376,Todd,VIC,2.99000001,0.140000001,0.25999999,2.589999914,0,2,8,199,1231,4525,1793
6251035,Jason,NSW,15.97000027,12.34000015,0.209999993,3.359999895,0,119,5,193,1123,20159,3411
4612600,Richard,VIC,7.179999828,0,0,7.170000076,0.01,0,0,328,1112,9501,2896
1825816,Brian,NSW,5.510000229,0,0,5.510000229,0,0,0,343,330,8891,1364
9763313,Nicholas,VIC,3.039999962,1.830000043,0.300000012,0.889999986,0,45,15,63,257,4038,1665
3026793,Tricia,ACT,1.169999957,0,0,1.169999957,0,0,0,101,916,1831,2015
1554594,Joseph,NSW,8.890000343,5.369999886,1.070000052,2.440000057,0,64,21,142,563,11207,3363
9536326,Kristen,WA,2.329999924,0,0,2.329999924,0,0,0,139,621,2943,2685
4504473,Spencer,VIC,7.710000038,2.460000038,2.119999886,3.130000114,0,37,46,175,833,11992,1821
8299695,Rodney,VIC,1.679999948,0,0,1.659999967,0.02,0,0,52,1388,2309,2222
3204664,Susan,TAS,8.130000114,4.760000229,1.120000005,2.24000001,0,66,27,130,1217,12764,1827
1686976,Angela,VIC,5.039999962,0,0.419999987,4.619999886,0,0,10,176,714,7193,1377
3472189,Jennifer,QLD,9.340000153,3.299999952,1.110000014,4.920000076,0,77,25,220,945,12139,3544
9506404,Eric,NSW,7.570000172,0.430000007,1.620000005,5.519999981,0,6,30,339,1065,11451,2223
2241082,Kenneth,NSW,7.75,1.289999962,0.430000007,6.03000021,0,19,9,234,878,10074,2969
7561000,Beth,VIC,7.699999809,5.760000229,0.170000002,1.730000019,0,66,4,110,1260,9877,2947
7671458,Amy,VIC,9.090000153,0.680000007,5.239999771,3.170000076,0,9,116,171,688,13585,1633
5892306,Julie,QLD,8.130000114,2.559999943,1.00999999,4.550000191,0,36,23,251,669,12770,1783
4674515,Brian,NSW,1.120000005,0,0,1.120000005,0.01,0,0,102,1338,1727,1341
2579159,Breanna,QLD,2.269999981,0,0,2.269999981,0,0,0,179,916,3385,2070
5515488,Wesley,VIC,5.980000019,3.059999943,0.910000026,2.00999999,0,44,19,131,777,8856,1450
9767088,Eric,NSW,6.650000095,1.269999981,0.660000026,4.71999979,0,71,13,171,772,8382,3721
7324167,Susan,TAS,7.710000038,0,0,7.710000038,0,0,0,432,458,12357,1916
1791971,Christopher,NSW,4.349999905,0.150000006,0.970000029,3.230000019,0,2,23,163,1252,5571,2654
1501157,Jacob,NSW,4.460000038,0.239999995,0.99000001,3.230000019,0,3,24,146,908,6132,2696
5378727,Brooke,QLD,10.56000042,5.619999886,1.029999971,3.910000086,0,123,21,174,699,13318,4163
5124499,Emma,QLD,6.960000038,0.140000001,0.560000002,6.25,0,2,14,374,490,10378,2345
6946594,Joe,NSW,4.78000021,1.350000024,0.670000017,2.75999999,0,61,38,214,743,6393,3374
6106799,David,NSW,9.06000042,6.03000021,0.560000002,2.470000029,0,71,10,127,669,11419,3369
5327576,Pamela,SA,10.81000042,5.050000191,0.560000002,5.199999809,0,117,10,174,720,13630,4157
5962140,John,NSW,1.519999981,0,0,1.519999981,0,0,0,114,1219,2268,1933
3799487,Brooke,QLD,2.279999971,0,0,2.279999971,0,0,0,191,716,3609,1447
3904941,Christine,QLD,3.450000048,0,0,3.450000048,0,0,0,258,610,5528,1555
8983441,Robert,VIC,2.599999905,0.050000001,0.280000001,2.269999981,0,1,20,195,817,4068,2419
6320385,Brandy,QLD,1.779999971,0.479999989,0.620000005,0.680000007,0,9,34,50,1347,2487,2319
3100021,Alexandra,VIC,5.420000076,1.580000043,0.629999995,3.190000057,0.01,24,13,346,1057,7904,2095
7928040,Sarah,SA,1.460000038,0,0,1.460000038,0,0,0,129,848,2283,2067
1618467,James,NSW,9.510000229,3.430000067,1.659999967,4.429999828,0,44,29,241,692,14331,2156
6333152,Jennifer,QLD,5.989999771,0,0,5.989999771,0,0,0,311,604,8925,2200
8328141,John,NSW,3.420000076,0,0,3.420000076,0,0,0,242,1129,5079,1804
6072148,Randy,VIC,6.139999866,0.430000007,3.269999981,2.450000048,0,6,51,115,1268,9256,1880
2707923,Emily,QLD,9.970000267,0.730000019,1.399999976,7.840000153,0,11,31,301,1054,12961,3288
6134207,Kevin,NSW,6.739999771,3.400000095,0.829999983,2.50999999,0,50,14,189,796,10199,1994
9516999,Leslie,NSW,4.53000021,1.519999981,0.519999981,2.480000019,0,19,10,136,740,5709,2908
7730886,Karen,QLD,3.640000105,0,0,3.559999943,0,0,0,105,1335,4790,2189
6853584,Charles,NSW,1.929999948,0,0,1.919999957,0.01,0,0,139,1301,2969,1393
9170528,Stephen,VIC,3.569999933,0.050000001,0.360000014,3.160000086,0,1,9,248,1182,5401,1876
5301754,Yolanda,NT,3.75999999,0,0,3.75999999,0,0,0,385,1055,5512,1972
3269042,Wendy,NT,1.539999962,0.769999981,0.620000005,0.150000006,0,11,18,11,1400,2153,2053
8740141,Jason,NSW,11.14999962,8.819999695,0.400000006,1.909999967,0,89,8,123,1220,14581,2918
1116381,Joseph,NSW,9.880000114,3.529999971,1.320000052,5.03000021,0,50,31,264,775,15506,2035
2521701,Sarah,SA,8.5,2.99000001,0.100000001,5.409999847,0,43,5,292,1100,12024,2601
7105525,Nicole,SA,7.099999905,0.800000012,0.889999986,5.420000076,0,13,16,236,1175,9232,2979
4438618,Natasha,WA,8.479999542,1.460000038,2.329999924,4.679999828,0,20,42,209,621,12827,2739
8913697,Mike,VIC,12.27000046,0.75999999,3.24000001,8.270000458,0,9,66,408,469,15126,3691
3457184,Eric,NSW,9.180000305,4.639999866,0.699999988,3.829999924,0,64,14,250,1112,13041,2642
5103022,Martha,WA,11.64999962,0.370000005,2.309999943,8.970000267,0,5,46,439,577,14370,3683
2418175,Jade,QLD,0.430000007,0,0,0.430000007,0,0,0,46,943,655,1397
4806688,Cheryl,QLD,5.599999905,1.779999971,0.829999983,2.950000048,0,24,14,149,1253,8564,2386
8265795,Vanessa,ACT,3.359999895,0.159999996,0.439999998,2.75,0,8,45,232,795,5245,2748
5041776,Alan,NSW,1.549999952,0,0,1.549999952,0,0,0,156,739,2421,2297
3727423,Lisa,WA,8.06000042,2.950000048,2.160000086,2.960000038,0,47,42,177,801,12346,2066
6709840,Kevin,NSW,2.650000095,0,0,2.650000095,0,0,0,225,716,3945,2180
6130397,Elizabeth,QLD,6.78000021,0.289999992,2.410000086,4.079999924,0,4,54,212,1170,8687,2944
4451356,Sheila,SA,3.589999914,2.130000114,0.189999998,1.25,0,26,4,108,866,5183,2123
4444084,Dennis,NSW,2.809999943,0,0,2.799999952,0,0,0,204,1236,4165,1725
3927109,Darrell,NSW,6.070000172,1.149999976,0.25999999,4.639999866,0.01,18,9,376,1037,8857,2124
7979451,Daniel,NSW,8.739999771,3.660000086,0.189999998,4.880000114,0,50,3,280,741,13217,2173
9519981,Angela,VIC,6.619999886,0,0,6.599999905,0,0,0,401,543,10685,1869
8778484,Joseph,NSW,2.309999943,0,0,2.309999943,0,0,0,120,1193,3176,2498
9503902,Cassandra,QLD,1.039999962,0,0,1.039999962,0,0,0,48,1392,1510,2229
7214624,Jennifer,QLD,5.110000134,0.319999993,0.970000029,3.819999933,0,5,23,214,801,7641,1433
5842611,James,NSW,19.55999947,13.22000027,0.409999996,5.889999866,0,88,12,213,1127,21420,3832
7357182,Cynthia,QLD,3.24000001,0,0,3.230000019,0.01,0,0,280,1160,4747,1788
5335868,Joseph,NSW,3.579999924,0,0,3.579999924,0,0,0,201,721,4660,2572
3215167,Tracy,VIC,5.070000172,1.399999976,0.079999998,3.579999924,0,20,2,303,1115,7396,1995
4886402,Rebecca,SA,0.100000001,0,0,0.100000001,0,0,0,10,1430,149,2093
7545535,Meghan,WA,5.300000191,0.310000002,2.049999952,2.940000057,0,4,41,144,901,6530,2729
7842385,Christopher,NSW,3.789999962,0.319999993,0.219999999,3.25,0,15,11,144,776,5077,2551
1688105,Rodney,VIC,2.950000048,0.209999993,0.25999999,2.440000057,0,3,6,88,873,3984,1527
2989173,Joshua,NSW,5.579999924,0,0,5.579999924,0,0,0,258,777,6877,2898
4080761,Adam,NSW,7.71999979,3.769999981,1.74000001,2.220000029,0,70,113,178,1079,10771,3727
2414466,Kellie,QLD,4.820000172,0,1.200000048,3.609999895,0,0,28,203,1209,6174,2757
9106609,Jose,NSW,6.880000114,1.139999986,1,4.739999771,0,16,16,206,745,10538,1922
8413023,Joyce,QLD,6.369999886,0.209999993,0.460000008,5.699999809,0,3,12,329,555,9487,2260
8613269,Andrea,VIC,6.96999979,0.699999988,2.349999905,3.920000076,0,11,58,205,600,10415,1529
2105534,Ronald,VIC,12.90999985,0.939999998,1.399999976,10.56999969,0,13,23,361,1043,18387,2732
5353127,Alec,NSW,15.68999958,11.36999989,0.460000008,3.859999895,0,118,9,209,1104,20500,3403
8315360,Charles,NSW,9.819999695,4.960000038,0.649999976,4.210000038,0,116,14,169,680,12386,4079
1498863,Rebecca,SA,5.21999979,0.660000026,0.639999986,3.920000076,0,63,13,152,840,6582,3586
9756262,Amy,VIC,6.659999847,0.879999995,0.810000002,4.96999979,0.01,12,19,155,1254,9167,2799
3676188,Mary,WA,1.639999986,0,0,1.639999986,0,0,0,116,831,2564,2044
4295990,Brandi,QLD,9.390000343,2.119999886,1.629999995,5.639999866,0,35,47,297,1061,13379,2709
8782937,Earl,NSW,5.980000019,0.129999995,0.370000005,5.46999979,0.01,2,10,371,1057,8859,1970
7526818,David,NSW,6.909999847,1.340000033,1.059999943,4.5,0,71,20,195,822,8712,3784
6491590,Kyle,NSW,8.180000305,0.360000014,2.529999971,5.300000191,0,5,58,278,1099,11256,3300
7512440,Rachel,SA,5.539999962,2.900000095,0,2.640000105,0,46,0,326,1068,8168,2096
7555968,Michelle,WA,4.730000019,0,0,4.699999809,0.029999999,0,0,356,1084,6905,1908
9837590,Jason,NSW,0.920000017,0.730000019,0,0.180000007,0,10,0,17,1413,1326,2195
2172622,John,NSW,1.450000048,0.07,0.239999995,1.139999986,0,1,6,75,1358,2090,2324
3503771,Curtis,NSW,9.329999924,4.429999828,0.419999987,4.46999979,0,52,10,273,1105,12954,2638
4177825,Kimberly,WA,7.769999981,3.349999905,1.159999967,3.25999999,0,46,31,214,746,12207,1859
1996161,Nicole,SA,7.670000076,0,0,7.670000076,0,0,0,313,729,9454,3145
5183839,Richard,VIC,4.480000019,0,0,4.480000019,0,0,0,327,623,7222,1667
4375957,Sarah,SA,7.130000114,1.039999962,0.970000029,5.119999886,0,19,20,282,1119,10159,2463
1118834,Michelle,WA,8.119999886,1.100000024,1.720000029,5.289999962,0,19,42,228,696,10553,3083
6893309,Lisa,WA,7.400000095,1.940000057,0.959999979,4.5,0,25,28,245,1142,10538,2380
6948540,Nicole,SA,8.590000153,3.25,0.639999986,4.710000038,0,42,16,233,1149,13019,1921
5249913,Angel,NSW,10.90999985,0.579999983,0.850000024,9.479999542,0,7,15,518,502,14450,2828
5422201,Jill,QLD,15.67000008,12.43999958,0.879999995,2.349999905,0,121,20,148,1076,19769,3331
2079600,Martin,VIC,4.829999924,0,0.579999983,4.25,0,0,15,160,1265,6637,2677
4503157,Sarah,SA,0.920000017,0,0,0.920000017,0,0,0,58,976,1282,2127
9272874,Leah,WA,3.75,0,0,3.75,0,0,0,237,1142,5600,2225
9849851,Michelle,WA,2.690000057,0,0,2.680000067,0,0,0,272,443,4112,1776
2985588,Lisa,WA,1.24000001,0,0,1.24000001,0,0,0,87,1353,1786,2338
9640059,Joseph,NSW,7.289999962,3.529999971,1.230000019,2.50999999,0,67,69,124,671,10688,2944
5197355,Kristin,WA,3.079999924,0,0,3.069999933,0,0,0,234,1206,4571,1779
2752683,Daniel,NSW,3.410000086,0,0,3.400000095,0,0,0,195,1245,5057,1724
8716868,Monica,WA,7.190000057,2.930000067,0.569999993,3.690000057,0,51,11,201,732,10946,2033
2004646,Michele,WA,9.640000343,0.699999988,2,6.940000057,0,14,43,300,537,12533,3283
1449395,Lisa,WA,6.369999886,0,0,6.369999886,0,0,0,271,772,7860,2984
6143901,Steven,VIC,4.400000095,0,0,3.579999924,0,0,0,184,1256,6132,2975
7754350,Kevin,NSW,2.74000001,0.189999998,0.349999994,2.200000048,0,3,8,181,706,4414,1459
2260386,Laura,WA,2.619999886,0,0,2.599999905,0,0,0,199,1241,4026,1470
8019431,Andrew,NSW,4.570000172,0,0,4.559999943,0,0,0,302,1138,6907,1992
4379569,James,NSW,5.179999828,2.480000019,0.109999999,2.579999924,0,30,2,233,725,7502,2421
3900603,Mark,VIC,1.370000005,0,0,1.370000005,0,0,0,182,1258,2104,1474
9611474,Michelle,WA,0.01,0,0,0.01,0,0,0,2,1438,16,1990
2646711,Tammy,TAS,5.199999809,0,0,0,0,0,0,0,1440,7753,2115
6587774,Joshua,NSW,6.619999886,0.340000004,0.730000019,5.539999962,0,4,15,251,757,8161,3004
7319707,Darlene,QLD,8.029999733,1.970000029,0.25,5.809999943,0,24,6,289,754,12159,1896
8967801,Ricardo,VIC,0.01,0,0,0.01,0,0,0,2,0,17,257
2423286,Tina,ACT,5.349999905,0.140000001,0.280000001,4.929999828,0,6,14,380,634,8360,3101
4695961,Amanda,VIC,3.170000076,0,0,3.170000076,0,0,0,222,1218,4803,1788
9217316,Sheila,SA,9.43999958,1.809999943,4.579999924,2.890000105,0,14,96,142,852,13559,1628
4177945,Darrell,NSW,4.929999828,0.860000014,0.589999974,3.470000029,0,7,6,166,1261,7155,1497
8348340,Tara,ACT,4.550000191,0.340000004,0.200000003,4.010000229,0,5,5,308,1122,6890,2085
1183062,Gregory,NSW,3.50999999,1.470000029,0.239999995,1.809999943,0,18,6,122,1294,4503,2547
5294539,Joseph,NSW,0.029999999,0,0,0.029999999,0,0,0,4,2,42,403
7095929,Daniel,NSW,17.95000076,13.13000011,1.549999952,3.25999999,0,129,33,182,1096,22988,3577
5944505,Ryan,VIC,5.949999809,2,0.769999981,3.170000076,0,30,31,146,1233,8294,2798
1803328,Jessica,QLD,4.579999924,0,0,4.579999924,0,0,0,317,706,6831,2432
5062958,Lee,NSW,2.769999981,0,0.519999981,2.25,0,0,14,151,709,4188,1659
2043233,Catherine,QLD,9.25,3.559999943,1.419999957,4.269999981,0,52,34,217,712,14673,1947
7468703,William,VIC,9.550000191,4.28000021,0.189999998,5.090000153,0,48,4,297,639,13928,2174
1529525,Paul,VIC,6.679999828,0,0.569999993,6.099999905,0,0,12,253,746,8232,2990
1176615,Barbara,VIC,6.820000172,3.75,0.699999988,2.369999886,0,69,39,129,706,10091,2752
5381932,Jonathan,NSW,9.340000153,0.720000029,4.090000153,4.539999962,0,10,94,221,1115,12850,3324
7665088,Jeanne,QLD,1.929999948,0,0,1.919999957,0.01,0,0,107,890,2971,1002
8474447,Aaron,NSW,5.369999886,0,0,5.360000134,0,0,0,389,1051,7948,1956
5601020,Sara,SA,5.059999943,0,0.209999993,4.829999924,0.02,0,7,334,1099,7525,1878
8006454,Judy,QLD,4.239999771,2,0.289999992,1.950000048,0,25,6,162,1247,6155,2248
4612610,Emily,QLD,4.949999809,0,0,4.949999809,0,0,0,359,1081,7373,1907
8031883,Michael,VIC,6.409999847,2.920000076,0.209999993,3.279999971,0,39,5,238,709,10039,1788
3164367,Chad,NSW,8.979999542,2.220000029,1.210000038,5.559999943,0,57,28,271,1084,12798,2797
1144356,Elizabeth,QLD,7.349999905,0.670000017,1.039999962,5.579999924,0,13,46,346,531,10252,3879
9744220,Mark,VIC,7.880000114,1.080000043,0.50999999,6.300000191,0,14,8,239,584,10243,2885
9398043,Lee,NSW,8.090000153,3.650000095,1.659999967,2.779999971,0,110,74,175,670,10830,4018
2748014,Melanie,WA,4.039999962,0,0.379999995,3.660000086,0,0,11,228,1201,5997,1811
8156720,Jennifer,QLD,7.570000172,1.370000005,0.790000021,5.409999847,0,19,13,277,767,11596,2026
3288627,Kevin,NSW,2.910000086,1.110000014,0.579999983,1.220000029,0,17,18,85,1053,4053,2400
7517963,Kyle,NSW,9.789999962,1.129999995,0.779999971,7.880000114,0,18,18,306,984,12727,3290
7597519,Ricky,VIC,5.389999866,0,0,5.389999866,0,0,0,305,1135,8059,2383
1764121,Richard,VIC,3.890000105,1.559999943,0.25,2.079999924,0,25,9,141,631,5206,2755
8068121,Kenneth,NSW,9.079999924,3.920000076,1.600000024,3.559999943,0,115,54,199,695,12087,4005
4502630,David,NSW,8.289999962,2.50999999,0.930000007,4.849999905,0,36,27,272,1105,11768,2649
6698848,Robert,VIC,6.28000021,0,0,6.269999981,0.01,0,0,258,1182,8301,2783
2107677,Shelby,SA,8.670000076,2.440000057,0.270000011,5.940000057,0,29,5,191,1215,11423,2761
6738852,Erica,QLD,15.01000023,0.980000019,0.400000006,5.619999886,0,11,19,294,579,19542,4900
1288790,Raven,SA,8.739999771,3.329999924,1.110000014,4.309999943,0,104,53,255,1028,12453,3158
6084921,Christina,QLD,7.010000229,1.659999967,1.940000057,3.410000086,0,19,32,195,676,10352,2038
4693305,Kevin,NSW,2.559999943,1.429999948,0.140000001,0.99000001,0,34,11,70,1099,3421,2489
5466271,Amy,VIC,2.940000057,0,0,2.940000057,0,0,0,135,734,3703,2741
5385536,Aaron,NSW,2.650000095,0.109999999,0.170000002,2.329999924,0,2,8,134,1296,3689,2645
2352695,Justin,NSW,2.410000086,0,0,2.410000086,0,0,0,89,1351,3321,2413
2589228,Russell,VIC,2.680000067,0,0,2.680000067,0,0,0,184,1256,4059,1742
2100567,Bethany,VIC,8.609999657,0.079999998,1.879999995,6.650000095,0,1,37,262,701,10613,3172
8706358,Diana,QLD,1.179999948,0,0,1.179999948,0,0,0,104,582,1807,1507
1049115,Steven,VIC,2.480000019,0,0,0.349999994,0,0,0,34,1265,3702,1792
6392023,Jason,NSW,1.370000005,0,0,1.370000005,0,0,0,87,1353,2080,1549
6957515,Thomas,VIC,6.420000076,0.409999996,0.469999999,5.460000038,0,6,11,314,692,9524,2266
7232753,Rachel,SA,4.429999828,0,0,4.429999828,0,0,0,339,1101,6697,2030
6246880,Laura,WA,6.989999771,0.670000017,0.219999999,6.090000153,0,8,5,241,745,8614,3006
2404330,Gene,NSW,4.829999924,2.390000105,0.349999994,2.089999914,0.01,32,6,303,1099,6643,3008
1251492,Christopher,NSW,11.05000019,1.539999962,6.480000019,3.019999981,0,24,143,176,713,16520,1760
5035851,Zachary,VIC,8.319999695,3.130000114,0.569999993,4.570000172,0,36,12,166,1226,10930,2786
1491072,Cynthia,QLD,8.18999958,0.07,4.21999979,3.890000105,0,1,91,214,1134,10499,3093
2086880,Matthew,VIC,4.769999981,0,0,4.769999981,0,0,0,250,1190,6117,2810
3055723,Loretta,WA,6.079999924,3.599999905,0.379999995,2.099999905,0,86,16,140,728,8135,3405
3248988,Karen,QLD,8.390000343,1.5,1.200000048,5.679999828,0,26,29,247,812,12848,2116
3976242,Emily,QLD,9.140000343,5.980000019,0.829999983,2.319999933,0,200,37,159,525,12231,4552
5580081,Jeffrey,NSW,5.25,0,0,5.230000019,0,0,0,373,843,7937,2130
3648790,James,NSW,9.039999962,2.809999943,0.870000005,5.360000134,0,41,21,262,732,14371,1949
4763024,Andrew,NSW,7.230000019,0.409999996,1.919999957,4.909999847,0,6,47,300,680,10780,2324
5833177,John,NSW,4.820000172,0.550000012,0.75,3.5,0,8,12,308,1112,7289,1997
9272841,Thomas,VIC,3.950000048,1.149999976,0.910000026,1.889999986,0,16,18,185,1221,6076,1617
4353597,Melissa,WA,5.550000191,0,0,5.539999962,0.01,0,0,227,1213,8538,1562
9454561,Charles,NSW,8.479999542,5.619999886,0.430000007,2.410000086,0,50,9,133,781,11177,1570
3597480,Robert,VIC,8.010000229,3.329999924,0.219999999,4.460000038,0,44,8,217,1171,11369,2470
5197571,Crystal,QLD,11.82999992,3.900000095,3,4.920000076,0,46,67,258,1069,15168,3513
7374201,James,NSW,4.150000095,0,0,0,0,0,0,0,1440,5319,2693
7118900,Heather,QLD,8.149999619,1.350000024,0.460000008,6.28000021,0,18,11,224,1187,10733,2832
3922097,Troy,VIC,3.910000086,0,0.330000013,3.579999924,0,0,7,196,1237,5014,2650
1157164,John,NSW,0.01,0,0,0.01,0,0,0,1,1439,8,1349
1531831,Diana,QLD,7.179999828,1.870000005,0.670000017,4.639999866,0,24,17,295,1104,10227,2498
3989475,Adam,NSW,5.059999943,0.209999993,0.400000006,4.449999809,0,6,9,253,609,6580,3073
4369720,Karen,QLD,10.97999954,3.789999962,2.119999886,5.050000191,0.02,48,31,284,1077,14816,2832
5711075,Kayla,QLD,12.01000023,6.900000095,0.819999993,4.289999962,0,137,16,145,677,15148,4236
8122313,Daniel,NSW,3.730000019,0,0,3.730000019,0,0,0,236,1204,4933,2044
7854500,Ronald,VIC,8.350000381,2.789999962,0.860000014,4.699999809,0,55,20,253,1112,11895,2609
3640328,Gregory,NSW,10.10999966,4.28000021,1.659999967,4.179999828,0,69,28,249,756,15482,2284
6063778,April,VIC,10.64000034,7.639999866,0.449999988,2.539999962,0,87,13,145,797,14365,2997
4970001,Brent,NSW,4.809999943,0.629999995,0.170000002,4.010000229,0,63,4,142,802,6064,3491
1070640,John,NSW,6.880000114,0.109999999,0.330000013,6.440000057,0,1,9,339,589,10210,2302
5122263,Melinda,WA,5.159999847,0.560000002,1.679999948,2.920000076,0,9,27,206,781,7804,1946
5594877,Stephen,VIC,7.440000057,2.230000019,0.439999998,4.78000021,0,82,8,169,763,9388,3787
2355531,Laurie,WA,7.070000172,2.670000076,1.980000019,2.410000086,0,41,40,124,691,10414,1501
1675510,Elizabeth,QLD,6.21999979,4.119999886,0.340000004,1.75999999,0,87,16,113,773,8330,3192
4741196,Vanessa,ACT,12.21000004,6.400000095,0.409999996,5.409999847,0,78,11,243,1108,18134,2159
7990102,Caitlin,QLD,6.28000021,2.140000105,1.25999999,2.829999924,0,29,34,209,726,9762,1745
3734296,Stephanie,TAS,7.869999886,0.150000006,1.279999971,6.429999828,0,2,28,317,1093,10085,3164
7706024,Patricia,SA,6.75,1.850000024,1.529999971,3.380000114,0,23,26,208,761,10080,2048
1898320,Cheyenne,QLD,3.910000086,0,0,3.910000086,0,0,0,299,717,5908,1850
6781565,Jennifer,QLD,10.28999996,4.5,0.379999995,5.409999847,0,53,8,355,1024,14172,2937
3007635,William,VIC,9.18999958,2.150000095,1.870000005,5.170000076,0,30,34,327,1049,13744,2763
4264908,Maria,WA,4.409999847,2.410000086,0.039999999,1.960000038,0,29,1,180,839,6326,2291
5260538,Amy,VIC,2.74000001,0.059999999,0.200000003,2.470000029,0,1,5,191,692,4081,1880
7486460,Phyllis,SA,4.420000076,0,0.25999999,4.139999866,0,0,7,260,1173,6559,1905
7197323,Julia,QLD,4.710000038,1.610000014,0.079999998,3.019999981,0,20,2,149,1269,6708,1995
6963135,John,NSW,7.829999924,0.200000003,4.349999905,3.279999971,0,2,98,164,845,11658,1554
9814131,Dana,QLD,0.779999971,0,0,0.779999971,0,0,0,84,506,1202,1463
4599865,Katie,QLD,6.340000153,1.340000033,0.349999994,4.650000095,0,19,8,211,838,9819,1775
6382287,Adrienne,VIC,6.699999809,0.02,2.74000001,3.940000057,0,1,48,206,705,10129,2010
8990340,Courtney,QLD,7.150000095,2.460000038,0.870000005,3.819999933,0,36,22,203,1179,11100,1819
4772811,Chris,NSW,4.179999828,0,0,4.179999828,0,0,0,249,1191,6198,1852
3317336,Justin,NSW,3.450000048,0,0,3.450000048,0,0,0,199,1241,4562,2560
3763642,Joseph,NSW,8.56000042,5.880000114,0.930000007,1.75,0,49,20,172,1199,11268,2218
8689684,Luis,NSW,8.430000305,1.75999999,0.129999995,6.5,0,22,3,258,1157,11101,2860
4788340,Amber,VIC,7.630000114,3.710000038,0.75,3.170000076,0,49,13,165,727,11393,1999
1197775,Devon,NSW,8.279999733,3.109999895,2.50999999,2.670000076,0,29,55,168,676,11677,1590
3386488,Jesse,NSW,7.889999866,1.00999999,0.680000007,6.199999809,0,12,15,241,579,10255,2926
1787494,Heather,QLD,1.129999995,0,0,1.129999995,0,0,0,112,900,1758,2067
6851244,Jasmine,QLD,2.430000067,0,0,2.430000067,0,0,0,206,622,3727,1683
6332660,Caleb,NSW,2.930000067,0,0,2.930000067,0,0,0,233,594,4729,1506
7837433,Rick,VIC,3.700000048,1.929999948,0.319999993,1.450000048,0,41,16,79,1304,4950,2643
6083769,Amy,VIC,2.670000076,0,0,2.670000076,0,0,0,231,717,3974,2194
1533636,Robert,VIC,5.019999981,1.49000001,0.370000005,3.160000086,0,20,10,206,1204,7443,1878
5232406,Jamie,NSW,3.25999999,0,0,3.25999999,0,0,0,248,1192,4929,1860
3276360,Robert,VIC,8.050000191,1.059999943,0.920000017,6.070000172,0,12,19,267,692,9930,3165
5408249,Rebecca,SA,2.769999981,0,0,2.769999981,0,0,0,224,651,4249,1698
5426219,Brandy,QLD,7.429999828,3.25,1.169999957,3.00999999,0,99,51,141,692,9841,3580
9914438,Heather,QLD,5.590000153,2.99000001,0.059999999,2.539999962,0,27,1,131,1281,7135,2408
2332397,Melissa,WA,4.96999979,0.49000001,1.039999962,3.440000057,0,7,18,196,1219,7399,1739
8517836,Kathy,QLD,6.409999847,1.279999971,0.670000017,4.440000057,0,16,16,236,728,9117,1853
7646705,Omar,VIC,4.949999809,0.49000001,0.449999988,4,0,24,36,182,1198,7881,2616
6462810,Adam,NSW,9.520000458,2.789999962,0.930000007,5.800000191,0,35,21,251,632,12375,3162
9905921,Michael,VIC,4.170000076,0,0,4.159999847,0,0,0,227,1213,5510,2613
7243669,Melissa,WA,2.599999905,0.589999974,0.059999999,1.950000048,0,8,1,94,1337,3580,2497
2286643,Stephanie,TAS,1.389999986,0,0,1.389999986,0,0,0,121,895,2064,1954
7200646,Julie,QLD,2.779999971,0,0,2.779999971,0,0,0,164,1276,4212,1763
7983896,Amy,VIC,4.679999828,3,0.059999999,1.620000005,0,46,1,190,1203,6873,1898
9783148,Carrie,QLD,5.190000057,1.070000052,1.669999957,2.450000048,0,15,33,121,1271,7132,2806
6409861,Jeffrey,NSW,4.829999924,0,0,4.829999924,0,0,0,350,711,7198,2496
5939003,Jeffrey,NSW,8.25,4.519999981,0.150000006,3.569999933,0,97,8,212,580,11045,3795
7311326,Ryan,VIC,5.659999847,0,0,5.650000095,0,0,0,395,1045,8563,2173
6146386,Anthony,NSW,2.369999886,0,0,2.369999886,0,0,0,188,687,3821,1444
9415398,Matthew,VIC,5.239999771,0.07,0.280000001,4.889999866,0,1,6,311,1122,7762,1890
1448345,Erin,QLD,6.900000095,2.579999924,0.419999987,3.900000095,0,36,7,254,680,10433,2012
8827494,Richard,VIC,5.28000021,0,0,5.28000021,0,0,0,343,1040,6987,2275
4685501,Frederick,NSW,2.450000048,0.360000014,0.209999993,1.879999995,0,5,6,123,1306,3634,1613
2879490,Tanner,VIC,5.349999905,0.589999974,0.25,4.510000229,0,18,10,340,993,8095,2225
5984445,David,NSW,4.889999866,0,0,4.880000114,0,0,0,295,991,6724,2987
7939705,Cindy,QLD,9.399999619,6.079999924,0.280000001,3.039999962,0,60,7,184,1189,12209,2809
7742471,Phillip,VIC,1.5,0,0.400000006,1.100000024,0,0,9,88,1292,2163,2383
2454908,Anne,VIC,12.39999962,9.670000076,0.389999986,2.349999905,0,90,9,153,1188,15447,3062
4319144,Anthony,NSW,4.75,0,0.119999997,4.610000134,0.01,0,5,370,1065,7063,1910
9693670,Dawn,QLD,0.810000002,0,0,0.810000002,0,0,0,52,1388,1201,1426
6806466,Derek,NSW,8.5,1.879999995,0.550000012,6.059999943,0,25,13,328,728,13162,1985
6744588,Steven,VIC,8.210000038,1.389999986,0.100000001,6.670000076,0.01,19,3,229,1189,10818,2817
6304509,Brent,NSW,5.710000038,1.210000038,0.360000014,4.139999866,0,24,24,223,627,7638,3152
8668216,Nicholas,VIC,0.159999996,0,0,0.159999996,0,0,0,12,1428,244,1721
5949499,Jason,NSW,4.329999924,1.799999952,0.5,2.019999981,0,66,35,238,1019,6543,2666
3387312,Mark,VIC,6.639999866,0.569999993,0.920000017,5.150000095,0,8,21,288,649,9899,2236
4693976,Kathleen,QLD,6.179999828,1.360000014,0.300000012,4.510000229,0,19,6,206,758,9469,2463
7062903,Nicholas,VIC,0.680000007,0,0,0.680000007,0,0,0,51,941,980,2221
5408224,Karen,QLD,0.029999999,0,0,0.029999999,0,0,0,2,1438,44,1351
5035493,Marie,WA,0.519999981,0,0,0.519999981,0,0,0,58,380,768,1212
6703737,Johnny,NSW,4.619999886,0,0,4.590000153,0.029999999,0,0,305,1135,6116,2806
2871403,Christopher,NSW,2.230000019,0,0,2.220000029,0,0,0,152,1288,3427,1427
6747372,Andrew,NSW,2.559999943,0.379999995,0.270000011,1.889999986,0,5,4,58,343,3789,1199
5848287,Amber,VIC,3.00999999,0.310000002,1.059999943,1.350000024,0,4,22,105,1309,3864,2536
6658796,Zoe,NT,8.430000305,2.619999886,1.679999948,4.039999962,0.07,38,42,196,916,11728,3429
1821052,Michael,VIC,5.699999809,0,0,5.690000057,0.01,0,0,448,992,8482,2063
3225300,Debra,QLD,5.440000057,1.110000014,1.870000005,2.460000038,0,17,36,154,1233,8367,1670
2855567,Kimberly,WA,1.350000024,0.209999993,0.360000014,0.769999981,0,36,18,87,1299,1882,2951
2534837,Denise,QLD,1.809999943,0,0,1.809999943,0,0,0,162,712,2915,1399
4338442,Karen,QLD,6.119999886,1.820000052,0.039999999,4.25,0,23,1,137,770,8064,1849
5926203,Stefanie,SA,9.819999695,6.460000038,0.430000007,2.930000067,0,60,10,183,1187,12422,2852
1423570,James,NSW,13.68999958,9.239999771,0.800000012,3.640000105,0,111,21,195,1113,18827,3213
3373139,Andrew,NSW,3.599999905,0,0,3.599999905,0,0,0,229,764,5439,1854
6221816,Elijah,NSW,2.200000048,0,0,2.200000048,0,0,0,196,787,3276,2113
3114792,David,NSW,4.809999943,0,0,4.800000191,0.01,0,0,258,1182,6361,2701
9441136,Elizabeth,QLD,3.329999924,0.839999974,0.090000004,2.380000114,0.02,15,3,274,1148,4880,1867
2873421,Anne,VIC,7.730000019,0,4.130000114,3.589999914,0,0,86,208,703,11550,1574
7925877,Katie,QLD,0.25,0,0,0.25,0,0,0,32,986,356,2151
6967106,Gary,NSW,1.429999948,0,0,1.429999948,0,0,0,95,1345,1969,1988
6118922,Catherine,QLD,28.03000069,21.92000008,4.190000057,1.909999967,0.02,186,63,171,1020,36019,2690
6122783,Danny,NSW,6.610000134,0,0,0,0,0,0,0,1440,8469,2894
6528983,Lori,WA,1.870000005,1.00999999,0.029999999,0.829999983,0,14,1,70,1355,2704,2411
1160775,Tami,TAS,3.539999962,0,0,3.539999962,0,0,0,266,641,5275,2281
8349369,Daniel,NSW,5.519999981,0.400000006,1.610000014,3.50999999,0,6,38,196,695,8221,2092
3667867,Anthony,NSW,5.940000057,1.139999986,0.790000021,4,0,31,12,225,1172,7851,3171
7655623,Larry,NSW,9,2.029999971,4,2.970000029,0,31,83,153,663,13459,1625
8686841,Erica,QLD,6.809999943,2.289999962,1.600000024,2.920000076,0,33,35,246,730,10602,1820
7978737,Susan,TAS,8.31000042,5.28000021,0.119999997,2.900000095,0,45,12,135,843,10988,2655
2344027,Randy,VIC,2.349999905,0,0,0,0,0,0,0,1440,3008,2439
5166500,Jennifer,QLD,6.760000229,2.74000001,0.850000024,3.160000086,0,57,36,152,761,10288,2754
8467048,Charles,NSW,2.460000038,0,0,2.460000038,0,0,0,153,603,3672,1792
8884479,Hannah,QLD,3.160000086,0,0,3.160000086,0,0,0,226,647,4832,1718
1497562,Courtney,QLD,3.980000019,0.850000024,0.649999976,2.470000029,0,38,32,181,759,5325,3088
5578238,Curtis,NSW,1.899999976,0,0,1.899999976,0,0,0,141,1299,2916,1435
5037776,Kendra,QLD,8.739999771,3.99000001,0.460000008,4.28000021,0,72,14,250,1104,12183,2752
5010912,Melissa,WA,4.329999924,0,0,4.329999924,0,0,0,300,1140,6424,1903
5511732,Caroline,QLD,8.289999962,6.260000229,0.150000006,1.879999995,0,60,3,117,1260,10520,2655
6562067,David,NSW,5.400000095,0,0,5.389999866,0.01,0,0,350,1090,7142,2905
6237196,Tonya,ACT,8.720000267,3.900000095,1.179999948,3.650000095,0,43,21,231,607,12342,2105
5885211,Kimberly,WA,25.29000092,13.23999977,1.210000038,10.71000004,0,94,29,429,888,29326,4547
7126319,Michael,VIC,8.340000153,3.309999943,0.769999981,4.260000229,0,42,14,227,1157,11875,2390
2600396,Ross,VIC,5.559999943,0,0,5.559999943,0,0,0,420,1020,8278,2015
4311149,Mitchell,VIC,8.739999771,2.369999886,0.07,6.269999981,0.01,113,8,218,1101,12986,3802
9511010,William,VIC,7.150000095,1.059999943,0.5,5.579999924,0,16,12,243,815,11181,1837
1575278,Melissa,WA,7.800000191,0.25,3.730000019,3.819999933,0,4,95,214,605,11663,1584
6187480,Lynn,WA,7.269999981,0.680000007,1.809999943,4.78000021,0,11,43,269,1011,10999,2198
2178049,Daniel,NSW,6.730000019,0,0,6.730000019,0,0,0,397,525,8915,2361
8136029,Cynthia,QLD,0.519999981,0,0,0.519999981,0,0,0,60,1053,838,1214
4464442,Maria,WA,1.480000019,0,0,1.480000019,0,0,0,120,1320,2237,1589
4314692,Jasmine,QLD,7.800000191,2.789999962,1.639999986,3.359999895,0,54,48,161,810,11584,2862
5719607,Ryan,VIC,2.309999943,0,0,2.309999943,0,0,0,135,1305,3292,1848
7285088,Jessica,QLD,5.880000114,1.409999967,0.100000001,4.360000134,0.01,11,2,322,1105,8199,1964
2110389,Tammy,TAS,9.649999619,4.610000134,0.560000002,4.480000019,0,56,22,261,1101,12862,2742
9416320,Joseph,NSW,5.269999981,3.480000019,0.870000005,0.730000019,0,42,30,47,1321,7091,2584
4912942,Lindsey,WA,1.409999967,0.129999995,0.239999995,1.049999952,0,2,5,49,551,1967,1032
9501424,Amanda,VIC,9.649999619,6.170000076,0.310000002,3.170000076,0,58,8,159,1215,12315,2794
8468810,Timothy,VIC,7.400000095,0,0,7.400000095,0,0,0,487,479,9799,2636
2635156,Ryan,VIC,12.22000027,1.200000048,5.119999886,5.880000114,0,15,95,281,542,15050,3538
9523838,Jessica,QLD,20.64999962,13.06999969,0.439999998,7.099999905,0,93,8,235,1104,23629,3808
6001045,Joseph,NSW,1.840000033,0,0,1.830000043,0.01,0,0,140,1300,2826,1402
5463418,Melissa,WA,2.680000067,0,0,0.899999976,0,0,0,65,1375,3430,2505
5345760,Mariah,WA,8.029999733,1.940000057,0.310000002,5.78000021,0,27,9,282,1122,11034,2525
8153768,Christopher,NSW,7.110000134,0.819999993,0.479999989,5.809999943,0,12,15,369,645,10762,2254
4251298,Nicole,SA,7.190000057,0.479999989,1.210000038,5.5,0,21,40,281,1098,10245,2611
5465150,John,NSW,8.529999733,3.539999962,1.159999967,3.789999962,0,48,28,189,782,13154,1898
9389012,Steven,VIC,7.380000114,1.820000052,1.49000001,4.070000172,0,22,30,191,890,9105,3013
8249903,Cheryl,QLD,1.549999952,0,0,1.549999952,0,0,0,150,1290,2390,1404
5897590,Nicholas,VIC,18.97999954,10.55000019,0.589999974,7.75,0.02,68,13,298,1061,21129,3793
7189573,Anthony,NSW,11.89999962,8.390000343,0.930000007,2.589999914,0,87,22,165,1166,15484,3023
2323483,Melissa,WA,1.350000024,0,0,1.350000024,0,0,0,72,1341,1664,2241
2722320,Hunter,NSW,5.099999905,0,0,5.090000153,0.01,0,0,324,1116,6744,2843
3332517,Jason,NSW,5.909999847,0.980000019,0.930000007,4,0,14,15,331,1080,8940,2116
4196340,Lauren,WA,5.679999828,0.330000013,1.080000043,4.260000229,0.01,5,20,248,1167,8452,1830
9551881,Matthew,VIC,2.599999905,0,0,2.599999905,0,0,0,141,758,3403,1879
6387408,Nicole,SA,2.289999962,0.059999999,0.419999987,1.809999943,0,1,10,127,1302,3404,1610
6692493,Jacqueline,QLD,6.579999924,3.529999971,0.319999993,2.730000019,0,44,8,203,574,10060,1740
9247752,Joshua,NSW,11.10000038,4.329999924,1.289999962,5.480000019,0,53,23,317,1047,15010,2933
2087341,Alejandro,NSW,17.54000092,9.449999809,2.769999981,5.329999924,0,120,56,260,508,22770,4022
7195200,Stacy,SA,0.25999999,0.039999999,0.050000001,0.159999996,0,3,8,19,1410,400,1799
6558956,Jennifer,QLD,2.420000076,0.230000004,0.200000003,1.99000001,0,3,5,152,1280,3588,1654
4031756,Tracy,VIC,7.409999847,2.150000095,0.620000005,4.619999886,0.01,17,7,202,1214,10536,1604
9934845,Hannah,QLD,3.980000019,0,0,3.869999886,0.039999999,0,0,206,774,5546,2926
5040479,Debbie,QLD,4.900000095,0,0.25,4.650000095,0,0,8,308,733,7303,2423
2186887,Laura,WA,3.910000086,2.950000048,0.200000003,0.75999999,0,28,4,39,839,4998,1505
9896761,Christopher,NSW,8.340000153,5.630000114,0.180000007,2.529999971,0,55,6,145,829,11107,2693
4334817,Jeffrey,NSW,1.529999971,0,0,1.529999971,0,0,0,153,749,2467,1370
3715514,Heather,QLD,3.460000038,1.929999948,0.99000001,0.540000021,0,29,16,33,1362,5234,1705
3658571,Kevin,NSW,7.130000114,5.599999905,0.189999998,1.340000033,0,41,4,82,1313,8905,1976
5834357,Bonnie,QLD,6.019999981,0.25999999,1.820000052,3.940000057,0,4,31,324,1081,9108,2131
8102173,Thomas,VIC,9.579999924,3.549999952,0.379999995,5.639999866,0,108,18,216,1098,15337,3566
5892472,Alyssa,VIC,7.159999847,5.429999828,0.140000001,1.590000033,0,40,2,154,1244,9033,2044
1481680,Ronald,VIC,11.77999973,7.650000095,2.150000095,1.980000019,0,210,65,141,425,15764,4392
6165679,Julie,QLD,20.39999962,12.22000027,0.340000004,7.820000172,0,85,7,312,1036,23186,3921
7180142,Mark,VIC,10.67000008,3.339999914,1.929999948,5.400000095,0,48,63,276,1053,15112,2897
6287118,Jacqueline,QLD,3.390000105,2.519999981,0.810000002,0.059999999,0,36,18,9,1377,4732,2225
2534026,John,NSW,5.900000095,0.680000007,0.180000007,5.03000021,0.01,8,3,249,1180,7802,2771
9704434,David,NSW,3.700000048,0.870000005,0.860000014,1.970000029,0,14,24,105,863,5162,2507
4467366,James,NSW,10.21000004,3.470000029,1.75,4.989999771,0,62,34,275,626,15448,2361
1327359,David,NSW,1.700000048,0,0.25999999,1.450000048,0,0,7,75,585,2573,1541
1317537,Amanda,VIC,3.75999999,0,0,3.75999999,0,0,0,266,1174,5583,1851
7953757,Kathleen,QLD,7.440000057,0.660000026,2.75,4,0.02,8,95,282,1055,9837,3327
1550222,Jacob,NSW,2.359999895,0,0,2.359999895,0,0,0,139,1301,3570,1645
5975026,Javier,NSW,7.730000019,0.370000005,0.389999986,6.980000019,0,7,12,272,853,10055,3069
8795134,Todd,VIC,7.829999924,1.370000005,0.689999998,5.769999981,0,20,16,249,704,10181,3015
3573619,Jenny,QLD,6.960000038,0.99000001,1.159999967,4.809999943,0,14,22,305,591,10524,2066
3453752,Tiffany,ACT,9.989999771,5.309999943,1.440000057,3.24000001,0,194,72,178,499,13368,4546
8265760,Alicia,VIC,10.86999989,4.480000019,1.019999981,5.360000134,0,58,31,330,1021,14510,2976
9639483,Craig,NSW,1.429999948,0,0,1.419999957,0,0,0,118,1322,2193,1368
5264694,Jeremy,NSW,7.019999981,0.589999974,0.579999983,5.849999905,0,8,13,313,1106,10429,2282
2296516,Alexis,NSW,4.070000172,0,0,4.070000172,0,0,0,345,530,6564,1658
4463351,Amanda,VIC,11,9.100000381,0.689999998,1.210000038,0,90,15,90,1245,13953,2859
2854971,Joshua,NSW,3.099999905,0,0,3.099999905,0,0,0,203,1155,4631,2076
2849396,Terri,ACT,6.679999828,1.960000038,0.479999989,4.239999771,0,28,12,205,818,10544,1786
3691276,Angela,VIC,6.809999943,3.480000019,0.660000026,2.660000086,0,66,26,139,737,10052,2754
3526954,Heidi,QLD,4.059999943,1.029999971,1.519999981,1.49000001,0.01,15,22,127,1276,6175,1554
7549546,David,NSW,2.559999943,0,0,2.539999962,0,0,0,215,756,3809,2150
9007407,Miranda,WA,5.449999809,0.790000021,0.860000014,3.789999962,0,11,16,206,678,8247,1944
8385034,Travis,VIC,5.260000229,0,0,5.239999771,0.02,0,0,376,1064,7711,1985
8063410,Monique,WA,3.940000057,0,0,3.940000057,0,0,0,310,714,6157,2780
9001482,Audrey,VIC,10.65999985,6.639999866,1.279999971,2.730000019,0,184,56,158,472,14269,4274
2072647,Taylor,VIC,5.53000021,0,0,5.53000021,0,0,0,318,517,7328,2250
6106563,Jack,NSW,0.01,0,0,0.01,0,0,0,1,1439,9,1843
9234679,Brett,NSW,7.579999924,1.860000014,0.400000006,5.320000172,0,26,9,295,623,11423,2194
6606594,Tim,VIC,6.630000114,0.99000001,0.340000004,5.269999981,0.02,16,8,371,1045,9715,2093
2950367,Lynn,WA,6.820000172,0.129999995,1.070000052,5.619999886,0,10,35,219,945,8863,2998
2601596,Charles,NSW,5.670000076,2.039999962,1.110000014,2.529999971,0,30,21,139,864,8585,2395
4791481,Crystal,QLD,4.210000038,0,0,4.179999828,0.029999999,0,0,287,1153,5565,2743
6123122,Brian,NSW,5.840000153,0.330000013,0.180000007,5.329999924,0,4,4,192,676,7359,3061
8757202,Edward,NSW,7.760000229,2.369999886,0.930000007,4.460000038,0,40,18,238,750,11886,2093
7348564,Anna,VIC,6.710000038,3.170000076,1.220000029,2.309999943,0,61,51,114,1136,9827,2743
5150276,Kevin,NSW,6.050000191,0.430000007,2.029999971,3.589999914,0,12,41,283,1062,9148,2223
6723601,Victoria,NT,1.450000048,0,0,1.450000048,0,0,0,108,1332,2091,2383
6279548,Kathy,QLD,2.339999914,0,0,2.339999914,0,0,0,121,780,2946,2660
3382357,Catherine,QLD,9.68999958,0,0,1.179999948,0,0,0,70,1370,12427,3266
8904069,Krystal,WA,9.270000458,3.019999981,1.679999948,4.460000038,0.100000001,35,31,282,637,13239,2194
3245131,Jeremiah,NSW,1.789999962,0.349999994,1.129999995,0.310000002,0,5,24,19,1392,2497,2067
5246049,Alexandra,VIC,0.079999998,0,0,0.029999999,0,0,0,3,1437,108,2011
9480473,Shannon,VIC,4.75,2.210000038,0.189999998,2.349999905,0,27,4,200,667,6910,2336
6455770,Scott,VIC,4.079999924,0,0,4.059999943,0,0,0,242,712,6093,1397
2072200,Michelle,WA,3.099999905,0,0,3.099999905,0,0,0,238,663,4993,1521
3906158,Veronica,NT,0.469999999,0,0,0.469999999,0,0,0,55,734,678,2220
2222869,Kevin,NSW,6.099999905,4.170000076,0.629999995,1.309999943,0,35,11,96,1298,8053,1935
4125354,Christine,QLD,8.680000305,0,0,8.680000305,0,0,0,512,468,11495,2651
5782883,Chelsea,QLD,2.619999886,1.159999967,0.300000012,1.159999967,0,16,8,94,1322,3790,2505
7501632,Jody,QLD,1.039999962,0,0,1.039999962,0,0,0,79,834,1619,1962
4982588,Stacey,SA,2.160000086,0,0,2.160000086,0,0,0,164,704,3490,1401
9083123,Jared,NSW,5.760000229,0,0,5.760000229,0,0,0,362,711,7623,2305
7160686,Jason,NSW,5.539999962,0.119999997,0.180000007,5.239999771,0,2,5,309,1124,8242,1882
1635605,Donna,QLD,5.559999943,0,0,5.550000191,0.01,0,0,373,1067,8275,1962
8479821,Eric,NSW,0.839999974,0,0,0.839999974,0,0,0,67,836,1251,1593
8413718,Charles,NSW,9.319999695,4.179999828,1.149999976,3.99000001,0,58,25,224,1133,13272,2544
1067661,Aaron,NSW,4.710000038,0,0,4.710000038,0,0,0,352,492,7604,1692
7859991,Shannon,VIC,14.38000011,9.890000343,1.25999999,3.230000019,0,107,38,178,576,17298,3934
8585153,Brittney,QLD,1.789999962,0,0,1.789999962,0,0,0,128,830,2661,1125
6914988,Kelly,NSW,6.730000019,0,0,6.730000019,0,0,0,299,837,8758,3066
7558221,Jesse,NSW,10.47999954,4.409999847,0.75999999,5.309999943,0,53,17,304,1066,14194,2812
2307506,Jasmine,QLD,10.23999977,4.099999905,1.75999999,4.369999886,0,64,50,261,1065,15299,2889
3901614,Jacqueline,QLD,12.85000038,7.510000229,0.920000017,4.420000076,0,90,18,161,593,16208,3763
3966422,Shawn,VIC,0.170000002,0,0,0.170000002,0,0,0,17,1423,244,2111
4708654,Grace,QLD,4.460000038,0,0,4.460000038,0,0,0,258,1182,5896,2703
8315436,Sandra,SA,6.46999979,0.579999983,1.070000052,4.829999924,0,8,26,287,669,9648,2235
6872354,Colleen,QLD,7.420000076,0,0,7.420000076,0,0,0,419,1021,11085,2667
3319049,Sarah,SA,3.50999999,0,0,3.50999999,0,0,0,245,1195,5205,1801
7292518,Ronald,VIC,4.329999924,0,0,4.329999924,0,0,0,255,1185,5731,2687
8587768,Amy,VIC,6.659999847,2.630000114,1.019999981,3.00999999,0,35,18,158,1229,8538,2883
4720464,Deborah,QLD,4.5,0,0,4.5,0,0,0,328,745,6815,1947
3192614,Rebekah,SA,8.069999695,2.299999952,0.899999976,4.849999905,0,30,15,258,685,12390,2730
1770173,Margaret,WA,6.460000038,0.150000006,2.049999952,4.269999981,0,2,44,206,1188,8286,2889
6642264,Charles,NSW,3.380000114,0,0,3.380000114,0,0,0,197,125,4477,1248
1467010,Gabriel,NSW,0.850000024,0,0,0.850000024,0,0,0,51,1389,1170,1886
2655016,Kyle,NSW,8.239999771,2.950000048,0.340000004,4.960000038,0,34,6,304,1096,11179,2668
5221038,Kaitlyn,QLD,0.02,0,0,0.02,0,0,0,3,1363,29,1464
9376430,Ashley,VIC,7.170000076,0.050000001,0.050000001,7.010000229,0.01,106,1,281,1052,13422,3934
4880993,Keith,NSW,9.029999733,0.239999995,1.25,7.539999962,0,3,24,335,556,11140,3328
3568103,David,NSW,5.320000172,0,0,5.320000172,0,0,0,331,1109,7910,1893
9469872,Haley,QLD,18.11000061,11.02000046,0.689999998,6.340000153,0,73,19,225,1123,19948,3679
9411883,Holly,QLD,7.840000153,0.529999971,0.790000021,6.53000021,0,8,18,256,858,10201,2954
7482532,Sherri,SA,3.460000038,0,0,3.460000038,0,0,0,252,1188,5232,1842
6952793,Troy,VIC,13.23999977,4.199999809,2,7.039999962,0,58,41,347,484,20031,2571
9961343,Christopher,NSW,1.029999971,0,0,1.029999971,0,0,0,76,1364,1532,1473
3000609,Bill,NSW,4.260000229,1.289999962,0.540000021,2.400000095,0,16,14,136,1257,6260,1854
3697143,Ryan,VIC,6.199999809,0,0,6.199999809,0,0,0,402,413,8206,2409
1421240,John,NSW,3.269999981,0.200000003,0.119999997,2.940000057,0,3,5,173,1225,4556,2785
1944789,Christopher,NSW,15.73999977,11.01000023,0.01,4.690000057,0,64,1,227,1148,16674,3455
3213573,Suzanne,TAS,2.00999999,0,0.280000001,1.74000001,0,0,10,139,744,3147,2188
9914501,Mary,WA,0.620000005,0,0,0.620000005,0,0,0,45,1395,924,1410
3255363,Barbara,VIC,8.409999847,5.269999981,0.150000006,2.970000029,0,59,6,153,745,11317,2772
6056861,Yvonne,NT,6.710000038,2.029999971,2.130000114,2.549999952,0,31,46,153,754,10035,1495
7436446,Emily,QLD,4.789999962,0,0,4.789999962,0,0,0,239,1201,6339,2682
5148887,Joseph,NSW,6.130000114,0.200000003,0.74000001,5.179999828,0,3,18,311,574,9129,2232
4668866,Billy,NSW,5.590000153,1.549999952,0.25,3.779999971,0,74,5,166,831,7045,3644
5612338,Katelyn,QLD,4.440000057,1.49000001,0.310000002,2.650000095,0,24,7,199,709,6722,1855
8082212,Denise,QLD,11.36999989,2.779999971,1.450000048,7.150000095,0,32,35,360,591,16901,2629
9202787,Sabrina,SA,5.800000191,0,0,5.769999981,0.029999999,0,0,363,1077,7671,2952
5989847,Howard,NSW,5.400000095,0,0,5.389999866,0.01,0,0,321,1119,7142,2839
9929285,Brenda,QLD,4.949999809,1.360000014,1.409999967,2.180000067,0,20,23,206,1191,7365,1780
8643603,Cynthia,QLD,0.419999987,0,0,0.409999996,0,0,0,21,721,590,1120
4094235,Travis,VIC,3.799999952,0,0,3.799999952,0,0,0,228,752,5664,1985
6986126,Christopher,NSW,4.849999905,0,0.49000001,4.340000153,0,0,11,283,1146,7192,1922
3859653,Michael,VIC,0.850000024,0,0,0.850000024,0,0,0,80,1360,1321,1928
1387952,Mathew,VIC,9.109999657,4.260000229,1.710000038,3.119999886,0,67,50,171,743,13566,2960
2030117,Elizabeth,QLD,6.110000134,2.25,1,2.859999895,0,34,22,232,622,9105,2499
3357821,Mark,VIC,5.880000114,0,0,5.849999905,0,0,0,263,718,7213,2947
6584263,Keith,NSW,26.71999931,21.65999985,0.079999998,4.929999828,0,124,4,223,1089,27745,4398
1244761,Sierra,SA,9.369999886,0,0,0,0,0,0,0,1440,12015,3212
9386180,Lisa,WA,3.619999886,0.649999976,0.270000011,2.690000057,0,8,6,102,433,4561,1976
1064323,Andrea,VIC,2.25999999,0,0,2.25999999,0,0,0,156,1279,2997,1902
2237715,Shawn,VIC,1.769999981,0,0,1.75999999,0,0,0,105,1335,2672,1632
9040979,Leonard,NSW,5.130000114,0,0,5.110000134,0.02,0,0,268,1172,6781,2725
1954480,Marcus,VIC,17.64999962,13.39999962,0.589999974,3.660000086,0,125,14,228,1073,22026,3589
7681134,Tara,ACT,6.380000114,1.059999943,0.409999996,4.900000095,0,23,9,227,724,9769,1996
1854016,Richard,VIC,4.590000153,0.330000013,0.360000014,3.910000086,0,10,20,301,749,7174,2896
6347417,Xavier,VIC,6.849999905,2.420000076,0.790000021,3.299999952,0,62,30,200,823,9172,3329
6809701,Vanessa,ACT,3.190000057,0.519999981,0.540000021,2.130000114,0.01,6,12,81,1341,4363,2463
9671370,Diane,QLD,3.480000019,0,0,3.470000029,0,0,0,247,1193,5161,1821
3883427,Amy,VIC,6.659999847,2.24000001,0.75999999,3.670000076,0,32,16,237,731,10081,2002
2416012,Robert,VIC,11.39999962,3.869999886,0.660000026,6.880000114,0,28,29,331,1052,15112,2782
1571650,Michael,VIC,3.49000001,0,0,3.49000001,0,0,0,176,1264,5370,1463
5476576,Katherine,QLD,3.769999981,0,0,3.769999981,0,0,0,288,521,5771,1831
9774533,Colleen,QLD,7.119999886,0.409999996,1.330000043,5.389999866,0,6,20,291,1123,10140,2296
5909047,James,NSW,4.300000191,0.899999976,0.49000001,2.910000086,0,11,10,139,711,5417,2884
7881289,Andrea,VIC,7.909999847,5.429999828,0.150000006,2.329999924,0,41,5,157,1237,10204,2112
8422212,Sara,SA,9.380000114,6.119999886,0.569999993,2.690000057,0,66,12,148,1214,12465,2765
8211179,David,NSW,2.539999962,0,0,2.539999962,0,0,0,176,527,3844,1725
9767500,Teresa,ACT,7.579999924,2.130000114,0.889999986,4.559999943,0,59,22,251,667,11611,2272
5199591,Chelsea,QLD,3.289999962,0,0,3.289999962,0,0,0,204,1236,4878,1742
9291923,Eric,NSW,9.420000076,7.019999981,0.639999986,1.75999999,0,108,23,111,733,12574,3501
4154240,Andrea,VIC,7.090000153,1.769999981,1.549999952,3.769999981,0,30,33,240,659,10725,2086
8796324,Andrea,VIC,3.140000105,0,0,3.130000114,0,0,0,226,1106,4676,2196
9112074,Christopher,NSW,8.329999924,2.789999962,0.639999986,4.909999847,0,46,15,270,709,12764,2169
3190222,Victoria,NT,1.690000057,0,0,1.690000057,0,0,0,93,599,2132,2572
3719269,Robin,SA,3.720000029,0,0,3.720000029,0,0,0,304,981,5992,1604
8235574,Steven,VIC,3.309999943,0,0,3.309999943,0,0,0,233,546,4935,1945
6672354,David,NSW,7.28000021,1.00999999,0.330000013,5.940000057,0,13,8,359,552,10817,2367
6205597,Marilyn,WA,6.519999981,2.890000105,1.389999986,2.230000019,0,57,40,128,757,9572,2735
6284958,Tyrone,VIC,11.35999966,9.090000153,0.419999987,1.850000024,0,96,10,115,1219,14810,2926
1786667,Jennifer,QLD,4.900000095,0,0,4.900000095,0,0,0,335,1105,7275,2003
2712503,William,VIC,8.159999847,2.710000038,0.409999996,5.039999962,0,36,10,221,773,12669,1863
4609736,Joshua,NSW,14.11999989,11.64000034,0.389999986,2.099999905,0,116,8,123,1193,18060,3186
7638155,Tina,ACT,6.789999962,0.889999986,0.159999996,5.739999771,0,66,3,214,764,8567,3783
2384418,John,NSW,7.110000134,0,0,7.110000134,0,0,0,458,417,9411,2576
1386594,Andrea,VIC,3.619999886,0.560000002,0.209999993,2.839999914,0,31,26,155,744,5813,2516
3869760,Patrick,VIC,7.630000114,1.379999995,0.629999995,5.599999905,0,25,16,270,781,11682,2105
2092501,Sandra,SA,10.10000038,0.930000007,0.939999998,8.229999542,0,16,22,424,978,15090,2939
6238331,William,VIC,3.680000067,0,0,3.680000067,0,0,0,217,837,5563,1756
9525631,Natasha,WA,3.039999962,0,0.479999989,2.559999943,0,0,12,217,1211,4597,1814
2135964,Michelle,WA,10.11999989,1.090000033,0.769999981,8.260000229,0,16,16,401,1007,15128,2836
3155748,Joshua,NSW,7.389999866,4.860000134,0.720000029,1.820000052,0,114,32,130,623,9893,3625
4925282,Kristy,WA,5.329999924,0.189999998,1.049999952,4.079999924,0,3,28,279,586,7937,2158
1873172,Robert,VIC,4.25,0.74000001,1.120000005,2.390000105,0,11,18,220,1191,6435,1889
9910852,Sarah,SA,1.789999962,0,0.200000003,1.600000024,0,0,5,115,1320,2759,1401
6655378,William,VIC,4.550000191,0,0,4.550000191,0,0,0,148,1292,7007,1411
5873594,Lori,WA,17.19000053,12.53999996,0.629999995,4.019999981,0,125,14,223,741,22359,3554
5063309,Justin,NSW,3.769999981,0,0,3.769999981,0,0,0,286,586,6088,1593
7941245,Kenneth,NSW,2.039999962,0,0,2.039999962,0,0,0,145,1295,2945,2499
8817304,Brenda,QLD,7.71999979,3.450000048,0.529999971,3.74000001,0,46,11,206,835,12022,1819
1829735,Yolanda,NT,10.35999966,5.300000191,0.879999995,4.179999828,0,120,19,154,737,13070,4092
8021862,Tracy,VIC,2.299999952,0,0,2.299999952,0,0,0,147,1293,3409,1632
9351245,Edgar,NSW,6.320000172,1.960000038,0.889999986,3.460000038,0,27,14,312,1087,9557,2098
6282591,Amanda,VIC,11.10999966,9.359999657,0.270000011,1.49000001,0,96,6,83,1255,14549,2867
8483058,Michael,VIC,4.46999979,0,0,4.369999886,0,0,0,160,1280,5974,2306
3562469,Andrea,VIC,5.610000134,0.779999971,0.800000012,4.03000021,0,13,23,311,1093,8314,1971
4086176,Amy,VIC,9.100000381,3.559999943,0.400000006,5.139999866,0,27,8,239,1017,11009,3274
6345854,Marc,VIC,3.019999981,0.059999999,0.810000002,2.150000095,0,1,19,176,709,4500,1886
5883680,Heidi,QLD,2.480000019,0,0,2.480000019,0,0,0,202,1238,3755,1722
5633078,Jesus,NSW,7.769999981,0.140000001,2.299999952,5.329999924,0,2,51,256,1131,10694,3199
3609089,Kimberly,QLD,2.630000114,0,0,2.630000114,0,0,0,231,783,3915,2181
3508749,Bradley,NSW,4.409999847,0,0,4.400000095,0.01,0,0,272,1168,5832,2718
1953959,Janet,QLD,17.39999962,12.14999962,0.180000007,5.03000021,0,82,13,214,1131,18785,3676
8905477,Lisa,WA,5.71999979,0.090000004,0.800000012,4.78000021,0,1,16,238,733,7047,2908
4369538,Paul,VIC,8.020000458,0.360000014,2.559999943,5.099999905,0,5,58,252,1125,11037,3226
1345266,Elizabeth,QLD,4.510000229,0.360000014,2.390000105,1.769999981,0,7,54,118,1261,6829,1909
5537358,Lori,WA,8.789999962,2.329999924,0.920000017,5.539999962,0,31,23,279,833,13755,1970
7867100,Tina,ACT,7.5,2.480000019,0.209999993,4.820000172,0,32,3,257,1148,10690,2312
6275034,Tyler,VIC,4.130000114,0,0,4.110000134,0.02,0,0,186,1254,6349,1467
8553974,Benjamin,NSW,6.820000172,0.469999999,1.889999986,4.460000038,0,7,29,293,1111,10319,2105
4177993,Brittany,QLD,2.069999933,0,0,2.049999952,0,0,0,197,653,3335,1431
8705092,Molly,WA,7.099999905,2.309999943,1.529999971,3.25,0,32,27,147,695,10677,2534
8583354,Morgan,WA,7.489999771,1.169999957,0.310000002,6.010000229,0,13,9,306,1112,10725,2124
4131209,Scott,VIC,11.51000023,8.850000381,0.449999988,2.210000038,0,93,9,130,1208,14990,2950
6813365,Alicia,VIC,1.370000005,0,0,1.340000033,0.02,0,0,96,1344,2100,1334
5057893,Stephen,VIC,9.590000153,3.319999933,1.74000001,4.53000021,0,47,41,258,594,14335,1710
6691276,Jennifer,QLD,1.809999943,0,0,1.799999952,0,0,0,90,1350,2817,1965
6397662,Robert,VIC,11.31000042,4.789999962,0.670000017,5.860000134,0,60,33,347,1000,15566,3096
2805468,Diana,QLD,13.34000015,4.309999943,1.370000005,7.670000076,0,51,24,379,986,18229,3055
4427975,Eric,NSW,5.110000134,0,0,5.110000134,0,0,0,268,720,7566,1431
7356228,Terrance,VIC,8.119999886,1.74000001,2.039999962,4.329999924,0,21,36,267,654,12109,2072
9514716,Tanya,TAS,15.07999992,5.449999809,4.099999905,5.53000021,0,66,72,268,968,22244,2670
6525633,Matthew,VIC,10.22000027,4.269999981,0.660000026,5.289999962,0,50,12,337,1041,13541,2830
3080154,Heather,QLD,4.179999828,0,0,4.179999828,0,0,0,290,797,6222,2363
3244702,Debra,QLD,3.359999895,0,0,3.359999895,0,0,0,244,1196,5002,2247
4377778,Melissa,WA,18.25,11.10000038,0.800000012,6.239999771,0.050000001,73,19,217,1131,20226,3710
6735193,Melissa,WA,1.799999952,0.670000017,0.779999971,0.340000004,0,11,16,20,1393,2718,1580
8726890,Michele,WA,6.650000095,3.109999895,0.02,3.50999999,0.01,47,1,305,1087,9685,2148
6897498,Norman,VIC,3.950000048,0,0,3.950000048,0,0,0,331,626,6375,1649
9357956,Levi,NSW,8.529999733,3.289999962,0.239999995,5,0,31,7,250,1152,11548,2489
9204298,Jennifer,QLD,3.369999886,0,0,3.369999886,0,0,0,237,436,5164,1747
9776957,Katherine,QLD,2.519999981,0,0,2.519999981,0,0,0,200,1240,3761,2051
6843493,Monique,WA,6.239999771,0,0.439999998,5.710000038,0,0,11,344,585,9261,2270
4386501,Barry,NSW,6.710000038,0.469999999,1.679999948,4.550000191,0,15,36,284,683,10147,2086
8395350,Casey,NSW,4.489999771,0,0,4.489999771,0,0,0,279,1161,6799,1922
5588334,Crystal,QLD,11.47000027,4.909999847,1.149999976,5.409999847,0,60,23,190,729,14461,3666
9464685,Samantha,SA,16.23999977,13.26000023,0.389999986,2.589999914,0,132,8,158,1142,20669,3410
5327819,Julie,QLD,3.220000029,0,0,3.220000029,0,0,0,195,628,4926,1693
8284953,Ryan,VIC,6.010000229,0,0.680000007,5.309999943,0,0,18,306,671,8954,2220
2255564,Corey,NSW,6.96999979,1.570000052,0.689999998,4.710000038,0,21,19,217,776,10735,1797
9514493,Cynthia,QLD,6.789999962,0.370000005,3.24000001,3.170000076,0,5,71,177,1106,8701,2804
9930264,Monique,WA,1.220000029,0,0,1.220000029,0,0,0,96,902,1868,1494
5424507,Scott,VIC,13.23999977,0.629999995,3.140000105,9.460000038,0,9,71,402,816,18213,3846
3792427,Heather,QLD,4.349999905,0,0,4.349999905,0,0,0,355,716,7018,1690
4357679,Rebecca,SA,0.980000019,0,0,0.970000029,0,0,0,96,1344,1510,1344
6748035,Brandon,NSW,12.47999954,9.220000267,0.310000002,2.950000048,0,90,7,191,1152,15929,3114
5390020,Laura,WA,5.28000021,0.07,0.419999987,4.789999962,0,1,8,256,944,6506,2896
3681719,Kelly,NSW,8.609999657,0.699999988,2.50999999,5.389999866,0,11,48,241,684,11193,3074
1890695,Nicholas,VIC,2.930000067,0,0,2.930000067,0,0,0,201,1239,4363,2149
1838761,Dustin,NSW,0.340000004,0,0.039999999,0.289999992,0,0,11,31,1350,475,2207
8367664,Amanda,VIC,0.970000029,0,0,0.949999988,0.01,0,0,49,713,1329,1276
9888923,Ashlee,VIC,8.579999924,1.75999999,4.110000134,2.710000038,0,14,88,178,680,12312,1618
6352825,Laura,WA,10.71000004,3.869999886,1.610000014,5.199999809,0,61,40,265,707,16358,2335
9887324,George,NSW,0.5,0.370000005,0,0.129999995,0,4,0,9,13,746,52
4321127,Christian,NSW,12.18999958,9.579999924,0.230000004,2.380000114,0,89,5,158,695,15108,3043
3559272,Monica,WA,4.96999979,0,0,4.96999979,0,0,0,319,1121,7379,1972
3276106,Christine,QLD,9.800000191,5.289999962,0.569999993,3.940000057,0,73,14,216,814,15355,2013
7960534,John,NSW,2.099999905,0,0,2.089999914,0,0,0,172,842,3077,1237
8374592,Roberta,SA,10.59000015,0,0.280000001,10.30000019,0,0,6,513,921,14019,2865
7575716,Douglas,NSW,1.549999952,0.07,0.330000013,1.120000005,0,1,9,58,824,2276,1632
3002324,Steven,VIC,6.300000191,1.50999999,0.119999997,4.659999847,0.01,22,5,378,1035,9202,2094
7262105,Jonathan,NSW,10.27999973,4.550000191,1.149999976,4.579999924,0,37,26,216,1161,13481,2529
7671318,Jonathan,NSW,6.239999771,1.559999943,0.49000001,4.199999809,0,19,10,167,680,7875,3110
1494592,Albert,NSW,10.67000008,5.460000038,0.819999993,4.369999886,0,67,15,188,1170,14055,3052
4578226,Linda,WA,4.570000172,0,0,4.570000172,0,0,0,240,1200,6047,2671
7149031,Rachel,SA,6.050000191,0.829999983,0.709999979,4.5,0,65,15,156,723,7626,3635
3427540,Erica,QLD,6.349999905,1.370000005,1.5,3.470000029,0,20,25,273,1122,9601,2094
2715630,Eric,NSW,7.429999828,0,0,7.400000095,0.01,102,6,300,1032,11200,3891
1318408,Scott,VIC,4.170000076,0,0,4.170000076,0,0,0,247,736,6307,1452
9856884,Michael,VIC,9.840000153,5.050000191,0.870000005,3.920000076,0,117,16,141,692,12405,4005
9900019,Briana,QLD,2.079999924,0,0,2.079999924,0,0,0,145,1295,3090,1630
4117172,Danielle,QLD,2.039999962,0.579999983,0.400000006,1.059999943,0,8,6,48,222,3121,741
7304680,Roger,VIC,7.190000057,0.219999999,3.309999943,3.660000086,0,3,72,182,1183,9217,2940
5235042,John,NSW,4,0.219999999,0.469999999,3.299999952,0,3,8,210,505,6083,1762
2898739,Megan,WA,7.539999962,0.829999983,2.390000105,4.320000172,0,13,42,238,689,11404,2039
2017433,James,NSW,1.580000043,0,0,1.580000043,0,0,0,150,728,2547,1373
9104010,Paul,VIC,9.619999886,6.309999943,0.200000003,3.099999905,0,68,5,185,1182,12685,2846
5661029,Timothy,VIC,3.609999895,0,0,3.609999895,0,0,0,215,722,5454,1740
4678086,John,NSW,3.289999962,1.24000001,0.439999998,1.610000014,0,19,7,127,1287,4978,1722
2581530,Ashley,VIC,3.74000001,0.569999993,1.210000038,1.960000038,0,8,24,142,548,5652,1718
3087258,Bailey,VIC,10.28999996,0.959999979,3.460000038,5.880000114,0,12,66,302,437,12692,3394
5856447,Victoria,NT,1.129999995,0,0,1.129999995,0,0,0,91,1349,1732,1328
9369066,Kenneth,NSW,3.390000105,0,0,3.390000105,0,0,0,318,1122,5135,1909
7857658,Tiffany,ACT,6.289999962,1.519999981,0.540000021,4.230000019,0,21,9,229,761,9632,1916
1996530,Dominique,QLD,4.440000057,0.529999971,0.479999989,3.440000057,0,7,10,166,1257,5697,2668
3601623,Joshua,NSW,6.53000021,2.869999886,0.970000029,2.670000076,0,58,59,153,762,9753,2846
7231219,Ashlee,VIC,3.619999886,0.079999998,0.280000001,3.25999999,0,1,7,249,508,5472,1882
5108997,Gina,QLD,9.659999847,3.730000019,1.049999952,4.880000114,0,50,24,254,816,15103,1990
4364695,Julie,QLD,6.230000019,0,0,6.21999979,0.01,0,0,402,1038,9135,2044
2045482,Brandon,NSW,3.00999999,0,0,3.00999999,0,0,0,236,762,4493,2203
6786265,Catherine,QLD,10.06999969,3.640000105,0.119999997,6.300000191,0,48,3,311,1078,14131,2770
6908635,Tyler,VIC,6.349999905,2.089999914,0.230000004,4.019999981,0.01,28,5,330,1077,9317,2021
8487345,Rebecca,SA,2.059999943,0,0,2.059999943,0,0,0,182,1062,3325,1419
1570451,Justin,NSW,3.180000067,0,0,3.180000067,0,0,0,194,724,4744,1884
9408424,Lauren,WA,3.480000019,1.039999962,0.629999995,1.799999952,0,16,16,130,1278,5151,1829
1967344,Catherine,QLD,8.449999809,0.059999999,0.629999995,3.880000114,0,1,14,150,1275,10993,3092
3412149,Michael,VIC,5.179999828,1.019999981,1.850000024,2.309999943,0,15,29,197,1096,7833,1918
6398869,Dana,QLD,10.07999992,0.769999981,5.599999905,3.549999952,0,8,122,151,1159,14687,1667
4352252,Christine,QLD,13.35000038,10.43000031,0.469999999,2.450000048,0,95,12,156,1177,16433,3140
4732839,Erica,QLD,4.590000153,0.889999986,0.189999998,3.49000001,0.02,14,7,292,1127,6731,1921
5327858,Courtney,QLD,2.799999952,0,0,0,0,0,0,0,1440,3588,2516
8433533,Rebecca,SA,0.129999995,0,0,0.129999995,0,0,0,10,1430,197,1366
9652831,Debbie,QLD,4.199999809,0,0,4.150000095,0,0,0,263,775,5862,3089
6984684,Kyle,NSW,9.720000267,3.25999999,0.790000021,5.670000076,0.01,41,17,243,1139,13372,3404
3694287,Scott,VIC,5.03000021,2.619999886,0.029999999,2.380000114,0,32,1,194,839,7243,2361
7511634,Bethany,VIC,7.619999886,0.449999988,4.21999979,2.950000048,0,7,95,170,797,11388,1551
5621056,Jessica,QLD,5.320000172,0,0,5.320000172,0,0,0,330,569,8580,1698
9976973,Christopher,NSW,2.549999952,0.119999997,0.239999995,2.180000067,0,2,6,185,734,3800,2120
2305585,Julie,QLD,7.239999771,0,0,7.239999771,0,0,0,461,479,9592,2560
5092097,Gregory,NSW,9.710000038,3.210000038,0.569999993,5.920000076,0,41,15,277,798,14727,2004
3659440,David,NSW,8.539999962,1.200000048,2,5.340000153,0,18,39,313,655,12912,2162
4943645,Amber,VIC,0.889999986,0,0,0.879999995,0.01,0,0,38,1402,1223,2140
7094467,Alyssa,VIC,1.700000048,0,0.349999994,1.340000033,0,0,8,160,1272,2524,1529
6517366,Robin,SA,7.349999905,0.529999971,2.029999971,4.75,0,7,44,238,1151,9423,3012
4448678,Maria,WA,7.380000114,0.629999995,1.669999957,5.090000153,0,12,39,199,896,9603,2899
6211593,Jonathan,NSW,3.549999952,0,0,3.549999952,0,0,0,220,1220,5372,1827