Activity ID,Activity Type,Begin Timestamp,End Timestamp,Max. Elevation (Raw),Min. Elevation (Raw),Elevation Gain (Raw),Elevation Loss (Raw),Average Heart Rate (bpm),Max. Heart Rate (bpm).1,Average Moving Speed,Average Speed,Max. Speed,Distance (Raw),Duration (h:m:s),Moving Duration (h:m:s),Calories,Device,Begin Latitude (Decimal Degrees Raw),Begin Longitude (Decimal Degrees Raw),End Latitude (Decimal Degrees Raw),End Longitude (Decimal Degrees Raw),Temperature (Raw),Wind Speed (Raw),Wind Direction,Humidity (Raw),Condition,Rainfall,dow,hour_of_day,is_weekend,duration_s,pace_s_per_km,elev_gain_per_km,net_elev_change,start_end_dist_km,heat_index
2284658991,Running,2017-11-04 12:07:00,4/11/2017 13:06,472.6,472.6,315.0,314.0,182,113,6:47,6:47,4:55,8.66881,0:59:03,0:58:50,753,Vivoactive HR 4.0.0.0,48.01917837,7.856356334,48.01936948,7.855830872,13.9,11,S,77,fair,no,5,12,True,3543,408.7066160176541,36.33716738514283,1.0,0.04448563213890467,8.609000000000002
2284658936,Running,2017-11-03 09:47:00,3/11/2017 10:35,473.2,473.2,245.0,244.0,177,100,6:18,6:18,4:33,7.62835,0:48:00,0:48:02,626,Vivoactive HR 4.0.0.0,48.01785914,7.881881241,48.01941046,7.855921565,11.1,3,N,100,fair,no,4,9,False,2880,377.53904841807207,32.1170371050096,1.0,1.938494335474594,6.609999999999997
2228102647,Running,2017-10-25 16:31:00,25/10/2017 17:11,278.8,278.8,208.0,272.0,179,95,5:52,5:52,4:29,6.60755,0:39:18,0:38:44,528,Vivoactive HR 4.0.0.0,48.01839575,7.880602246,48.0193295,7.85592081,20.0,6,SSW,60,fair,no,2,16,False,2358,356.8644959175489,31.479141285347822,-64.0,1.838658165116275,14.520000000000003
2104984694,Running,2017-10-13 11:53:00,13/10/2017 12:41,471.6,471.6,246.0,244.0,180,109,6:11,6:11,4:27,7.75709,0:48:10,0:47:57,661,Vivoactive HR 4.0.0.0,48.01919396,7.856333787,48.01931215,7.855894491,17.2,5,SSO,72,fair,no,4,11,False,2890,372.56239130911206,31.712923274062828,2.0,0.03521718554976596,12.004000000000005
2084195352,Running,2017-10-02 14:51:00,2/10/2017 15:38,494.6,494.6,246.0,240.0,174,110,6:01,6:01,4:19,7.81321,0:47:40,0:47:04,619,Vivoactive HR 4.0.0.0,48.01911618,7.857145155,48.01937132,7.856066404,17.8,19,SW,77,mostly cloudy,no,0,14,False,2860,366.0467336728438,31.485138630601252,6.0,0.0851015029955204,12.898999999999997
2021230223,Running,2017-09-30 16:03:00,30/09/2017 16:51,481.6,481.6,239.0,249.0,176,101,5:59,5:59,4:31,7.90049,0:47:23,0:47:20,638,Vivoactive HR 4.0.0.0,48.01913797,7.856386928,48.01940686,7.855956601,20.0,14,NNW,64,mostly cloudy,no,5,16,True,2843,359.85109784329836,30.251288211237533,-10.0,0.04379897308983052,14.708000000000002
2006998728,Running,2017-09-27 12:29:00,27/09/2017 13:34,475.0,475.0,252.0,248.0,170,99,7:00,7:00,4:55,9.27718,1:04:57,1:04:53,821,Vivoactive HR 4.0.0.0,48.02231287,7.86245727,48.01916714,7.857074328,17.2,3,N,83,mostly clear,no,2,12,False,3897,420.06299328028564,27.163426817200918,4.0,0.5316327799823004,12.521000000000004
2006998614,Running,2017-09-22 15:36:00,22/09/2017 16:13,458.2,458.2,209.0,207.0,177,100,5:53,5:53,4:22,6.34478,0:37:38,0:37:22,515,Vivoactive HR 4.0.0.0,48.0193072,7.85659899,48.01940493,7.856179057,21.1,5,NNO,49,fair,no,4,15,False,2258,355.883103905888,32.940464444787686,2.0,0.033069472257041835,15.213000000000001
1988390950,Running,2017-09-16 12:33:00,16/09/2017 14:04,677.6,677.6,525.0,518.0,170,92,6:34,6:34,4:53,13.3789,1:30:22,1:27:56,"1,102",Vivoactive HR 4.0.0.0,48.00809657,7.89999688,48.01947584,7.856103955,13.9,16,NW,63,showers,yes,5,12,True,5422,405.2650068391273,39.240894243921396,7.0,3.5015448018700965,7.951000000000002
1971778346,Running,2017-09-10 13:45:00,10/9/2017 14:54,464.2,464.2,319.0,320.0,174,123,6:16,6:16,4:12,10.85331,1:08:37,1:07:58,941,Vivoactive HR 4.0.0.0,48.01607748,7.87986313,48.0194015,7.855888456,18.9,10,SSW,56,fair,no,6,13,True,4117,379.331282346123,29.39195508098451,-1.0,1.82109973504952,13.122000000000002
1959936581,Running,2017-09-05 15:32:00,5/9/2017 16:17,438.0,438.0,197.0,197.0,176,86,6:45,6:45,4:31,6.49227,0:44:22,0:43:50,668,Vivoactive HR 4.0.0.0,48.0203924,7.876742212,48.01947987,7.855915111,26.1,11,SSW,48,fair,no,1,15,False,2662,410.02607716561386,30.343778062218604,0.0,1.5523390092466673,20.666
1959936521,Running,2017-09-03 08:54:00,3/9/2017 9:33,448.4,448.4,218.0,214.0,170,92,7:35,7:35,4:27,5.16138,0:39:11,0:39:07,573,Vivoactive HR 4.0.0.0,48.01868803,7.858128436,48.01942136,7.855924163,11.1,6,SSW,87,mostly cloudy,no,6,8,True,2351,455.4983357164169,42.23676613618838,4.0,0.18310510053993187,5.998999999999997
1959936468,Running,2017-08-31 16:22:00,31/08/2017 17:00,463.2,463.2,212.0,207.0,173,96,5:49,5:49,3:41,6.29003,0:37:49,0:36:37,562,Vivoactive HR 4.0.0.0,48.01926822,7.856926974,48.01941264,7.855991051,17.2,8,WNW,83,mostly cloudy,no,3,16,False,2269,360.72959906391543,33.704131776795975,5.0,0.07143857068517254,12.521000000000004
1947513013,Running,2017-08-24 16:46:00,24/08/2017 17:16,194.0,194.0,3.0,3.0,135,75,5:29,5:29,4:53,5.4634,0:30:00,0:30:00,304,Vivoactive HR 3.90.0.0,48.01525472,7.534499969,48.01678249,7.535735797,23.9,11,S,50,showers,yes,3,16,False,1800,329.465168210272,0.5491086136837866,0.0,0.19315523189756126,18.340000000000003
1947512990,Running,2017-08-22 10:49:00,22/08/2017 11:47,201.6,201.6,28.0,25.0,168,129,5:21,5:21,4:21,10.76584,0:57:35,0:57:35,768,Vivoactive HR 3.90.0.0,48.01659582,7.535675867,48.0168192,7.535828585,21.1,5,N,56,fair,no,1,10,False,3455,320.92247330445184,2.600818886403662,3.0,0.0273128574118313,15.542
1947512894,Running,2017-08-21 17:25:00,21/08/2017 17:44,196.4,196.4,9.0,5.0,169,100,4:50,4:50,4:06,3.44782,0:18:16,0:16:40,226,Vivoactive HR 3.90.0.0,48.0163369,7.535798578,48.01680537,7.535721129,22.8,5,NNW,38,fair,no,0,17,False,1096,317.88202400357324,2.6103450876205834,4.0,0.052409047268912795,16.566
1947512877,Running,2017-08-20 11:05:00,20/08/2017 11:47,202.8,202.8,4.0,4.0,174,102,5:03,5:03,4:15,8.23837,0:41:33,0:41:33,583,Vivoactive HR 3.90.0.0,48.01652449,7.535583749,48.01675139,7.535779886,18.9,3,N,56,fair,no,6,11,True,2493,302.60840433241043,0.4855329391615089,0.0,0.029144266917575046,13.122000000000002
1947512848,Running,2017-08-19 13:01:00,19/08/2017 13:22,203.2,203.2,3.0,3.0,166,83,4:51,4:51,4:14,4.1574,0:20:11,0:20:11,257,Vivoactive HR 3.90.0.0,48.01659255,7.535720374,48.0167099,7.53575759,21.1,16,WNW,53,partly cloudy,no,5,13,True,1211,291.28782412084473,0.7216048491845866,0.0,0.01333910485592167,15.401
1921139538,Running,2017-08-16 12:47:00,16/08/2017 13:25,452.0,452.0,207.0,208.0,172,79,6:03,6:03,4:01,6.12939,0:38:34,0:37:03,498,Vivoactive HR 3.90.0.0,48.01925691,7.856211495,48.01943494,7.855959702,25.0,5,N,61,mostly clear,no,2,12,False,2314,377.525332863466,33.77171300896174,-1.0,0.027250633039529855,20.067
1918988582,Running,2017-08-14 13:30:00,14/08/2017 14:19,278.4,278.4,242.0,237.0,175,95,6:31,6:30,5:02,7.59412,0:49:25,0:49:27,678,Vivoactive HR 3.90.0.0,48.02137434,7.861949243,48.01933922,7.856165562,25.0,3,NNW,65,mostly clear,no,0,13,False,2965,390.4336512986363,31.866760072266437,5.0,0.48605142911133636,20.255
1918988551,Running,2017-08-09 16:22:00,9/8/2017 16:59,439.8,439.8,212.0,216.0,166,95,6:00,6:00,4:08,6.14427,0:36:50,0:36:50,464,Vivoactive HR 3.90.0.0,48.01913789,7.856424982,48.01934374,7.855903963,22.8,6,N,47,fair,no,2,16,False,2210,359.68471437615864,34.50369205780345,-4.0,0.04500665630344297,16.988999999999997
1899798162,Running,2017-08-06 10:45:00,6/8/2017 12:23,730.4,730.4,581.0,577.0,171,101,6:49,6:49,4:20,13.99796,1:37:43,1:35:25,"1,263",Vivoactive HR 3.90.0.0,48.0192616,7.856520368,48.01958112,7.855855348,22.2,10,NNO,61,fair,no,6,10,True,5863,418.8467462401664,41.50604802414066,4.0,0.060899483707953915,16.987000000000005
1899798059,Running,2017-08-05 11:21:00,5/8/2017 12:00,443.4,443.4,209.0,206.0,168,95,5:57,5:57,4:13,6.44058,0:38:43,0:38:19,542,Vivoactive HR 3.90.0.0,48.01911509,7.856477536,48.01936168,7.855915446,23.9,16,S,65,cloudy,no,5,11,True,2323,360.6818019495139,32.4504935890867,3.0,0.04999582587598469,19.045
1893310601,Running,2017-08-03 10:48:00,3/8/2017 11:44,278.4,278.4,304.0,301.0,177,90,6:19,6:19,4:41,8.93656,0:56:49,0:56:24,833,Vivoactive HR 3.90.0.0,48.0250794,7.86842024,48.01941021,7.855739929,25.0,3,SSO,83,fair,no,3,10,False,3409,381.4666941194375,34.01756380531211,3.0,1.1343473802594932,21.101
1893310544,Running,2017-07-30 09:12:00,30/07/2017 9:49,451.0,451.0,204.0,197.0,175,98,6:11,6:11,4:31,6.08745,0:37:39,0:37:39,587,Vivoactive HR 3.90.0.0,48.02048318,7.861457393,48.01858569,7.859941106,25.0,11,S,61,fair,no,6,9,True,2259,371.0913436660671,33.511568883522656,7.0,0.23923943969698697,20.067
1893310490,Running,2017-07-27 13:33:00,27/07/2017 14:22,483.2,483.2,245.0,240.0,172,97,6:32,6:32,3:50,7.34084,0:48:18,0:47:56,767,Vivoactive HR 3.90.0.0,48.01926764,7.856342001,48.01956302,7.856167573,22.8,14,SSW,65,mostly cloudy,no,3,13,False,2898,394.77770936296116,33.3749271200571,5.0,0.03531406430085193,17.834999999999997
1842521418,Running,2017-07-08 10:04:00,8/7/2017 10:43,733.8,733.8,12.0,467.0,169,143,14:11,14:14,5:07,2.71353,0:39:30,0:38:29,405,Vivoactive HR 3.90.0.0,48.00991503,7.90149699,48.01929982,7.855860461,28.9,8,SSO,52,mostly clear,no,5,10,True,2370,873.4010679815591,4.422283888514223,-455.0,3.5513547070871887,23.934
1842521384,Running,2017-07-08 09:13:00,8/7/2017 10:02,717.4,717.4,493.0,31.0,180,87,9:56,9:56,5:16,5.00269,0:49:44,0:49:43,596,Vivoactive HR 3.90.0.0,48.02101233,7.872846471,48.00965519,7.901399676,25.0,5,N,69,fair,no,5,9,True,2984,596.4790942472949,98.54698172383257,462.0,2.4709307091079458,20.442999999999998
1842521288,Running,2017-07-02 10:45:00,2/7/2017 11:25,444.2,444.2,210.0,208.0,168,101,6:20,6:20,4:51,6.3264,0:40:08,0:40:04,435,Vivoactive HR 3.90.0.0,48.02105977,7.873912482,48.01939982,7.855952913,17.2,10,S,100,mostly cloudy,no,6,10,True,2408,380.62721294891253,33.19423368740516,2.0,1.3484309981109137,13.320000000000004
1842521154,Running,2017-06-25 11:00:00,25/06/2017 13:00,756.6,756.6,622.0,624.0,169,84,7:02,7:02,4:44,16.45148,2:00:11,1:55:40,"1,198",Vivoactive HR 3.90.0.0,48.02211019,7.862421395,48.01939731,7.856044527,25.0,14,SSW,47,partly cloudy,no,6,11,True,7211,438.31922720630604,37.80814856778843,-2.0,0.5620790403061766,19.409
1842521034,Running,2017-06-22 16:24:00,22/06/2017 17:08,236.0,236.0,190.0,186.0,173,90,6:39,6:39,5:04,6.6148,0:43:59,0:43:58,506,Vivoactive HR 3.90.0.0,48.0240957,7.86697939,48.01938247,7.855965821,32.8,8,SSW,34,mostly clear,no,3,16,False,2639,398.9538610388825,28.72346858559594,4.0,0.9724219507816664,27.377999999999997
1842520960,Running,2017-06-18 13:55:00,18/06/2017 15:14,658.0,658.0,449.0,421.0,171,95,8:48,8:49,4:50,8.78442,1:19:29,1:17:20,816,Vivoactive HR 3.90.0.0,48.01938197,7.856737208,48.01936663,7.85591796,26.1,18,NNO,45,fair,no,6,13,True,4769,542.8929855357553,51.11322090701491,28.0,0.060956244910091835,20.525
1842520903,Running,2017-06-17 15:57:00,17/06/2017 16:52,554.2,554.2,208.0,209.0,170,81,6:09,6:10,4:21,8.78426,0:54:22,0:54:04,606,Vivoactive HR 3.90.0.0,48.2618436,7.984674638,48.26172139,7.984624598,22.2,13,NNO,50,fair,no,5,15,True,3262,371.34602117879024,23.678716249291348,-1.0,0.014084953329752181,16.470000000000006
1799215511,Running,2017-06-15 08:56:00,15/06/2017 9:57,469.8,469.8,248.0,247.0,178,99,6:21,6:21,4:56,9.61486,1:01:21,1:01:08,729,Vivoactive HR 3.90.0.0,48.02492123,7.826711769,48.02500274,7.819511624,21.1,3,WSW,73,fair,no,3,8,False,3681,382.8448880170902,25.793407288301648,1.0,0.5355365129581889,16.341
1799215435,Running,2017-06-13 17:42:00,13/06/2017 18:21,393.0,393.0,206.0,201.0,178,84,5:55,5:55,4:31,6.50838,0:39:01,0:38:32,470,Vivoactive HR 3.90.0.0,48.02492123,7.826711769,48.02500274,7.819511624,23.9,13,N,41,fair,no,1,17,False,2341,359.6901225804271,31.65150160254933,5.0,0.5355365129581889,17.917
1784822950,Running,2017-06-05 10:20:00,5/6/2017 10:56,454.6,454.6,225.0,220.0,169,84,6:32,6:32,4:33,5.56657,0:36:22,0:36:22,411,Vivoactive HR 3.80.0.0,48.02492123,7.826711769,48.02500274,7.819511624,15.0,5,N,82,fair,no,0,10,False,2182,391.98285479208926,40.41986357846933,5.0,0.5355365129581889,10.054000000000002
1779110201,Running,2017-06-04 12:42:00,4/6/2017 13:48,479.4,479.4,322.0,329.0,178,108,6:07,6:07,4:37,10.81228,1:06:36,1:06:09,806,Vivoactive HR 3.80.0.0,48.02492123,7.826711769,48.02500274,7.819511624,18.9,16,W ,56,fair,no,6,12,True,3996,369.57977410869864,29.78095276851876,-7.0,0.5355365129581889,13.122000000000002
1779110134,Running,2017-05-27 16:00:00,27/05/2017 16:55,468.6,468.6,250.0,248.0,181,99,6:19,6:20,5:13,8.79686,0:55:38,0:55:38,737,Vivoactive HR 3.80.0.0,48.02492123,7.826711769,48.02500274,7.819511624,31.1,5,OSO,26,fair,no,5,16,True,3338,379.4535777538803,28.419231407570425,2.0,0.5355365129581889,25.132
1743753909,Running,2017-05-20 11:47:00,20/05/2017 12:46,255.4,255.4,256.0,256.0,167,88,5:46,5:46,4:26,10.29699,0:59:31,0:59:19,698,Vivoactive HR 3.80.0.0,48.02492123,7.826711769,48.02500274,7.819511624,13.9,13,S,72,cloudy,no,5,11,True,3571,346.8003756437561,24.86163432226311,0.0,0.5355365129581889,8.374000000000002
1743753847,Running,2017-05-16 14:35:00,16/05/2017 15:12,449.2,449.2,216.0,210.0,183,112,6:29,6:29,4:23,5.52827,0:36:40,0:35:51,477,Vivoactive HR 3.80.0.0,48.02492123,7.826711769,48.02500274,7.819511624,25.0,11,NW,47,fair,no,1,14,False,2200,397.95451379907274,39.071897718454416,6.0,0.5355365129581889,19.409
1743753793,Running,2017-05-14 15:30:00,14/05/2017 16:30,481.4,481.4,254.0,256.0,176,107,5:57,5:58,4:10,10.10208,1:00:41,1:00:03,761,Vivoactive HR 3.80.0.0,48.02492123,7.826711769,48.02500274,7.819511624,20.0,16,W ,64,thunderstorm,yes,6,15,True,3641,360.4208242262979,25.14333681776426,-2.0,0.5355365129581889,14.708000000000002
1725657081,Running,2017-05-10 16:35:00,10/5/2017 17:16,441.0,441.0,202.0,196.0,172,88,5:56,5:57,3:53,6.84644,0:41:51,0:40:40,508,Vivoactive HR 3.80.0.0,48.02492123,7.826711769,48.02500274,7.819511624,18.9,6,NNO,43,fair,no,2,16,False,2511,366.7599511570977,29.504384760547087,6.0,0.5355365129581889,12.511000000000003
1719319574,Running,2017-05-07 10:31:00,7/5/2017 11:06,290.0,290.0,83.0,88.0,174,103,5:12,5:12,4:34,6.71703,0:34:52,0:34:53,438,Vivoactive HR 3.50.0.0,48.02492123,7.826711769,48.02500274,7.819511624,12.2,16,S,100,mostly cloudy,no,6,10,True,2092,311.44717233658326,12.356651674921803,-5.0,0.5355365129581889,7.820000000000005
1719319514,Running,2017-05-05 16:04:00,5/5/2017 16:52,485.4,485.4,253.0,239.0,181,91,6:03,6:04,3:33,7.78938,0:48:18,0:47:07,623,Vivoactive HR 3.50.0.0,48.02492123,7.826711769,48.02500274,7.819511624,17.8,11,NNO,52,mostly clear,no,4,16,False,2898,372.04501513599286,32.480120369015246,14.0,0.5355365129581889,11.723999999999997
1719319455,Running,2017-05-04 13:56:00,4/5/2017 14:17,508.2,508.2,60.0,57.0,171,81,5:25,5:25,4:34,3.76345,0:20:33,0:20:23,256,Vivoactive HR 3.50.0.0,48.02492123,7.826711769,48.02500274,7.819511624,12.2,3,N,88,light rain,yes,3,13,False,1233,327.6249186251976,15.942818424583825,3.0,0.5355365129581889,7.256000000000005
1712125427,Running,2017-04-30 11:29:00,30/04/2017 11:54,222.8,222.8,11.0,6.0,179,74,4:52,4:54,4:27,5.21374,0:25:31,0:25:25,339,Vivoactive HR 3.50.0.0,48.02492123,7.826711769,48.02500274,7.819511624,11.1,27,OSO,50,fair,no,6,11,True,1531,293.64717074499305,2.1098098485923735,5.0,0.5355365129581889,4.259999999999996
1712125369,Running,2017-04-25 06:00:00,25/04/2017 6:40,159.8,159.8,21.0,21.0,170,88,5:31,5:31,4:40,6.80645,0:40:09,0:37:31,441,Vivoactive HR 3.50.0.0,48.02492123,7.826711769,48.02500274,7.819511624,6.1,10,SO,93,fair,no,1,6,False,2409,353.92899382203643,3.0853087879878647,0.0,0.5355365129581889,0.780999999999997
1712125334,Running,2017-04-24 06:10:00,24/04/2017 7:07,257.2,257.2,23.0,25.0,171,96,6:04,6:04,4:52,8.86663,0:57:01,0:53:49,638,Vivoactive HR 3.50.0.0,48.02492123,7.826711769,48.02500274,7.819511624,2.8,8,W ,70,fair,no,0,6,False,3421,385.8286632012388,2.5939956894558582,-2.0,0.5355365129581889,-3.929999999999999
1689746438,Running,2017-04-21 12:04:00,21/04/2017 13:04,499.0,499.0,269.0,266.0,178,84,5:41,5:42,4:29,10.43221,0:59:59,0:59:22,756,Vivoactive HR 3.50.0.0,48.02492123,7.826711769,48.02500274,7.819511624,11.1,5,N,32,fair,no,4,12,False,3599,344.9892208841655,25.785523872698114,3.0,0.5355365129581889,3.4139999999999966
1676415824,Running,2017-04-14 11:22:00,14/04/2017 12:26,470.96,470.96,263.31,264.65,173,101,5:59,5:59,4:43,10.52496,1:03:06,1:02:56,749,Vivoactive HR 3.50.0.0,48.02492123,7.826711769,48.02500274,7.819511624,12.2,8,W ,54,fair,no,4,11,False,3786,359.7163314634925,25.017672276189174,-1.339999999999975,0.5355365129581889,5.658000000000005
1670817367,Running,2017-04-11 11:36:00,11/4/2017 12:40,457.2,457.2,268.0,289.0,175,93,6:00,6:00,4:12,10.61645,1:04:07,1:03:47,771,Vivoactive HR 3.40.0.0,48.02492123,7.826711769,48.02500274,7.819511624,10.0,13,NNO,62,fair,no,1,11,False,3847,362.36218321567003,25.243843280946077,-21.0,0.5355365129581889,3.614000000000003
1670817325,Running,2017-04-08 13:14:00,8/4/2017 14:09,442.6,442.6,212.0,211.0,179,103,5:53,5:52,4:35,9.28729,0:55:07,0:54:34,679,Vivoactive HR 3.40.0.0,48.02492123,7.826711769,48.02500274,7.819511624,17.2,8,NO,52,fair,no,5,13,True,3307,356.0780378345028,22.82689568216347,1.0,0.5355365129581889,11.064000000000004
1653272214,Running,2017-03-30 15:28:00,30/03/2017 16:10,440.6,440.6,202.0,196.0,176,105,8:29,8:28,4:19,4.84635,0:41:40,0:41:05,490,Vivoactive HR 3.40.0.0,48.02492123,7.826711769,48.02500274,7.819511624,20.0,6,W ,40,fair,no,3,15,False,2500,515.8521361436957,41.68085260041062,6.0,0.5355365129581889,13.580000000000002
1653272163,Running,2017-03-28 13:58:00,28/03/2017 14:47,450.0,450.0,229.0,227.0,177,95,6:19,6:19,4:21,7.67761,0:48:36,0:48:33,594,Vivoactive HR 3.40.0.0,48.02492123,7.826711769,48.02500274,7.819511624,20.0,10,S,37,fair,no,1,13,False,2916,379.80569474094153,29.82699043061578,2.0,0.5355365129581889,13.439000000000004
1638513069,Running,2017-03-25 09:44:00,25/03/2017 10:27,449.4,449.4,210.0,202.0,170,93,6:11,6:11,4:47,6.84421,0:42:39,0:42:19,497,Vivoactive HR 3.40.0.0,48.02492123,7.826711769,48.02500274,7.819511624,7.8,16,NNO,87,fair,no,5,9,True,2559,373.8926771680004,30.682869169706947,8.0,0.5355365129581889,2.3690000000000015
1637422532,Running,2017-03-23 16:29:00,23/03/2017 17:12,445.8,445.8,198.0,198.0,173,94,6:04,6:04,4:57,6.99701,0:42:39,0:42:25,515,Vivoactive HR 3.40.0.0,48.01673345,7.884099763,48.01942924,7.855951069,17.2,21,NNO,55,mostly clear,no,3,16,False,2559,365.7276465233006,28.297801489493366,0.0,2.1149894312631696,11.205000000000005
1637422472,Running,2017-03-19 16:07:00,19/03/2017 16:34,297.4,297.4,70.0,68.0,173,100,5:09,5:09,3:42,5.04683,0:26:43,0:25:57,319,Vivoactive HR 3.40.0.0,48.0193559,7.8561607,48.01947182,7.855990967,15.0,23,SSW,72,partly cloudy,no,6,16,True,1603,317.62512309707284,13.870092711662569,2.0,0.018041934107367368,9.584000000000003
1625233698,Running,2017-03-17 13:29:00,17/03/2017 14:27,434.6,434.6,213.0,211.0,176,100,6:23,6:23,4:42,9.06206,0:58:20,0:57:51,734,Vivoactive HR 3.40.0.0,48.01762738,7.882339647,48.01935506,7.855932629,18.0,10,N,65,fair,no,4,13,False,3500,386.2256484728638,23.504589464205708,2.0,1.9734543896521914,12.555
1625233663,Running,2017-03-15 14:31:00,15/03/2017 15:28,442.2,442.2,215.0,213.0,177,86,6:04,6:05,4:32,9.28995,0:56:45,0:56:26,767,Vivoactive HR 3.40.0.0,48.01913705,7.856412744,48.01936252,7.856056262,18.0,10,N,65,fair,no,2,14,False,3405,366.5251158510003,23.143289253440546,2.0,0.03649028209202552,12.555
1616887891,Running,2017-03-12 14:49:00,12/3/2017 15:44,443.4,443.4,216.0,212.0,178,97,5:58,5:58,4:20,9.23407,0:55:30,0:55:04,834,Vivoactive HR 3.40.0.0,48.01921877,7.856650036,48.01938079,7.856043521,18.0,10,N,65,fair,no,6,14,True,3330,360.62104792361333,23.391635540991135,4.0,0.04857469023550729,12.555
1616887827,Running,2017-03-11 09:28:00,11/3/2017 9:55,304.6,304.6,74.0,70.0,169,93,5:19,5:19,4:30,5.06357,0:26:55,0:26:55,381,Vivoactive HR 3.40.0.0,48.01913227,7.856526151,48.01943377,7.856074451,18.0,10,N,65,fair,no,5,9,True,1615,318.94493410775397,14.614195123203588,4.0,0.04746171280853782,12.555
1600778328,Running,2017-02-26 13:39:00,26/02/2017 14:07,308.6,308.6,73.0,77.0,178,120,5:21,5:24,4:20,5.14983,0:28:01,0:27:32,430,Vivoactive HR 3.40.0.0,48.02492123,7.826711769,48.02500274,7.819511624,10.0,18,S,54,fair,no,6,13,True,1681,326.4185419712884,14.175225201608598,-4.0,0.5355365129581889,3.2380000000000027
1590545908,Running,2017-02-25 11:36:00,25/02/2017 12:14,305.2,305.2,95.0,90.0,184,108,5:40,5:42,4:38,6.63619,0:38:34,0:37:37,626,Vivoactive HR 3.40.0.0,48.02492123,7.826711769,48.02500274,7.819511624,5.0,3,N,81,fair,no,5,11,True,2314,348.6940548718466,14.315443047893444,5.0,0.5355365129581889,-0.9929999999999972
1581329976,Running,2017-02-19 13:34:00,19/02/2017 14:03,300.6,300.6,73.0,70.0,162,75,5:21,5:25,4:16,5.03331,0:28:16,0:26:56,388,Vivoactive HR 3.40.0.0,48.02492123,7.826711769,48.02500274,7.819511624,8.9,10,SSW,62,fair,no,6,13,True,1696,336.9552044281,14.503378492483078,3.0,0.5355365129581889,2.404000000000002
1579593787,Running,2017-02-18 16:14:00,18/02/2017 16:41,294.4,294.4,72.0,72.0,183,93,5:21,5:24,4:21,5.01479,0:27:03,0:26:48,366,Vivoactive HR 3.30.0.0,48.02492123,7.826711769,48.02500274,7.819511624,10.0,6,NNO,58,mostly clear,no,5,16,True,1623,323.64266499693906,14.357530425002842,0.0,0.5355365129581889,3.426000000000003
1577715948,Running,2017-02-16 16:22:00,16/02/2017 16:50,281.8,281.8,73.0,71.0,191,104,5:26,5:28,4:50,4.96855,0:27:22,0:27:01,387,Vivoactive HR 3.30.0.0,48.02492123,7.826711769,48.02500274,7.819511624,15.0,8,S,51,mostly clear,no,3,16,False,1642,330.47871109277355,14.692415292187864,2.0,0.5355365129581889,8.597000000000003
1559164359,Running,2017-02-05 13:56:00,5/2/2017 14:23,279.2,279.2,76.0,72.0,177,113,4:59,5:02,3:25,5.33116,0:26:48,0:26:32,350,Vivoactive HR 3.30.0.0,48.02492123,7.826711769,48.02500274,7.819511624,5.0,6,W ,100,light rain,yes,6,13,True,1608,301.6229113363696,14.255809242266224,4.0,0.5355365129581889,-0.09999999999999698
1559163234,Running,2017-02-03 14:30:00,3/2/2017 14:58,272.6,272.6,74.0,68.0,192,132,5:26,5:31,5:04,5.09182,0:28:05,0:27:39,409,Vivoactive HR 3.30.0.0,48.02492123,7.826711769,48.02500274,7.819511624,12.2,14,S,62,partly cloudy,no,4,14,False,1685,330.9229312897942,14.533113896406393,6.0,0.5355365129581889,6.034000000000004
1503320032,Running,2016-12-31 11:04:00,31/12/2016 11:30,747.2,747.2,84.0,75.0,176,115,5:03,5:08,4:29,5.06431,0:25:59,0:25:36,349,Vivoactive HR 3.30.0.0,48.02492123,7.826711769,48.02500274,7.819511624,-2.8,5,S,100,mist,yes,5,11,True,1559,307.8405547843635,16.58666234886885,9.0,0.5355365129581889,-8.679999999999996
1503319978,Running,2016-12-26 10:51:00,26/12/2016 11:19,302.4,302.4,75.0,69.0,180,117,5:22,5:23,4:32,5.06166,0:27:49,0:27:09,371,Vivoactive HR 3.30.0.0,48.02492123,7.826711769,48.02500274,7.819511624,7.2,13,S,93,cloudy,no,0,10,False,1669,329.73372371909613,14.817273384620856,6.0,0.5355365129581889,1.991000000000005
1495486864,Running,2016-12-25 15:52:00,25/12/2016 16:27,416.8,416.8,226.0,259.0,182,99,6:10,6:13,4:26,5.49466,0:34:08,0:33:51,457,Vivoactive HR 3.30.0.0,48.02492123,7.826711769,48.02500274,7.819511624,10.0,8,S,71,cloudy,no,6,15,True,2048,372.7255189584069,41.130843400683574,-33.0,0.5355365129581889,4.037000000000003
1478424835,Running,2016-12-10 14:00:00,10/12/2016 14:27,286.0,286.0,79.0,73.0,183,90,5:12,5:16,4:40,5.04681,0:26:33,0:26:17,370,Vivoactive HR 3.30.0.0,48.02492123,7.826711769,48.02500274,7.819511624,7.2,2,SSO,66,fair,no,5,14,True,1593,315.6449321452561,15.6534523788294,6.0,0.5355365129581889,0.7220000000000044
1469882231,Running,2016-12-03 11:00:00,3/12/2016 11:42,458.8,458.8,220.0,209.0,177,107,6:00,6:02,4:30,6.88248,0:42:06,0:41:20,557,Vivoactive HR 3.30.0.0,48.02492123,7.826711769,48.02500274,7.819511624,1.1,8,N,100,mist,yes,5,11,True,2526,367.0188652927433,31.96522183863956,11.0,0.5355365129581889,-4.39
1469058571,Running,2016-12-02 14:51:00,2/12/2016 15:18,302.8,302.8,78.0,74.0,174,99,5:09,5:13,4:19,5.04405,0:26:51,0:25:58,351,Vivoactive HR 3.30.0.0,48.02492123,7.826711769,48.02500274,7.819511624,3.9,6,N,87,mostly cloudy,no,4,14,False,1611,319.3862075118208,15.4637642370714,4.0,0.5355365129581889,-1.9209999999999905
1467778728,Running,2016-12-01 14:56:00,1/12/2016 15:42,285.8,285.8,245.0,232.0,180,92,5:50,5:54,4:33,7.85964,0:46:21,0:45:54,653,Vivoactive HR 3.30.0.0,48.02492123,7.826711769,48.02500274,7.819511624,6.1,5,N,52,fair,no,3,14,False,2781,353.8329999847321,31.171911181682624,13.0,0.5355365129581889,-1.1460000000000035
1462453056,Running,2016-11-27 09:46:00,27/11/2016 10:33,462.2,462.2,238.0,238.0,167,103,5:57,6:01,4:29,7.73334,0:46:41,0:45:57,553,Vivoactive HR 3.30.0.0,48.02492123,7.826711769,48.02500274,7.819511624,7.2,6,NNO,100,mist,no,6,9,True,2801,362.1979636224452,30.775835538072812,0.0,0.5355365129581889,2.3200000000000047
1453109120,Running,2016-11-19 11:33:00,19/11/2016 12:01,303.6,303.6,80.0,74.0,168,81,5:28,5:33,4:51,5.06219,0:28:05,0:27:40,356,Vivoactive HR 3.30.0.0,48.02492123,7.826711769,48.02500274,7.819511624,6.1,11,SSW,100,mostly cloudy,no,5,11,True,1685,332.85988870429594,15.803436852429481,6.0,0.5355365129581889,1.1099999999999968
1449838811,Running,2016-11-16 16:40:00,16/11/2016 17:08,303.2,303.2,73.0,68.0,179,100,5:26,5:28,4:34,5.0649,0:27:43,0:27:29,393,Vivoactive HR 3.30.0.0,48.02492123,7.826711769,48.02500274,7.819511624,10.0,16,S,100,mostly cloudy,no,2,16,False,1663,328.3381705463089,14.412920294576399,5.0,0.5355365129581889,5.400000000000003
1444300576,Running,2016-11-12 09:24:00,12/11/2016 9:50,198.2,198.2,78.0,78.0,171,84,5:09,5:12,4:21,5.01789,0:26:46,0:25:50,345,Vivoactive HR 3.30.0.0,48.02492123,7.826711769,48.02500274,7.819511624,2.8,5,N,93,cloudy,no,5,9,True,1606,320.0548437689945,15.544382200486657,0.0,0.5355365129581889,-2.8489999999999984
1441979099,Running,2016-11-10 15:24:00,10/11/2016 15:50,297.8,297.8,69.0,68.0,181,98,5:18,5:21,4:33,4.8938,0:26:26,0:25:58,372,Vivoactive HR 3.30.0.0,48.02492123,7.826711769,48.02500274,7.819511624,8.9,18,SW,76,light rain,yes,3,15,False,1586,324.08353426784913,14.099472802321305,1.0,0.5355365129581889,3.062000000000002
1441979057,Running,2016-11-08 06:08:00,8/11/2016 6:28,304.4,304.4,66.0,61.0,173,96,5:19,5:23,4:49,3.49451,0:19:13,0:18:35,253,Vivoactive HR 3.30.0.0,48.02492123,7.826711769,48.02500274,7.819511624,-1.1,5,S,100,fair,no,1,6,False,1153,329.9461154782788,18.886768101965654,5.0,0.5355365129581889,-6.809999999999994
1415427085,Running,2016-10-22 10:15:00,22/10/2016 10:55,452.2,452.2,215.0,208.0,171,89,5:49,5:51,4:35,6.7628,0:39:54,0:39:23,527,Vivoactive HR 2.90.0.0,48.02492123,7.826711769,48.02500274,7.819511624,7.8,10,SSW,76,mostly cloudy,no,5,10,True,2394,353.9953865262909,31.791565623706155,7.0,0.5355365129581889,1.8520000000000012
1412741214,Running,2016-10-20 06:14:00,20/10/2016 6:42,303.4,303.4,75.0,71.0,179,91,5:17,5:20,4:35,5.06541,0:27:18,0:26:45,394,Vivoactive HR 2.90.0.0,48.02492123,7.826711769,48.02500274,7.819511624,8.9,13,S,87,mostly cloudy,no,3,6,False,1638,323.36967787405166,14.806303931962072,4.0,0.5355365129581889,3.5790000000000024
1407081922,Running,2016-10-15 12:00:00,15/10/2016 12:27,195.6,195.6,70.0,74.0,173,96,5:14,5:18,4:27,5.05449,0:26:49,0:26:26,377,Vivoactive HR 2.90.0.0,48.02492123,7.826711769,48.02500274,7.819511624,16.1,18,SSW,59,fair,no,5,12,True,1609,318.33083060803364,13.849072804575732,-4.0,0.5355365129581889,10.183
1403499506,Running,2016-10-13 15:16:00,13/10/2016 15:51,196.0,196.0,83.0,81.0,171,98,5:02,5:07,4:02,6.67226,0:34:07,0:33:37,465,Vivoactive HR 2.90.0.0,48.02492123,7.826711769,48.02500274,7.819511624,11.1,8,N,62,fair,no,3,15,False,2047,306.7926010077545,12.439563206469773,2.0,0.5355365129581889,4.823999999999996
1399642711,Running,2016-10-10 17:24:00,10/10/2016 17:48,304.2,304.2,75.0,70.0,174,97,4:42,4:48,4:04,5.03507,0:24:14,0:23:42,340,Vivoactive HR 2.90.0.0,48.02492123,7.826711769,48.02500274,7.819511624,12.2,10,NNO,67,mostly cloudy,no,0,17,False,1454,288.77453540864377,14.895522803059341,5.0,0.5355365129581889,6.269000000000005
1395194145,Running,2016-10-07 16:49:00,7/10/2016 17:42,443.4,443.4,216.0,213.0,168,83,5:43,5:46,4:30,9.1548,0:53:13,0:52:19,710,Vivoactive HR 2.90.0.0,48.02492123,7.826711769,48.02500274,7.819511624,13.9,8,NNO,63,mostly cloudy,no,4,16,False,3193,348.7787827150784,23.59418010224145,3.0,0.5355365129581889,7.951000000000002
1393848573,Running,2016-10-06 15:30:00,6/10/2016 16:53,642.42,642.42,498.89,509.47,168,82,6:11,6:15,4:01,13.08406,1:23:11,1:20:52,"1,199",Vivoactive HR 2.90.0.0,48.02492123,7.826711769,48.02500274,7.819511624,12.2,19,NO,67,mostly cloudy,no,3,15,False,4991,381.45652037670266,38.129601973699295,-10.580000000000041,0.5355365129581889,6.269000000000005
1389882184,Running,2016-10-03 16:36:00,3/10/2016 18:53,279.6,279.6,8.66,41.94,174,97,3:42,4:52,4:04,4.93589,0:24:12,2:16:45,386,Vivoactive HR 4.20.0.0,48.02492123,7.826711769,48.02500274,7.819511624,17.2,11,WNW,45,partly cloudy,no,0,16,False,1452,294.17187173944313,1.7544961496305633,-33.28,0.5355365129581889,10.735000000000005
1386523776,Running,2016-10-01 16:21:00,1/10/2016 17:00,446.34,446.34,205.19,206.89,174,97,5:34,5:40,4:08,6.85785,0:38:57,0:38:11,542,Vivoactive HR 4.20.0.0,48.02492123,7.826711769,48.02500274,7.819511624,17.2,11,S,94,light rain,yes,5,16,True,2337,340.7773573350248,29.92045611962933,-1.6999999999999886,0.5355365129581889,13.038000000000004
1385830022,Running,2016-09-30 16:13:00,30/09/2016 16:38,319.17,319.17,76.33,79.46,174,97,4:58,5:01,4:21,5.01038,0:25:10,0:24:54,398,Vivoactive HR 4.20.0.0,48.02492123,7.826711769,48.02500274,7.819511624,22.2,8,W ,53,fair,no,4,16,False,1510,301.3743468559271,15.23437344073703,-3.1299999999999955,0.5355365129581889,16.611000000000004
1380895815,Running,2016-09-27 13:58:00,27/09/2016 15:06,316.25,316.25,167.35,169.83,167,89,5:52,5:57,4:35,11.43343,1:08:03,1:07:10,865,Vivoactive HR 4.20.0.0,48.02492123,7.826711769,48.02500274,7.819511624,20.0,6,N,60,mostly clear,no,1,13,False,4083,357.11068332075325,14.636902486830285,-2.480000000000018,0.5355365129581889,14.520000000000003
1375924642,Running,2016-09-24 12:36:00,24/09/2016 13:02,307.59,307.59,69.16,71.91,174,97,4:57,5:03,4:09,5.06031,0:25:46,0:25:04,398,Vivoactive HR 4.20.0.0,48.02492123,7.826711769,48.02500274,7.819511624,17.2,2,N,68,fair,no,5,12,True,1546,305.51487952319127,13.667146874400974,-2.75,0.5355365129581889,11.816000000000004
1374757819,Running,2016-09-23 14:25:00,23/09/2016 15:42,456.66,456.66,390.34,392.94,174,97,6:18,6:23,4:16,11.97663,1:17:07,1:15:23,923,Vivoactive HR 4.20.0.0,48.02492123,7.826711769,48.02500274,7.819511624,20.0,8,NW,53,mostly clear,no,4,14,False,4627,386.3357221522248,32.59180587527543,-2.6000000000000227,0.5355365129581889,14.191000000000003
1368959971,Running,2016-09-19 13:40:00,19/09/2016 14:36,443.88,443.88,211.33,215.1,174,97,6:04,6:10,4:08,9.04333,0:55:43,0:54:51,712,Vivoactive HR 4.20.0.0,48.02492123,7.826711769,48.02500274,7.819511624,17.8,5,N,64,mostly cloudy,no,0,13,False,3343,369.66471421478593,23.36860426413722,-3.769999999999982,0.5355365129581889,12.287999999999997
1365322706,Running,2016-09-17 11:22:00,17/09/2016 12:33,317.6,317.6,182.34,183.39,174,97,6:03,6:07,4:15,11.44591,1:10:10,1:09:14,892,Vivoactive HR 4.20.0.0,48.02492123,7.826711769,48.02500274,7.819511624,17.8,3,N,73,fair,no,5,11,True,4210,367.8169756707855,15.93058131681972,-1.049999999999983,0.5355365129581889,12.710999999999999
1364120580,Running,2016-09-16 15:02:00,16/09/2016 15:28,308.63,308.63,69.76,72.5,174,97,5:03,5:08,4:23,5.02065,0:25:46,0:25:19,388,Vivoactive HR 4.20.0.0,48.02492123,7.826711769,48.02500274,7.819511624,18.9,6,N,64,mostly cloudy,no,4,15,False,1546,307.9282563014749,13.894615239062672,-2.739999999999995,0.5355365129581889,13.498000000000001
1361005812,Running,2016-09-14 14:35:00,14/09/2016 15:14,456.73,456.73,216.91,217.28,174,97,6:18,6:23,4:08,6.10794,0:38:58,0:38:26,453,Vivoactive HR 4.20.0.0,48.02492123,7.826711769,48.02500274,7.819511624,27.2,5,N,48,fair,no,2,14,False,2338,382.7804464352957,35.5127915467408,-0.37000000000000455,0.5355365129581889,21.876000000000005
1356756720,Running,2016-09-12 17:46:00,12/9/2016 18:27,319.13,319.13,116.08,113.96,174,97,5:39,5:45,4:17,7.21607,0:41:27,0:40:47,567,Vivoactive HR 4.20.0.0,48.02492123,7.826711769,48.02500274,7.819511624,31.1,3,N,33,fair,no,0,17,False,2487,344.64743274386194,16.08631845311922,2.1200000000000045,0.5355365129581889,25.461
1346243421,Running,2016-09-08 12:49:00,8/9/2016 13:16,307.59,307.59,69.46,73.04,174,97,5:16,5:21,4:41,5.06206,0:27:04,0:26:42,396,Vivoactive HR 4.20.0.0,48.02492123,7.826711769,48.02500274,7.819511624,27.2,11,SSW,48,fair,no,3,12,False,1624,320.81800689837735,13.721686428054982,-3.5800000000000125,0.5355365129581889,21.876000000000005
1342292594,Running,2016-09-06 14:25:00,6/9/2016 15:12,456.46,456.46,209.94,212.86,174,97,6:12,6:15,4:08,7.58918,0:47:24,0:47:00,562,Vivoactive HR 4.20.0.0,48.02492123,7.826711769,48.02500274,7.819511624,22.8,11,N,53,mostly clear,no,1,14,False,2844,374.7440434935,27.66306768320161,-2.920000000000016,0.5355365129581889,17.270999999999997
1336112517,Running,2016-09-03 18:24:00,3/9/2016 19:02,456.65,456.65,212.98,213.32,174,97,6:12,6:17,3:50,6.0777,0:38:38,0:37:42,441,Vivoactive HR 4.20.0.0,48.02492123,7.826711769,48.02500274,7.819511624,27.8,10,S,37,fair,no,5,18,True,2318,381.39427744047913,35.04286160883229,-0.3400000000000034,0.5355365129581889,22.019
1333212708,Running,2016-09-02 10:15:00,2/9/2016 11:31,494.14,494.14,516.85,518.29,174,97,5:58,6:08,0:29,12.36673,1:15:53,1:13:50,956,Vivoactive HR 4.20.0.0,48.02492123,7.826711769,48.02500274,7.819511624,21.1,3,N,60,fair,no,4,10,False,4553,368.16523042065285,41.793586501848104,-1.4399999999999409,0.5355365129581889,15.73
1328511240,Running,2016-08-30 17:16:00,30/08/2016 17:42,310.01,310.01,69.69,71.5,174,97,5:05,5:07,3:15,5.09508,0:26:05,0:25:53,397,Vivoactive HR 4.20.0.0,48.02492123,7.826711769,48.02500274,7.819511624,26.1,21,N,45,fair,no,1,17,False,1565,307.1590632531776,13.677901033938621,-1.8100000000000023,0.5355365129581889,20.525
1324421362,Running,2016-08-28 07:31:00,28/08/2016 8:00,308.74,308.74,72.83,72.96,174,97,5:34,5:41,4:25,5.03913,0:29:12,0:28:05,384,Vivoactive HR 4.20.0.0,48.02492123,7.826711769,48.02500274,7.819511624,18.9,3,S,88,fair,no,6,7,True,1752,347.6790636478916,14.452891669792205,-0.12999999999999545,0.5355365129581889,14.626000000000001
1323339525,Running,2016-08-27 11:36:00,27/08/2016 12:03,308.36,308.36,63.23,66.12,174,97,5:16,5:21,4:31,5.04014,0:27:01,0:26:32,394,Vivoactive HR 4.20.0.0,48.02492123,7.826711769,48.02500274,7.819511624,27.8,3,N,58,fair,no,5,11,True,1621,321.61805029225377,12.54528644045602,-2.8900000000000077,0.5355365129581889,23.005999999999997
1320313680,Running,2016-08-25 12:32:00,25/08/2016 13:21,456.81,456.81,219.57,222.48,174,97,6:18,6:24,4:36,7.61855,0:48:43,0:48:02,577,Vivoactive HR 4.20.0.0,48.02492123,7.826711769,48.02500274,7.819511624,26.1,6,SW,54,fair,no,3,12,False,2923,383.6688083690466,28.820444835303306,-2.9099999999999966,0.5355365129581889,20.948
1318476604,Running,2016-08-23 17:33:00,23/08/2016 17:50,307.47,307.47,70.32,70.06,174,97,4:59,5:04,4:15,3.42287,0:17:19,0:17:02,266,Vivoactive HR 4.20.0.0,48.02492123,7.826711769,48.02500274,7.819511624,27.8,14,NNO,48,fair,no,1,17,False,1039,303.5464390993523,20.54416323144028,0.2599999999999909,0.5355365129581889,22.535999999999998
1315677029,Running,2016-08-22 14:01:00,22/08/2016 14:29,310.62,310.62,72.07,75.56,174,97,5:31,5:36,3:36,5.01899,0:28:04,0:27:39,398,Vivoactive HR 4.20.0.0,48.02492123,7.826711769,48.02500274,7.819511624,21.1,3,N,49,partly cloudy,no,0,14,False,1684,335.5256734920771,14.359462760435864,-3.490000000000009,0.5355365129581889,15.213000000000001
1315677016,Running,2016-08-21 09:15:00,21/08/2016 9:41,313.37,313.37,64.3,67.51,174,97,5:03,5:08,4:23,5.0234,0:25:47,0:25:24,400,Vivoactive HR 4.20.0.0,48.02492123,7.826711769,48.02500274,7.819511624,17.2,11,SW,88,mostly clear,no,6,9,True,1547,307.95875303579254,12.800095552812836,-3.210000000000008,0.5355365129581889,12.756000000000004
1310687218,Running,2016-08-19 09:12:00,19/08/2016 10:00,456.78,456.78,240.93,243.6,174,97,6:07,6:12,4:12,7.74769,0:48:02,0:47:23,581,Vivoactive HR 4.20.0.0,48.02492123,7.826711769,48.02500274,7.819511624,17.8,6,SSW,94,mostly clear,no,4,9,False,2882,371.98184232977826,31.097010850976226,-2.6699999999999875,0.5355365129581889,13.697999999999997
1308419266,Running,2016-08-17 14:36:00,17/08/2016 15:03,308.38,308.38,63.16,65.26,174,97,5:25,5:31,3:57,4.94665,0:27:19,0:26:46,384,Vivoactive HR 4.20.0.0,48.02492123,7.826711769,48.02500274,7.819511624,22.2,13,NNO,65,fair,no,2,14,False,1639,331.3353481649197,12.768237089747606,-2.1000000000000085,0.5355365129581889,17.175000000000004
1305068132,Running,2016-08-15 15:46:00,15/08/2016 17:03,456.68,456.68,360.92,364.08,174,97,6:27,6:31,4:10,11.80578,1:16:54,1:16:04,891,Vivoactive HR 4.0.0.0,48.02492123,7.826711769,48.02500274,7.819511624,27.2,13,NNO,54,mostly clear,no,0,15,False,4614,390.8255108938164,30.571465841308243,-3.159999999999968,0.5355365129581889,22.158000000000005
1301508121,Running,2016-08-13 08:10:00,13/08/2016 8:55,450.34,450.34,203.82,204.42,174,97,6:16,6:20,4:17,6.8751,0:44:11,0:43:07,545,Vivoactive HR 4.0.0.0,48.02492123,7.826711769,48.02500274,7.819511624,20.0,10,SSW,68,fair,no,5,8,True,2651,385.59439135430756,29.646114238338352,-0.5999999999999943,0.5355365129581889,14.896000000000003
1300004132,Running,2016-08-12 11:55:00,12/8/2016 12:23,308.05,308.05,62.59,53.17,174,97,5:41,5:45,4:41,4.90355,0:28:12,0:27:52,387,Vivoactive HR 4.0.0.0,48.02492123,7.826711769,48.02500274,7.819511624,18.9,13,S,60,mostly cloudy,no,4,11,False,1692,345.05613280174566,12.764221839279706,9.420000000000002,0.5355365129581889,13.310000000000002
1298666930,Running,2016-08-11 12:33:00,11/8/2016 13:20,456.79,456.79,218.23,221.96,174,97,6:06,6:11,4:06,7.60042,0:47:01,0:46:24,576,Vivoactive HR 4.0.0.0,48.02492123,7.826711769,48.02500274,7.819511624,17.2,5,N,63,mostly clear,no,3,12,False,2821,371.16369884822154,28.712886919407087,-3.730000000000018,0.5355365129581889,11.581000000000005
1296783447,Running,2016-08-09 10:51:00,9/8/2016 11:49,309.41,309.41,134.5,132.61,174,97,5:40,5:43,4:15,10.02786,0:57:49,0:56:49,804,Vivoactive HR 3.80.0.0,48.02492123,7.826711769,48.02500274,7.819511624,17.2,6,NO,77,mostly cloudy,no,1,10,False,3469,345.9362216863817,13.41263240611656,1.8899999999999864,0.5355365129581889,12.239000000000004
1293702794,Running,2016-08-07 09:26:00,7/8/2016 9:54,467.57,467.57,3.57,4.93,174,97,5:20,5:24,4:29,5.31054,0:28:41,0:28:20,415,Vivoactive HR 3.80.0.0,48.02492123,7.826711769,48.02500274,7.819511624,17.8,5,N,83,fair,no,6,9,True,1721,324.0725048676783,0.6722480199753698,-1.3599999999999999,0.5355365129581889,13.180999999999997
1293702779,Running,2016-08-06 09:19:00,6/8/2016 9:45,467.49,467.49,3.46,4.7,174,97,4:54,5:01,4:02,5.30312,0:26:41,0:25:59,417,Vivoactive HR 3.80.0.0,48.02492123,7.826711769,48.02500274,7.819511624,15.0,5,W ,94,mostly cloudy,no,5,9,True,1601,301.8977507580443,0.6524461071972726,-1.2400000000000002,0.5355365129581889,10.618000000000002
1288185545,Running,2016-08-04 14:48:00,4/8/2016 15:16,307.63,307.63,70.55,74.27,174,97,5:18,5:27,3:56,5.05955,0:27:55,0:26:51,395,Vivoactive HR 3.80.0.0,48.02492123,7.826711769,48.02500274,7.819511624,22.8,16,NNO,65,mostly clear,no,3,14,False,1675,331.05710982201975,13.943927819667756,-3.719999999999999,0.5355365129581889,17.834999999999997
1286283124,Running,2016-08-03 13:34:00,3/8/2016 14:22,456.89,456.89,217.63,220.75,174,97,6:11,6:15,4:21,7.57971,0:47:25,0:46:50,589,Vivoactive HR 3.80.0.0,48.02492123,7.826711769,48.02500274,7.819511624,25.0,18,SSW,57,mostly clear,no,2,13,False,2845,375.3441754367911,28.712180281303635,-3.1200000000000045,0.5355365129581889,19.878999999999998
1281813186,Running,2016-07-31 10:36:00,31/07/2016 11:35,312.97,312.97,134.9,136.54,174,97,5:50,5:55,3:27,10.05124,0:59:25,0:58:40,825,Vivoactive HR 3.80.0.0,48.02492123,7.826711769,48.02500274,7.819511624,21.1,13,NW,69,fair,no,6,10,True,3565,354.68260632518974,13.421229619430042,-1.6399999999999864,0.5355365129581889,16.153
1279484235,Running,2016-07-30 08:28:00,30/07/2016 9:18,456.12,456.12,215.56,218.94,174,97,6:31,6:36,4:09,7.52721,0:49:42,0:49:06,579,Vivoactive HR 3.80.0.0,48.02492123,7.826711769,48.02500274,7.819511624,21.1,5,N,78,mostly clear,no,5,8,True,2982,396.16272164586877,28.63743671293879,-3.3799999999999955,0.5355365129581889,16.576
1275047500,Running,2016-07-27 17:34:00,27/07/2016 18:03,307.92,307.92,67.72,70.9,174,97,5:19,5:22,4:06,4.96353,0:28:42,0:26:24,392,Vivoactive HR 3.80.0.0,48.02492123,7.826711769,48.02500274,7.819511624,26.1,6,N,45,fair,no,2,17,False,1722,346.93051114831576,13.64351580427639,-3.180000000000007,0.5355365129581889,20.525
1273607968,Running,2016-07-26 18:31:00,26/07/2016 18:49,308.42,308.42,62.78,63.85,174,97,5:02,5:06,4:08,3.45397,0:17:59,0:17:23,273,Vivoactive HR 3.80.0.0,48.02492123,7.826711769,48.02500274,7.819511624,27.2,8,NW,48,fair,no,1,18,False,1079,312.3941435507546,18.176185664612028,-1.0700000000000003,0.5355365129581889,21.876000000000005
1268238762,Running,2016-07-23 08:57:00,23/07/2016 9:39,456.65,456.65,206.98,209.81,174,97,6:47,6:54,3:41,6.0188,0:41:57,0:40:47,435,Vivoactive HR 3.80.0.0,48.02492123,7.826711769,48.02500274,7.819511624,20.0,2,N,88,fair,no,5,8,True,2517,418.18967235993887,34.388914733833985,-2.8300000000000125,0.5355365129581889,15.836000000000002
1265510007,Running,2016-07-21 08:05:00,21/07/2016 8:34,308.36,308.36,65.96,69.73,174,97,5:43,5:39,4:25,4.93391,0:28:34,0:28:14,396,Vivoactive HR 3.80.0.0,48.02492123,7.826711769,48.02500274,7.819511624,18.9,3,N,94,fair,no,3,8,False,1714,347.39182514476346,13.368707576749474,-3.7700000000000102,0.5355365129581889,14.908000000000001
1263971527,Running,2016-07-19 17:40:00,19/07/2016 18:09,312.59,312.59,71.16,73.86,174,97,5:22,5:29,3:10,5.00583,0:28:20,0:26:51,413,Vivoactive HR 3.80.0.0,48.02492123,7.826711769,48.02500274,7.819511624,31.1,13,NNO,43,fair,no,1,17,False,1700,339.60402171068534,14.2154248146661,-2.700000000000003,0.5355365129581889,25.931
1260175899,Running,2016-07-17 10:06:00,17/07/2016 10:53,456.51,456.51,208.43,211.72,174,97,6:24,6:27,4:22,7.28608,0:47:10,0:46:39,564,Vivoactive HR 3.80.0.0,48.02492123,7.826711769,48.02500274,7.819511624,22.2,10,N,69,fair,no,6,10,True,2830,388.4118757960385,28.606603276384558,-3.289999999999992,0.5355365129581889,17.363000000000003
1257020376,Running,2016-07-15 13:18:00,15/07/2016 13:56,396.58,396.58,157.62,161.02,174,97,5:57,6:03,4:41,6.38675,0:38:45,0:37:57,516,Vivoactive HR 3.70.0.0,48.02492123,7.826711769,48.02500274,7.819511624,17.8,13,NNW,52,mostly cloudy,no,4,13,False,2325,364.0349160371081,24.679218694954397,-3.4000000000000057,0.5355365129581889,11.723999999999997
1257020317,Running,2016-07-14 15:09:00,14/07/2016 15:36,307.26,307.26,68.01,71.37,174,97,5:24,5:24,3:41,4.96412,0:27:05,0:26:48,406,Vivoactive HR 3.70.0.0,48.02492123,7.826711769,48.02500274,7.819511624,16.1,18,WNW,63,showers,yes,3,15,False,1625,327.3490568318252,13.700313449312265,-3.3599999999999994,0.5355365129581889,10.371
1251515952,Running,2016-07-11 18:18:00,11/7/2016 18:37,308.56,308.56,70.44,69.74,174,97,5:29,5:35,3:48,3.42168,0:19:07,0:18:47,281,Vivoactive HR 3.70.0.0,48.02492123,7.826711769,48.02500274,7.819511624,22.2,8,NO,78,partly cloudy,no,0,18,False,1147,335.2154497206051,20.586378621028267,0.7000000000000028,0.5355365129581889,17.786000000000005
1249069863,Running,2016-07-10 08:35:00,10/7/2016 9:02,308.38,308.38,68.7,71.93,174,97,5:21,5:25,4:48,5.01117,0:27:09,0:26:49,408,Vivoactive HR 3.70.0.0,48.02492123,7.826711769,48.02500274,7.819511624,22.2,2,N,69,fair,no,6,8,True,1629,325.07378516394374,13.709373260136855,-3.230000000000004,0.5355365129581889,17.363000000000003
1246713325,Running,2016-07-08 11:31:00,8/7/2016 12:00,307.83,307.83,63.85,66.63,174,97,5:45,5:38,4:39,4.96816,0:28:51,0:28:32,421,Vivoactive HR 3.70.0.0,48.02492123,7.826711769,48.02500274,7.819511624,25.0,11,S,54,fair,no,4,11,False,1731,348.41873047566907,12.851840520434125,-2.779999999999994,0.5355365129581889,19.738
1242848513,Running,2016-07-05 18:50:00,5/7/2016 19:09,307.87,307.87,67.94,67.6,174,97,5:21,5:23,4:12,3.41579,0:18:34,0:18:18,285,Vivoactive HR 3.70.0.0,48.02492123,7.826711769,48.02500274,7.819511624,25.0,16,WNW,41,fair,no,1,18,False,1114,326.1324613047055,19.889981526967407,0.3400000000000034,0.5355365129581889,19.127
1238253380,Running,2016-07-01 16:15:00,1/7/2016 16:35,326.01,326.01,84.03,80.57,174,97,5:35,5:43,3:49,3.2336,0:20:21,0:18:04,281,Vivoactive HR 3.50.0.0,48.02492123,7.826711769,48.02500274,7.819511624,23.9,13,NO,78,mostly clear,no,4,16,False,1221,377.5977238990599,25.9865165759525,3.460000000000008,0.5355365129581889,19.656000000000002
1235134799,Running,2016-06-29 16:20:00,29/06/2016 16:40,325.69,325.69,72.45,70.13,174,97,6:02,6:02,3:07,3.18769,0:19:24,0:19:14,279,Vivoactive HR 3.50.0.0,48.02492123,7.826711769,48.02500274,7.819511624,23.9,8,S,65,mostly clear,no,2,16,False,1164,365.1547045038884,22.728056994249755,2.3200000000000074,0.5355365129581889,19.045
1235135076,Running,2016-06-28 17:24:00,28/06/2016 18:05,405.08,405.08,169.35,166.75,174,97,6:02,6:07,4:26,6.69202,0:40:59,0:40:22,573,Vivoactive HR 3.50.0.0,48.02492123,7.826711769,48.02500274,7.819511624,22.2,14,SSW,61,fair,no,1,17,False,2459,367.4525778464499,25.30626029210911,2.5999999999999943,0.5355365129581889,16.987000000000005
1231356877,Running,2016-06-27 10:34:00,27/06/2016 11:10,392.84,392.84,139.73,135.22,174,97,5:48,5:54,4:31,6.13313,0:36:12,0:35:33,522,Vivoactive HR 3.50.0.0,48.02492123,7.826711769,48.02500274,7.819511624,22.8,14,NNO,69,fair,no,0,10,False,2172,354.14217536559636,22.782820517419324,4.509999999999991,0.5355365129581889,18.022999999999996
1231355094,Running,2016-06-25 09:58:00,25/06/2016 10:26,328.0,328.0,89.2,87.15,174,97,5:42,5:45,4:51,4.00936,0:27:14,0:22:53,343,Vivoactive HR 3.50.0.0,48.02492123,7.826711769,48.02500274,7.819511624,22.8,18,NNO,73,mostly clear,no,5,9,True,1634,407.54634156074786,22.247939820819283,2.049999999999997,0.5355365129581889,18.211
1231354921,Running,2016-06-24 16:20:00,24/06/2016 16:37,326.68,326.68,70.87,72.59,174,97,5:28,5:31,4:38,3.10648,0:17:07,0:16:58,267,Vivoactive HR 3.50.0.0,48.02492123,7.826711769,48.02500274,7.819511624,27.8,18,SW,55,mostly clear,no,4,16,False,1027,330.5992634750586,22.813602534057843,-1.7199999999999989,0.5355365129581889,22.865
1226716000,Running,2016-06-23 15:26:00,23/06/2016 15:43,329.63,329.63,72.53,80.25,174,97,5:15,5:24,4:41,3132.0,0:16:55,0:16:27,267,Vivoactive HR 3.50.0.0,48.02492123,7.826711769,48.02500274,7.819511624,27.2,24,SW,39,fair,no,3,15,False,1015,0.32407407407407407,0.02315772669220945,-7.719999999999999,0.5355365129581889,21.453000000000003
1226716207,Running,2016-06-22 16:22:00,22/06/2016 16:38,338.28,338.28,62.47,63.28,174,97,5:49,5:51,3:09,2.70119,0:16:01,0:15:44,224,Vivoactive HR 3.50.0.0,48.02492123,7.826711769,48.02500274,7.819511624,23.9,13,SW,57,fair,no,2,16,False,961,355.76912397869086,23.126844094639768,-0.8100000000000023,0.5355365129581889,18.669
1226716363,Running,2016-06-21 16:25:00,21/06/2016 16:47,302.19,302.19,66.64,66.52,174,97,5:27,5:30,3:36,4.01373,0:22:06,0:21:51,343,Vivoactive HR 3.50.0.0,48.02492123,7.826711769,48.02500274,7.819511624,21.1,3,SO,78,fair,no,1,16,False,1326,330.36601864101476,16.603010167599717,0.12000000000000455,0.5355365129581889,16.576
1226716855,Running,2016-06-20 17:16:00,20/06/2016 17:37,323.33,323.33,85.03,111.03,174,97,5:25,5:29,3:34,3.95872,0:21:43,0:21:28,341,Vivoactive HR 3.50.0.0,48.02492123,7.826711769,48.02500274,7.819511624,22.2,27,SW,61,fair,no,0,17,False,1303,329.14679492361165,21.479164982620645,-26.0,0.5355365129581889,16.987000000000005
1226718161,Running,2016-06-18 12:07:00,18/06/2016 12:24,557.62,557.62,70.82,76.47,174,97,5:33,5:36,4:43,3.02501,0:16:57,0:16:46,258,Vivoactive HR 3.50.0.0,48.02492123,7.826711769,48.02500274,7.819511624,21.1,3,N,49,mostly clear,no,5,12,True,1017,336.1972357116175,23.411492854569072,-5.650000000000006,0.5355365129581889,15.213000000000001
1213547758,Running,2016-06-15 14:38:00,15/06/2016 15:08,311.26,311.26,81.66,82.76,174,97,5:22,5:27,4:02,5.57298,0:30:29,0:29:56,477,Vivoactive HR 3.50.0.0,48.02492123,7.826711769,48.02500274,7.819511624,17.2,21,S,77,mostly clear,no,2,14,False,1829,328.19066280517785,14.652842823767534,-1.1000000000000085,0.5355365129581889,12.239000000000004
1212184359,Running,2016-06-14 14:33:00,14/06/2016 15:01,309.72,309.72,74.06,76.12,174,97,5:26,5:30,3:48,5.02961,0:28:01,0:27:20,428,Vivoactive HR 3.50.0.0,48.02492123,7.826711769,48.02500274,7.819511624,16.1,21,S,77,partly cloudy,no,1,14,False,1681,334.22074474959294,14.724799735963623,-2.0600000000000023,0.5355365129581889,11.029
1208826417,Running,2016-06-12 09:43:00,12/6/2016 10:12,308.37,308.37,69.82,72.96,174,97,5:48,5:51,4:02,5.00634,0:29:18,0:29:04,428,Vivoactive HR 3.50.0.0,48.02492123,7.826711769,48.02500274,7.819511624,15.0,5,N,88,rain,yes,6,9,True,1758,351.15473579501196,13.94631607122169,-3.1400000000000006,0.5355365129581889,10.336000000000002
1207350801,Running,2016-06-11 10:05:00,11/6/2016 10:35,307.74,307.74,51.54,54.59,174,97,5:55,6:01,4:59,4.98479,0:30:05,0:29:29,420,Vivoactive HR 3.50.0.0,48.02492123,7.826711769,48.02500274,7.819511624,17.2,10,S,88,cloudy,no,5,10,True,1805,362.1015128019435,10.339452614854386,-3.0500000000000043,0.5355365129581889,12.756000000000004
1205026379,Running,2016-06-09 14:56:00,9/6/2016 15:17,308.59,308.59,67.47,69.46,174,97,5:54,5:57,4:41,3.5558,0:21:10,0:21:00,308,Vivoactive HR 3.50.0.0,48.02492123,7.826711769,48.02500274,7.819511624,21.1,14,N,53,mostly clear,no,3,14,False,1270,357.16294504752796,18.974632993981665,-1.9899999999999949,0.5355365129581889,15.401
1203784563,Running,2016-06-07 09:10:00,7/6/2016 9:42,309.47,309.47,70.94,73.86,174,97,6:21,6:25,4:53,4.94082,0:31:43,0:31:20,386,Vivoactive HR 3.50.0.0,48.02492123,7.826711769,48.02500274,7.819511624,21.1,2,N,73,fair,no,1,9,False,1903,385.1587388328253,14.357940584761232,-2.9200000000000017,0.5355365129581889,16.341
912662907,Running,2015-09-28 17:19:00,28/09/2015 17:39,308.37,308.37,52.29,55.11,174,70,6:01,6:03,4:06,3.39513,0:20:32,0:20:27,287,Vivoactive HR 3.20.0.0,48.02492123,7.826711769,48.02500274,7.819511624,17.8,21,O,34,fair,no,0,17,False,1232,362.87270295982773,15.401472108579053,-2.8200000000000003,0.5355365129581889,10.877999999999998
908332579,Running,2015-09-24 12:55:00,24/09/2015 13:16,307.23,307.23,62.46,64.2,186,115,6:18,6:18,3:53,3.37103,0:21:15,0:21:15,351,Vivoactive HR 3.20.0.0,48.02492123,7.826711769,48.02500274,7.819511624,16.1,8,WSW,59,mostly clear,no,3,12,False,1275,378.2226797151019,18.52846162745511,-1.740000000000002,0.5355365129581889,10.183
1199436564,Running,2015-01-01 03:34:00,5/6/2016 12:48,260.36,260.36,5.88,18.73,174,97,6:18,6:23,3:19,4.96411,0:31:41,581:44:56,401,Vivoactive HR 3.50.0.0,48.02492123,7.826711769,48.02500274,7.819511624,18.0,10,N,65,fair,no,3,3,False,1901,382.948806533296,1.184502357925187,-12.850000000000001,0.5355365129581889,12.555
