Activity ID,Activity Type,Begin Timestamp,End Timestamp,Max. Elevation (Raw),Min. Elevation (Raw),Elevation Gain (Raw),Elevation Loss (Raw),Average Heart Rate (bpm),Max. Heart Rate (bpm).1,Average Moving Speed,Average Speed,Max. Speed,Distance (Raw),Duration (h:m:s),Moving Duration (h:m:s),Calories,Device,Begin Latitude (Decimal Degrees Raw),Begin Longitude (Decimal Degrees Raw),End Latitude (Decimal Degrees Raw),End Longitude (Decimal Degrees Raw),Temperature (Raw),Wind Speed (Raw),Wind Direction,Humidity (Raw),Condition,Rainfall
2284658991,Running,04/11/2017 12:07,04/11/2017 13:06,472.6,472.6,315,314,182,113,06:47,06:47,04:55,8.66881,00:59:03,00:58:50,753,Vivoactive HR 4.0.0.0,48.01917837,7.856356334,48.01936948,7.855830872,13.9,11,S,77,fair,no
2284658936,Running,03/11/2017 09:47,03/11/2017 10:35,473.2,473.2,245,244,177,100,06:18,06:18,04:33,7.62835,00:48:00,00:48:02,626,Vivoactive HR 4.0.0.0,48.01785914,7.881881241,48.01941046,7.855921565,11.1,3,N,100,fair,no
2228102647,Running,25/10/2017 16:31,25/10/2017 17:11,278.8,278.8,208,272,179,95,05:52,05:52,04:29,6.60755,00:39:18,00:38:44,528,Vivoactive HR 4.0.0.0,48.01839575,7.880602246,48.0193295,7.85592081,20,6,SSW,60,fair,no
2104984694,Running,13/10/2017 11:53,13/10/2017 12:41,471.6,471.6,246,244,180,109,06:11,06:11,04:27,7.75709,00:48:10,00:47:57,661,Vivoactive HR 4.0.0.0,48.01919396,7.856333787,48.01931215,7.855894491,17.2,5,SSO,72,fair,no
2084195352,Running,02/10/2017 14:51,02/10/2017 15:38,494.6,494.6,246,240,174,110,06:01,06:01,04:19,7.81321,00:47:40,00:47:04,619,Vivoactive HR 4.0.0.0,48.01911618,7.857145155,48.01937132,7.856066404,17.8,19,SW,77,mostly cloudy,no
2021230223,Running,30/09/2017 16:03,30/09/2017 16:51,481.6,481.6,239,249,176,101,05:59,05:59,04:31,7.90049,00:47:23,00:47:20,638,Vivoactive HR 4.0.0.0,48.01913797,7.856386928,48.01940686,7.855956601,20,14,NNW,64,mostly cloudy,no
2006998728,Running,27/09/2017 12:29,27/09/2017 13:34,475,475,252,248,170,99,07:00,07:00,04:55,9.27718,01:04:57,01:04:53,821,Vivoactive HR 4.0.0.0,48.02231287,7.86245727,48.01916714,7.857074328,17.2,3,N,83,mostly clear,no
2006998614,Running,22/09/2017 15:36,22/09/2017 16:13,458.2,458.2,209,207,177,100,05:53,05:53,04:22,6.34478,00:37:38,00:37:22,515,Vivoactive HR 4.0.0.0,48.0193072,7.85659899,48.01940493,7.856179057,21.1,5,NNO,49,fair,no
1988390950,Running,16/09/2017 12:33,16/09/2017 14:04,677.6,677.6,525,518,170,92,06:34,06:34,04:53,13.3789,01:30:22,01:27:56,"1,102",Vivoactive HR 4.0.0.0,48.00809657,7.89999688,48.01947584,7.856103955,13.9,16,NW,63,showers,yes
1971778346,Running,10/09/2017 13:45,10/09/2017 14:54,464.2,464.2,319,320,174,123,06:16,06:16,04:12,10.85331,01:08:37,01:07:58,941,Vivoactive HR 4.0.0.0,48.01607748,7.87986313,48.0194015,7.855888456,18.9,10,SSW,56,fair,no
1959936581,Running,05/09/2017 15:32,05/09/2017 16:17,438,438,197,197,176,86,06:45,06:45,04:31,6.49227,00:44:22,00:43:50,668,Vivoactive HR 4.0.0.0,48.0203924,7.876742212,48.01947987,7.855915111,26.1,11,SSW,48,fair,no
1959936521,Running,03/09/2017 08:54,03/09/2017 09:33,448.4,448.4,218,214,170,92,07:35,07:35,04:27,5.16138,00:39:11,00:39:07,573,Vivoactive HR 4.0.0.0,48.01868803,7.858128436,48.01942136,7.855924163,11.1,6,SSW,87,mostly cloudy,no
1959936468,Running,31/08/2017 16:22,31/08/2017 17:00,463.2,463.2,212,207,173,96,05:49,05:49,03:41,6.29003,00:37:49,00:36:37,562,Vivoactive HR 4.0.0.0,48.01926822,7.856926974,48.01941264,7.855991051,17.2,8,WNW,83,mostly cloudy,no
1947513013,Running,24/08/2017 16:46,24/08/2017 17:16,194,194,3,3,135,75,05:29,05:29,04:53,5.4634,00:30:00,00:30:00,304,Vivoactive HR 3.90.0.0,48.01525472,7.534499969,48.01678249,7.535735797,23.9,11,S,50,showers,yes
1947512990,Running,22/08/2017 10:49,22/08/2017 11:47,201.6,201.6,28,25,168,129,05:21,05:21,04:21,10.76584,00:57:35,00:57:35,768,Vivoactive HR 3.90.0.0,48.01659582,7.535675867,48.0168192,7.535828585,21.1,5,N,56,fair,no
1947512894,Running,21/08/2017 17:25,21/08/2017 17:44,196.4,196.4,9,5,169,100,04:50,04:50,04:06,3.44782,00:18:16,00:16:40,226,Vivoactive HR 3.90.0.0,48.0163369,7.535798578,48.01680537,7.535721129,22.8,5,NNW,38,fair,no
1947512877,Running,20/08/2017 11:05,20/08/2017 11:47,202.8,202.8,4,4,174,102,05:03,05:03,04:15,8.23837,00:41:33,00:41:33,583,Vivoactive HR 3.90.0.0,48.01652449,7.535583749,48.01675139,7.535779886,18.9,3,N,56,fair,no
1947512848,Running,19/08/2017 13:01,19/08/2017 13:22,203.2,203.2,3,3,166,83,04:51,04:51,04:14,4.1574,00:20:11,00:20:11,257,Vivoactive HR 3.90.0.0,48.01659255,7.535720374,48.0167099,7.53575759,21.1,16,WNW,53,partly cloudy,no
1921139538,Running,16/08/2017 12:47,16/08/2017 13:25,452,452,207,208,172,79,06:03,06:03,04:01,6.12939,00:38:34,00:37:03,498,Vivoactive HR 3.90.0.0,48.01925691,7.856211495,48.01943494,7.855959702,25,5,N,61,mostly clear,no
1918988582,Running,14/08/2017 13:30,14/08/2017 14:19,278.4,278.4,242,237,175,95,06:31,06:30,05:02,7.59412,00:49:25,00:49:27,678,Vivoactive HR 3.90.0.0,48.02137434,7.861949243,48.01933922,7.856165562,25,3,NNW,65,mostly clear,no
1918988551,Running,09/08/2017 16:22,09/08/2017 16:59,439.8,439.8,212,216,166,95,06:00,06:00,04:08,6.14427,00:36:50,00:36:50,464,Vivoactive HR 3.90.0.0,48.01913789,7.856424982,48.01934374,7.855903963,22.8,6,N,47,fair,no
1899798162,Running,06/08/2017 10:45,06/08/2017 12:23,730.4,730.4,581,577,171,101,06:49,06:49,04:20,13.99796,01:37:43,01:35:25,"1,263",Vivoactive HR 3.90.0.0,48.0192616,7.856520368,48.01958112,7.855855348,22.2,10,NNO,61,fair,no
1899798059,Running,05/08/2017 11:21,05/08/2017 12:00,443.4,443.4,209,206,168,95,05:57,05:57,04:13,6.44058,00:38:43,00:38:19,542,Vivoactive HR 3.90.0.0,48.01911509,7.856477536,48.01936168,7.855915446,23.9,16,S,65,cloudy,no
1893310601,Running,03/08/2017 10:48,03/08/2017 11:44,278.4,278.4,304,301,177,90,06:19,06:19,04:41,8.93656,00:56:49,00:56:24,833,Vivoactive HR 3.90.0.0,48.0250794,7.86842024,48.01941021,7.855739929,25,3,SSO,83,fair,no
1893310544,Running,30/07/2017 09:12,30/07/2017 09:49,451,451,204,197,175,98,06:11,06:11,04:31,6.08745,00:37:39,00:37:39,587,Vivoactive HR 3.90.0.0,48.02048318,7.861457393,48.01858569,7.859941106,25,11,S,61,fair,no
1893310490,Running,27/07/2017 13:33,27/07/2017 14:22,483.2,483.2,245,240,172,97,06:32,06:32,03:50,7.34084,00:48:18,00:47:56,767,Vivoactive HR 3.90.0.0,48.01926764,7.856342001,48.01956302,7.856167573,22.8,14,SSW,65,mostly cloudy,no
1842521418,Running,08/07/2017 10:04,08/07/2017 10:43,733.8,733.8,12,467,169,143,14:11,14:14,05:07,2.71353,00:39:30,00:38:29,405,Vivoactive HR 3.90.0.0,48.00991503,7.90149699,48.01929982,7.855860461,28.9,8,SSO,52,mostly clear,no
1842521384,Running,08/07/2017 09:13,08/07/2017 10:02,717.4,717.4,493,31,180,87,09:56,09:56,05:16,5.00269,00:49:44,00:49:43,596,Vivoactive HR 3.90.0.0,48.02101233,7.872846471,48.00965519,7.901399676,25,5,N,69,fair,no
1842521288,Running,02/07/2017 10:45,02/07/2017 11:25,444.2,444.2,210,208,168,101,06:20,06:20,04:51,6.3264,00:40:08,00:40:04,435,Vivoactive HR 3.90.0.0,48.02105977,7.873912482,48.01939982,7.855952913,17.2,10,S,100,mostly cloudy,no
1842521154,Running,25/06/2017 11:00,25/06/2017 13:00,756.6,756.6,622,624,169,84,07:02,07:02,04:44,16.45148,02:00:11,01:55:40,"1,198",Vivoactive HR 3.90.0.0,48.02211019,7.862421395,48.01939731,7.856044527,25,14,SSW,47,partly cloudy,no
1842521034,Running,22/06/2017 16:24,22/06/2017 17:08,236,236,190,186,173,90,06:39,06:39,05:04,6.6148,00:43:59,00:43:58,506,Vivoactive HR 3.90.0.0,48.0240957,7.86697939,48.01938247,7.855965821,32.8,8,SSW,34,mostly clear,no
1842520960,Running,18/06/2017 13:55,18/06/2017 15:14,658,658,449,421,171,95,08:48,08:49,04:50,8.78442,01:19:29,01:17:20,816,Vivoactive HR 3.90.0.0,48.01938197,7.856737208,48.01936663,7.85591796,26.1,18,NNO,45,fair,no
1842520903,Running,17/06/2017 15:57,17/06/2017 16:52,554.2,554.2,208,209,170,81,06:09,06:10,04:21,8.78426,00:54:22,00:54:04,606,Vivoactive HR 3.90.0.0,48.2618436,7.984674638,48.26172139,7.984624598,22.2,13,NNO,50,fair,no
1799215511,Running,15/06/2017 08:56,15/06/2017 09:57,469.8,469.8,248,247,178,99,06:21,06:21,04:56,9.61486,01:01:21,01:01:08,729,Vivoactive HR 3.90.0.0,48.02492123,7.826711769,48.02500274,7.819511624,21.1,3,WSW,73,fair,no
1799215435,Running,13/06/2017 17:42,13/06/2017 18:21,393,393,206,201,178,84,05:55,05:55,04:31,6.50838,00:39:01,00:38:32,470,Vivoactive HR 3.90.0.0,48.02492123,7.826711769,48.02500274,7.819511624,23.9,13,N,41,fair,no
1784822950,Running,05/06/2017 10:20,05/06/2017 10:56,454.6,454.6,225,220,169,84,06:32,06:32,04:33,5.56657,00:36:22,00:36:22,411,Vivoactive HR 3.80.0.0,48.02492123,7.826711769,48.02500274,7.819511624,15,5,N,82,fair,no
1779110201,Running,04/06/2017 12:42,04/06/2017 13:48,479.4,479.4,322,329,178,108,06:07,06:07,04:37,10.81228,01:06:36,01:06:09,806,Vivoactive HR 3.80.0.0,48.02492123,7.826711769,48.02500274,7.819511624,18.9,16,W ,56,fair,no
1779110134,Running,27/05/2017 16:00,27/05/2017 16:55,468.6,468.6,250,248,181,99,06:19,06:20,05:13,8.79686,00:55:38,00:55:38,737,Vivoactive HR 3.80.0.0,48.02492123,7.826711769,48.02500274,7.819511624,31.1,5,OSO,26,fair,no
1743753909,Running,20/05/2017 11:47,20/05/2017 12:46,255.4,255.4,256,256,167,88,05:46,05:46,04:26,10.29699,00:59:31,00:59:19,698,Vivoactive HR 3.80.0.0,48.02492123,7.826711769,48.02500274,7.819511624,13.9,13,S,72,cloudy,no
1743753847,Running,16/05/2017 14:35,16/05/2017 15:12,449.2,449.2,216,210,183,112,06:29,06:29,04:23,5.52827,00:36:40,00:35:51,477,Vivoactive HR 3.80.0.0,48.02492123,7.826711769,48.02500274,7.819511624,25,11,NW,47,fair,no
1743753793,Running,14/05/2017 15:30,14/05/2017 16:30,481.4,481.4,254,256,176,107,05:57,05:58,04:10,10.10208,01:00:41,01:00:03,761,Vivoactive HR 3.80.0.0,48.02492123,7.826711769,48.02500274,7.819511624,20,16,W ,64,thunderstorm,yes
1725657081,Running,10/05/2017 16:35,10/05/2017 17:16,441,441,202,196,172,88,05:56,05:57,03:53,6.84644,00:41:51,00:40:40,508,Vivoactive HR 3.80.0.0,48.02492123,7.826711769,48.02500274,7.819511624,18.9,6,NNO,43,fair,no
1719319574,Running,07/05/2017 10:31,07/05/2017 11:06,290,290,83,88,174,103,05:12,05:12,04:34,6.71703,00:34:52,00:34:53,438,Vivoactive HR 3.50.0.0,48.02492123,7.826711769,48.02500274,7.819511624,12.2,16,S,100,mostly cloudy,no
1719319514,Running,05/05/2017 16:04,05/05/2017 16:52,485.4,485.4,253,239,181,91,06:03,06:04,03:33,7.78938,00:48:18,00:47:07,623,Vivoactive HR 3.50.0.0,48.02492123,7.826711769,48.02500274,7.819511624,17.8,11,NNO,52,mostly clear,no
1719319455,Running,04/05/2017 13:56,04/05/2017 14:17,508.2,508.2,60,57,171,81,05:25,05:25,04:34,3.76345,00:20:33,00:20:23,256,Vivoactive HR 3.50.0.0,48.02492123,7.826711769,48.02500274,7.819511624,12.2,3,N,88,light rain,yes
1712125427,Running,30/04/2017 11:29,30/04/2017 11:54,222.8,222.8,11,6,179,74,04:52,04:54,04:27,5.21374,00:25:31,00:25:25,339,Vivoactive HR 3.50.0.0,48.02492123,7.826711769,48.02500274,7.819511624,11.1,27,OSO,50,fair,no
1712125369,Running,25/04/2017 06:00,25/04/2017 06:40,159.8,159.8,21,21,170,88,05:31,05:31,04:40,6.80645,00:40:09,00:37:31,441,Vivoactive HR 3.50.0.0,48.02492123,7.826711769,48.02500274,7.819511624,6.1,10,SO,93,fair,no
1712125334,Running,24/04/2017 06:10,24/04/2017 07:07,257.2,257.2,23,25,171,96,06:04,06:04,04:52,8.86663,00:57:01,00:53:49,638,Vivoactive HR 3.50.0.0,48.02492123,7.826711769,48.02500274,7.819511624,2.8,8,W ,70,fair,no
1689746438,Running,21/04/2017 12:04,21/04/2017 13:04,499,499,269,266,178,84,05:41,05:42,04:29,10.43221,00:59:59,00:59:22,756,Vivoactive HR 3.50.0.0,48.02492123,7.826711769,48.02500274,7.819511624,11.1,5,N,32,fair,no
1676415824,Running,14/04/2017 11:22,14/04/2017 12:26,470.96,470.96,263.31,264.65,173,101,05:59,05:59,04:43,10.52496,01:03:06,01:02:56,749,Vivoactive HR 3.50.0.0,48.02492123,7.826711769,48.02500274,7.819511624,12.2,8,W ,54,fair,no
1670817367,Running,11/04/2017 11:36,11/04/2017 12:40,457.2,457.2,268,289,175,93,06:00,06:00,04:12,10.61645,01:04:07,01:03:47,771,Vivoactive HR 3.40.0.0,48.02492123,7.826711769,48.02500274,7.819511624,10,13,NNO,62,fair,no
1670817325,Running,08/04/2017 13:14,08/04/2017 14:09,442.6,442.6,212,211,179,103,05:53,05:52,04:35,9.28729,00:55:07,00:54:34,679,Vivoactive HR 3.40.0.0,48.02492123,7.826711769,48.02500274,7.819511624,17.2,8,NO,52,fair,no
1653272214,Running,30/03/2017 15:28,30/03/2017 16:10,440.6,440.6,202,196,176,105,08:29,08:28,04:19,4.84635,00:41:40,00:41:05,490,Vivoactive HR 3.40.0.0,48.02492123,7.826711769,48.02500274,7.819511624,20,6,W ,40,fair,no
1653272163,Running,28/03/2017 13:58,28/03/2017 14:47,450,450,229,227,177,95,06:19,06:19,04:21,7.67761,00:48:36,00:48:33,594,Vivoactive HR 3.40.0.0,48.02492123,7.826711769,48.02500274,7.819511624,20,10,S,37,fair,no
1638513069,Running,25/03/2017 09:44,25/03/2017 10:27,449.4,449.4,210,202,170,93,06:11,06:11,04:47,6.84421,00:42:39,00:42:19,497,Vivoactive HR 3.40.0.0,48.02492123,7.826711769,48.02500274,7.819511624,7.8,16,NNO,87,fair,no
1637422532,Running,23/03/2017 16:29,23/03/2017 17:12,445.8,445.8,198,198,173,94,06:04,06:04,04:57,6.99701,00:42:39,00:42:25,515,Vivoactive HR 3.40.0.0,48.01673345,7.884099763,48.01942924,7.855951069,17.2,21,NNO,55,mostly clear,no
1637422472,Running,19/03/2017 16:07,19/03/2017 16:34,297.4,297.4,70,68,173,100,05:09,05:09,03:42,5.04683,00:26:43,00:25:57,319,Vivoactive HR 3.40.0.0,48.0193559,7.8561607,48.01947182,7.855990967,15,23,SSW,72,partly cloudy,no
1625233698,Running,17/03/2017 13:29,17/03/2017 14:27,434.6,434.6,213,211,176,100,06:23,06:23,04:42,9.06206,00:58:20,00:57:51,734,Vivoactive HR 3.40.0.0,48.01762738,7.882339647,48.01935506,7.855932629,18,10,N,65,fair,no
1625233663,Running,15/03/2017 14:31,15/03/2017 15:28,442.2,442.2,215,213,177,86,06:04,06:05,04:32,9.28995,00:56:45,00:56:26,767,Vivoactive HR 3.40.0.0,48.01913705,7.856412744,48.01936252,7.856056262,18,10,N,65,fair,no
1616887891,Running,12/03/2017 14:49,12/03/2017 15:44,443.4,443.4,216,212,178,97,05:58,05:58,04:20,9.23407,00:55:30,00:55:04,834,Vivoactive HR 3.40.0.0,48.01921877,7.856650036,48.01938079,7.856043521,18,10,N,65,fair,no
1616887827,Running,11/03/2017 09:28,11/03/2017 09:55,304.6,304.6,74,70,169,93,05:19,05:19,04:30,5.06357,00:26:55,00:26:55,381,Vivoactive HR 3.40.0.0,48.01913227,7.856526151,48.01943377,7.856074451,18,10,N,65,fair,no
1600778328,Running,26/02/2017 13:39,26/02/2017 14:07,308.6,308.6,73,77,178,120,05:21,05:24,04:20,5.14983,00:28:01,00:27:32,430,Vivoactive HR 3.40.0.0,48.02492123,7.826711769,48.02500274,7.819511624,10,18,S,54,fair,no
1590545908,Running,25/02/2017 11:36,25/02/2017 12:14,305.2,305.2,95,90,184,108,05:40,05:42,04:38,6.63619,00:38:34,00:37:37,626,Vivoactive HR 3.40.0.0,48.02492123,7.826711769,48.02500274,7.819511624,5,3,N,81,fair,no
1581329976,Running,19/02/2017 13:34,19/02/2017 14:03,300.6,300.6,73,70,162,75,05:21,05:25,04:16,5.03331,00:28:16,00:26:56,388,Vivoactive HR 3.40.0.0,48.02492123,7.826711769,48.02500274,7.819511624,8.9,10,SSW,62,fair,no
1579593787,Running,18/02/2017 16:14,18/02/2017 16:41,294.4,294.4,72,72,183,93,05:21,05:24,04:21,5.01479,00:27:03,00:26:48,366,Vivoactive HR 3.30.0.0,48.02492123,7.826711769,48.02500274,7.819511624,10,6,NNO,58,mostly clear,no
1577715948,Running,16/02/2017 16:22,16/02/2017 16:50,281.8,281.8,73,71,191,104,05:26,05:28,04:50,4.96855,00:27:22,00:27:01,387,Vivoactive HR 3.30.0.0,48.02492123,7.826711769,48.02500274,7.819511624,15,8,S,51,mostly clear,no
1559164359,Running,05/02/2017 13:56,05/02/2017 14:23,279.2,279.2,76,72,177,113,04:59,05:02,03:25,5.33116,00:26:48,00:26:32,350,Vivoactive HR 3.30.0.0,48.02492123,7.826711769,48.02500274,7.819511624,5,6,W ,100,light rain,yes
1559163234,Running,03/02/2017 14:30,03/02/2017 14:58,272.6,272.6,74,68,192,132,05:26,05:31,05:04,5.09182,00:28:05,00:27:39,409,Vivoactive HR 3.30.0.0,48.02492123,7.826711769,48.02500274,7.819511624,12.2,14,S,62,partly cloudy,no
1503320032,Running,31/12/2016 11:04,31/12/2016 11:30,747.2,747.2,84,75,176,115,05:03,05:08,04:29,5.06431,00:25:59,00:25:36,349,Vivoactive HR 3.30.0.0,48.02492123,7.826711769,48.02500274,7.819511624,-2.8,5,S,100,mist,yes
1503319978,Running,26/12/2016 10:51,26/12/2016 11:19,302.4,302.4,75,69,180,117,05:22,05:23,04:32,5.06166,00:27:49,00:27:09,371,Vivoactive HR 3.30.0.0,48.02492123,7.826711769,48.02500274,7.819511624,7.2,13,S,93,cloudy,no
1495486864,Running,25/12/2016 15:52,25/12/2016 16:27,416.8,416.8,226,259,182,99,06:10,06:13,04:26,5.49466,00:34:08,00:33:51,457,Vivoactive HR 3.30.0.0,48.02492123,7.826711769,48.02500274,7.819511624,10,8,S,71,cloudy,no
1478424835,Running,10/12/2016 14:00,10/12/2016 14:27,286,286,79,73,183,90,05:12,05:16,04:40,5.04681,00:26:33,00:26:17,370,Vivoactive HR 3.30.0.0,48.02492123,7.826711769,48.02500274,7.819511624,7.2,2,SSO,66,fair,no
1469882231,Running,03/12/2016 11:00,03/12/2016 11:42,458.8,458.8,220,209,177,107,06:00,06:02,04:30,6.88248,00:42:06,00:41:20,557,Vivoactive HR 3.30.0.0,48.02492123,7.826711769,48.02500274,7.819511624,1.1,8,N,100,mist,yes
1469058571,Running,02/12/2016 14:51,02/12/2016 15:18,302.8,302.8,78,74,174,99,05:09,05:13,04:19,5.04405,00:26:51,00:25:58,351,Vivoactive HR 3.30.0.0,48.02492123,7.826711769,48.02500274,7.819511624,3.9,6,N,87,mostly cloudy,no
1467778728,Running,01/12/2016 14:56,01/12/2016 15:42,285.8,285.8,245,232,180,92,05:50,05:54,04:33,7.85964,00:46:21,00:45:54,653,Vivoactive HR 3.30.0.0,48.02492123,7.826711769,48.02500274,7.819511624,6.1,5,N,52,fair,no
1462453056,Running,27/11/2016 09:46,27/11/2016 10:33,462.2,462.2,238,238,167,103,05:57,06:01,04:29,7.73334,00:46:41,00:45:57,553,Vivoactive HR 3.30.0.0,48.02492123,7.826711769,48.02500274,7.819511624,7.2,6,NNO,100,mist,no
1453109120,Running,19/11/2016 11:33,19/11/2016 12:01,303.6,303.6,80,74,168,81,05:28,05:33,04:51,5.06219,00:28:05,00:27:40,356,Vivoactive HR 3.30.0.0,48.02492123,7.826711769,48.02500274,7.819511624,6.1,11,SSW,100,mostly cloudy,no
1449838811,Running,16/11/2016 16:40,16/11/2016 17:08,303.2,303.2,73,68,179,100,05:26,05:28,04:34,5.0649,00:27:43,00:27:29,393,Vivoactive HR 3.30.0.0,48.02492123,7.826711769,48.02500274,7.819511624,10,16,S,100,mostly cloudy,no
1444300576,Running,12/11/2016 09:24,12/11/2016 09:50,198.2,198.2,78,78,171,84,05:09,05:12,04:21,5.01789,00:26:46,00:25:50,345,Vivoactive HR 3.30.0.0,48.02492123,7.826711769,48.02500274,7.819511624,2.8,5,N,93,cloudy,no
1441979099,Running,10/11/2016 15:24,10/11/2016 15:50,297.8,297.8,69,68,181,98,05:18,05:21,04:33,4.8938,00:26:26,00:25:58,372,Vivoactive HR 3.30.0.0,48.02492123,7.826711769,48.02500274,7.819511624,8.9,18,SW,76,light rain,yes
1441979057,Running,08/11/2016 06:08,08/11/2016 06:28,304.4,304.4,66,61,173,96,05:19,05:23,04:49,3.49451,00:19:13,00:18:35,253,Vivoactive HR 3.30.0.0,48.02492123,7.826711769,48.02500274,7.819511624,-1.1,5,S,100,fair,no
1415427085,Running,22/10/2016 10:15,22/10/2016 10:55,452.2,452.2,215,208,171,89,05:49,05:51,04:35,6.7628,00:39:54,00:39:23,527,Vivoactive HR 2.90.0.0,48.02492123,7.826711769,48.02500274,7.819511624,7.8,10,SSW,76,mostly cloudy,no
1412741214,Running,20/10/2016 06:14,20/10/2016 06:42,303.4,303.4,75,71,179,91,05:17,05:20,04:35,5.06541,00:27:18,00:26:45,394,Vivoactive HR 2.90.0.0,48.02492123,7.826711769,48.02500274,7.819511624,8.9,13,S,87,mostly cloudy,no
1407081922,Running,15/10/2016 12:00,15/10/2016 12:27,195.6,195.6,70,74,173,96,05:14,05:18,04:27,5.05449,00:26:49,00:26:26,377,Vivoactive HR 2.90.0.0,48.02492123,7.826711769,48.02500274,7.819511624,16.1,18,SSW,59,fair,no
1403499506,Running,13/10/2016 15:16,13/10/2016 15:51,196,196,83,81,171,98,05:02,05:07,04:02,6.67226,00:34:07,00:33:37,465,Vivoactive HR 2.90.0.0,48.02492123,7.826711769,48.02500274,7.819511624,11.1,8,N,62,fair,no
1399642711,Running,10/10/2016 17:24,10/10/2016 17:48,304.2,304.2,75,70,174,97,04:42,04:48,04:04,5.03507,00:24:14,00:23:42,340,Vivoactive HR 2.90.0.0,48.02492123,7.826711769,48.02500274,7.819511624,12.2,10,NNO,67,mostly cloudy,no
1395194145,Running,07/10/2016 16:49,07/10/2016 17:42,443.4,443.4,216,213,168,83,05:43,05:46,04:30,9.1548,00:53:13,00:52:19,710,Vivoactive HR 2.90.0.0,48.02492123,7.826711769,48.02500274,7.819511624,13.9,8,NNO,63,mostly cloudy,no
1393848573,Running,06/10/2016 15:30,06/10/2016 16:53,642.42,642.42,498.89,509.47,168,82,06:11,06:15,04:01,13.08406,01:23:11,01:20:52,"1,199",Vivoactive HR 2.90.0.0,48.02492123,7.826711769,48.02500274,7.819511624,12.2,19,NO,67,mostly cloudy,no
1389882184,Running,03/10/2016 16:36,03/10/2016 18:53,279.6,279.6,8.66,41.94,174,97,03:42,04:52,04:04,4.93589,00:24:12,02:16:45,386,Vivoactive HR 4.20.0.0,48.02492123,7.826711769,48.02500274,7.819511624,17.2,11,WNW,45,partly cloudy,no
1386523776,Running,01/10/2016 16:21,01/10/2016 17:00,446.34,446.34,205.19,206.89,174,97,05:34,05:40,04:08,6.85785,00:38:57,00:38:11,542,Vivoactive HR 4.20.0.0,48.02492123,7.826711769,48.02500274,7.819511624,17.2,11,S,94,light rain,yes
1385830022,Running,30/09/2016 16:13,30/09/2016 16:38,319.17,319.17,76.33,79.46,174,97,04:58,05:01,04:21,5.01038,00:25:10,00:24:54,398,Vivoactive HR 4.20.0.0,48.02492123,7.826711769,48.02500274,7.819511624,22.2,8,W ,53,fair,no
1380895815,Running,27/09/2016 13:58,27/09/2016 15:06,316.25,316.25,167.35,169.83,167,89,05:52,05:57,04:35,11.43343,01:08:03,01:07:10,865,Vivoactive HR 4.20.0.0,48.02492123,7.826711769,48.02500274,7.819511624,20,6,N,60,mostly clear,no
1375924642,Running,24/09/2016 12:36,24/09/2016 13:02,307.59,307.59,69.16,71.91,174,97,04:57,05:03,04:09,5.06031,00:25:46,00:25:04,398,Vivoactive HR 4.20.0.0,48.02492123,7.826711769,48.02500274,7.819511624,17.2,2,N,68,fair,no
1374757819,Running,23/09/2016 14:25,23/09/2016 15:42,456.66,456.66,390.34,392.94,174,97,06:18,06:23,04:16,11.97663,01:17:07,01:15:23,923,Vivoactive HR 4.20.0.0,48.02492123,7.826711769,48.02500274,7.819511624,20,8,NW,53,mostly clear,no
1368959971,Running,19/09/2016 13:40,19/09/2016 14:36,443.88,443.88,211.33,215.1,174,97,06:04,06:10,04:08,9.04333,00:55:43,00:54:51,712,Vivoactive HR 4.20.0.0,48.02492123,7.826711769,48.02500274,7.819511624,17.8,5,N,64,mostly cloudy,no
1365322706,Running,17/09/2016 11:22,17/09/2016 12:33,317.6,317.6,182.34,183.39,174,97,06:03,06:07,04:15,11.44591,01:10:10,01:09:14,892,Vivoactive HR 4.20.0.0,48.02492123,7.826711769,48.02500274,7.819511624,17.8,3,N,73,fair,no
1364120580,Running,16/09/2016 15:02,16/09/2016 15:28,308.63,308.63,69.76,72.5,174,97,05:03,05:08,04:23,5.02065,00:25:46,00:25:19,388,Vivoactive HR 4.20.0.0,48.02492123,7.826711769,48.02500274,7.819511624,18.9,6,N,64,mostly cloudy,no
1361005812,Running,14/09/2016 14:35,14/09/2016 15:14,456.73,456.73,216.91,217.28,174,97,06:18,06:23,04:08,6.10794,00:38:58,00:38:26,453,Vivoactive HR 4.20.0.0,48.02492123,7.826711769,48.02500274,7.819511624,27.2,5,N,48,fair,no
1356756720,Running,12/09/2016 17:46,12/09/2016 18:27,319.13,319.13,116.08,113.96,174,97,05:39,05:45,04:17,7.21607,00:41:27,00:40:47,567,Vivoactive HR 4.20.0.0,48.02492123,7.826711769,48.02500274,7.819511624,31.1,3,N,33,fair,no
1346243421,Running,08/09/2016 12:49,08/09/2016 13:16,307.59,307.59,69.46,73.04,174,97,05:16,05:21,04:41,5.06206,00:27:04,00:26:42,396,Vivoactive HR 4.20.0.0,48.02492123,7.826711769,48.02500274,7.819511624,27.2,11,SSW,48,fair,no
1342292594,Running,06/09/2016 14:25,06/09/2016 15:12,456.46,456.46,209.94,212.86,174,97,06:12,06:15,04:08,7.58918,00:47:24,00:47:00,562,Vivoactive HR 4.20.0.0,48.02492123,7.826711769,48.02500274,7.819511624,22.8,11,N,53,mostly clear,no
1336112517,Running,03/09/2016 18:24,03/09/2016 19:02,456.65,456.65,212.98,213.32,174,97,06:12,06:17,03:50,6.0777,00:38:38,00:37:42,441,Vivoactive HR 4.20.0.0,48.02492123,7.826711769,48.02500274,7.819511624,27.8,10,S,37,fair,no
1333212708,Running,02/09/2016 10:15,02/09/2016 11:31,494.14,494.14,516.85,518.29,174,97,05:58,06:08,00:29,12.36673,01:15:53,01:13:50,956,Vivoactive HR 4.20.0.0,48.02492123,7.826711769,48.02500274,7.819511624,21.1,3,N,60,fair,no
1328511240,Running,30/08/2016 17:16,30/08/2016 17:42,310.01,310.01,69.69,71.5,174,97,05:05,05:07,03:15,5.09508,00:26:05,00:25:53,397,Vivoactive HR 4.20.0.0,48.02492123,7.826711769,48.02500274,7.819511624,26.1,21,N,45,fair,no
1324421362,Running,28/08/2016 07:31,28/08/2016 08:00,308.74,308.74,72.83,72.96,174,97,05:34,05:41,04:25,5.03913,00:29:12,00:28:05,384,Vivoactive HR 4.20.0.0,48.02492123,7.826711769,48.02500274,7.819511624,18.9,3,S,88,fair,no
1323339525,Running,27/08/2016 11:36,27/08/2016 12:03,308.36,308.36,63.23,66.12,174,97,05:16,05:21,04:31,5.04014,00:27:01,00:26:32,394,Vivoactive HR 4.20.0.0,48.02492123,7.826711769,48.02500274,7.819511624,27.8,3,N,58,fair,no
1320313680,Running,25/08/2016 12:32,25/08/2016 13:21,456.81,456.81,219.57,222.48,174,97,06:18,06:24,04:36,7.61855,00:48:43,00:48:02,577,Vivoactive HR 4.20.0.0,48.02492123,7.826711769,48.02500274,7.819511624,26.1,6,SW,54,fair,no
1318476604,Running,23/08/2016 17:33,23/08/2016 17:50,307.47,307.47,70.32,70.06,174,97,04:59,05:04,04:15,3.42287,00:17:19,00:17:02,266,Vivoactive HR 4.20.0.0,48.02492123,7.826711769,48.02500274,7.819511624,27.8,14,NNO,48,fair,no
1315677029,Running,22/08/2016 14:01,22/08/2016 14:29,310.62,310.62,72.07,75.56,174,97,05:31,05:36,03:36,5.01899,00:28:04,00:27:39,398,Vivoactive HR 4.20.0.0,48.02492123,7.826711769,48.02500274,7.819511624,21.1,3,N,49,partly cloudy,no
1315677016,Running,21/08/2016 09:15,21/08/2016 09:41,313.37,313.37,64.3,67.51,174,97,05:03,05:08,04:23,5.0234,00:25:47,00:25:24,400,Vivoactive HR 4.20.0.0,48.02492123,7.826711769,48.02500274,7.819511624,17.2,11,SW,88,mostly clear,no
1310687218,Running,19/08/2016 09:12,19/08/2016 10:00,456.78,456.78,240.93,243.6,174,97,06:07,06:12,04:12,7.74769,00:48:02,00:47:23,581,Vivoactive HR 4.20.0.0,48.02492123,7.826711769,48.02500274,7.819511624,17.8,6,SSW,94,mostly clear,no
1308419266,Running,17/08/2016 14:36,17/08/2016 15:03,308.38,308.38,63.16,65.26,174,97,05:25,05:31,03:57,4.94665,00:27:19,00:26:46,384,Vivoactive HR 4.20.0.0,48.02492123,7.826711769,48.02500274,7.819511624,22.2,13,NNO,65,fair,no
1305068132,Running,15/08/2016 15:46,15/08/2016 17:03,456.68,456.68,360.92,364.08,174,97,06:27,06:31,04:10,11.80578,01:16:54,01:16:04,891,Vivoactive HR 4.0.0.0,48.02492123,7.826711769,48.02500274,7.819511624,27.2,13,NNO,54,mostly clear,no
1301508121,Running,13/08/2016 08:10,13/08/2016 08:55,450.34,450.34,203.82,204.42,174,97,06:16,06:20,04:17,6.8751,00:44:11,00:43:07,545,Vivoactive HR 4.0.0.0,48.02492123,7.826711769,48.02500274,7.819511624,20,10,SSW,68,fair,no
1300004132,Running,12/08/2016 11:55,12/08/2016 12:23,308.05,308.05,62.59,53.17,174,97,05:41,05:45,04:41,4.90355,00:28:12,00:27:52,387,Vivoactive HR 4.0.0.0,48.02492123,7.826711769,48.02500274,7.819511624,18.9,13,S,60,mostly cloudy,no
1298666930,Running,11/08/2016 12:33,11/08/2016 13:20,456.79,456.79,218.23,221.96,174,97,06:06,06:11,04:06,7.60042,00:47:01,00:46:24,576,Vivoactive HR 4.0.0.0,48.02492123,7.826711769,48.02500274,7.819511624,17.2,5,N,63,mostly clear,no
1296783447,Running,09/08/2016 10:51,09/08/2016 11:49,309.41,309.41,134.5,132.61,174,97,05:40,05:43,04:15,10.02786,00:57:49,00:56:49,804,Vivoactive HR 3.80.0.0,48.02492123,7.826711769,48.02500274,7.819511624,17.2,6,NO,77,mostly cloudy,no
1293702794,Running,07/08/2016 09:26,07/08/2016 09:54,467.57,467.57,3.57,4.93,174,97,05:20,05:24,04:29,5.31054,00:28:41,00:28:20,415,Vivoactive HR 3.80.0.0,48.02492123,7.826711769,48.02500274,7.819511624,17.8,5,N,83,fair,no
1293702779,Running,06/08/2016 09:19,06/08/2016 09:45,467.49,467.49,3.46,4.7,174,97,04:54,05:01,04:02,5.30312,00:26:41,00:25:59,417,Vivoactive HR 3.80.0.0,48.02492123,7.826711769,48.02500274,7.819511624,15,5,W ,94,mostly cloudy,no
1288185545,Running,04/08/2016 14:48,04/08/2016 15:16,307.63,307.63,70.55,74.27,174,97,05:18,05:27,03:56,5.05955,00:27:55,00:26:51,395,Vivoactive HR 3.80.0.0,48.02492123,7.826711769,48.02500274,7.819511624,22.8,16,NNO,65,mostly clear,no
1286283124,Running,03/08/2016 13:34,03/08/2016 14:22,456.89,456.89,217.63,220.75,174,97,06:11,06:15,04:21,7.57971,00:47:25,00:46:50,589,Vivoactive HR 3.80.0.0,48.02492123,7.826711769,48.02500274,7.819511624,25,18,SSW,57,mostly clear,no
1281813186,Running,31/07/2016 10:36,31/07/2016 11:35,312.97,312.97,134.9,136.54,174,97,05:50,05:55,03:27,10.05124,00:59:25,00:58:40,825,Vivoactive HR 3.80.0.0,48.02492123,7.826711769,48.02500274,7.819511624,21.1,13,NW,69,fair,no
1279484235,Running,30/07/2016 08:28,30/07/2016 09:18,456.12,456.12,215.56,218.94,174,97,06:31,06:36,04:09,7.52721,00:49:42,00:49:06,579,Vivoactive HR 3.80.0.0,48.02492123,7.826711769,48.02500274,7.819511624,21.1,5,N,78,mostly clear,no
1275047500,Running,27/07/2016 17:34,27/07/2016 18:03,307.92,307.92,67.72,70.9,174,97,05:19,05:22,04:06,4.96353,00:28:42,00:26:24,392,Vivoactive HR 3.80.0.0,48.02492123,7.826711769,48.02500274,7.819511624,26.1,6,N,45,fair,no
1273607968,Running,26/07/2016 18:31,26/07/2016 18:49,308.42,308.42,62.78,63.85,174,97,05:02,05:06,04:08,3.45397,00:17:59,00:17:23,273,Vivoactive HR 3.80.0.0,48.02492123,7.826711769,48.02500274,7.819511624,27.2,8,NW,48,fair,no
1268238762,Running,23/07/2016 08:57,23/07/2016 09:39,456.65,456.65,206.98,209.81,174,97,06:47,06:54,03:41,6.0188,00:41:57,00:40:47,435,Vivoactive HR 3.80.0.0,48.02492123,7.826711769,48.02500274,7.819511624,20,2,N,88,fair,no
1265510007,Running,21/07/2016 08:05,21/07/2016 08:34,308.36,308.36,65.96,69.73,174,97,05:43,05:39,04:25,4.93391,00:28:34,00:28:14,396,Vivoactive HR 3.80.0.0,48.02492123,7.826711769,48.02500274,7.819511624,18.9,3,N,94,fair,no
1263971527,Running,19/07/2016 17:40,19/07/2016 18:09,312.59,312.59,71.16,73.86,174,97,05:22,05:29,03:10,5.00583,00:28:20,00:26:51,413,Vivoactive HR 3.80.0.0,48.02492123,7.826711769,48.02500274,7.819511624,31.1,13,NNO,43,fair,no
1260175899,Running,17/07/2016 10:06,17/07/2016 10:53,456.51,456.51,208.43,211.72,174,97,06:24,06:27,04:22,7.28608,00:47:10,00:46:39,564,Vivoactive HR 3.80.0.0,48.02492123,7.826711769,48.02500274,7.819511624,22.2,10,N,69,fair,no
1257020376,Running,15/07/2016 13:18,15/07/2016 13:56,396.58,396.58,157.62,161.02,174,97,05:57,06:03,04:41,6.38675,00:38:45,00:37:57,516,Vivoactive HR 3.70.0.0,48.02492123,7.826711769,48.02500274,7.819511624,17.8,13,NNW,52,mostly cloudy,no
1257020317,Running,14/07/2016 15:09,14/07/2016 15:36,307.26,307.26,68.01,71.37,174,97,05:24,05:24,03:41,4.96412,00:27:05,00:26:48,406,Vivoactive HR 3.70.0.0,48.02492123,7.826711769,48.02500274,7.819511624,16.1,18,WNW,63,showers,yes
1251515952,Running,11/07/2016 18:18,11/07/2016 18:37,308.56,308.56,70.44,69.74,174,97,05:29,05:35,03:48,3.42168,00:19:07,00:18:47,281,Vivoactive HR 3.70.0.0,48.02492123,7.826711769,48.02500274,7.819511624,22.2,8,NO,78,partly cloudy,no
1249069863,Running,10/07/2016 08:35,10/07/2016 09:02,308.38,308.38,68.7,71.93,174,97,05:21,05:25,04:48,5.01117,00:27:09,00:26:49,408,Vivoactive HR 3.70.0.0,48.02492123,7.826711769,48.02500274,7.819511624,22.2,2,N,69,fair,no
1246713325,Running,08/07/2016 11:31,08/07/2016 12:00,307.83,307.83,63.85,66.63,174,97,05:45,05:38,04:39,4.96816,00:28:51,00:28:32,421,Vivoactive HR 3.70.0.0,48.02492123,7.826711769,48.02500274,7.819511624,25,11,S,54,fair,no
1242848513,Running,05/07/2016 18:50,05/07/2016 19:09,307.87,307.87,67.94,67.6,174,97,05:21,05:23,04:12,3.41579,00:18:34,00:18:18,285,Vivoactive HR 3.70.0.0,48.02492123,7.826711769,48.02500274,7.819511624,25,16,WNW,41,fair,no
1238253380,Running,01/07/2016 16:15,01/07/2016 16:35,326.01,326.01,84.03,80.57,174,97,05:35,05:43,03:49,3.2336,00:20:21,00:18:04,281,Vivoactive HR 3.50.0.0,48.02492123,7.826711769,48.02500274,7.819511624,23.9,13,NO,78,mostly clear,no
1235134799,Running,29/06/2016 16:20,29/06/2016 16:40,325.69,325.69,72.45,70.13,174,97,06:02,06:02,03:07,3.18769,00:19:24,00:19:14,279,Vivoactive HR 3.50.0.0,48.02492123,7.826711769,48.02500274,7.819511624,23.9,8,S,65,mostly clear,no
1235135076,Running,28/06/2016 17:24,28/06/2016 18:05,405.08,405.08,169.35,166.75,174,97,06:02,06:07,04:26,6.69202,00:40:59,00:40:22,573,Vivoactive HR 3.50.0.0,48.02492123,7.826711769,48.02500274,7.819511624,22.2,14,SSW,61,fair,no
1231356877,Running,27/06/2016 10:34,27/06/2016 11:10,392.84,392.84,139.73,135.22,174,97,05:48,05:54,04:31,6.13313,00:36:12,00:35:33,522,Vivoactive HR 3.50.0.0,48.02492123,7.826711769,48.02500274,7.819511624,22.8,14,NNO,69,fair,no
1231355094,Running,25/06/2016 09:58,25/06/2016 10:26,328,328,89.2,87.15,174,97,05:42,05:45,04:51,4.00936,00:27:14,00:22:53,343,Vivoactive HR 3.50.0.0,48.02492123,7.826711769,48.02500274,7.819511624,22.8,18,NNO,73,mostly clear,no
1231354921,Running,24/06/2016 16:20,24/06/2016 16:37,326.68,326.68,70.87,72.59,174,97,05:28,05:31,04:38,3.10648,00:17:07,00:16:58,267,Vivoactive HR 3.50.0.0,48.02492123,7.826711769,48.02500274,7.819511624,27.8,18,SW,55,mostly clear,no
1226716000,Running,23/06/2016 15:26,23/06/2016 15:43,329.63,329.63,72.53,80.25,174,97,05:15,05:24,04:41,3132,00:16:55,00:16:27,267,Vivoactive HR 3.50.0.0,48.02492123,7.826711769,48.02500274,7.819511624,27.2,24,SW,39,fair,no
1226716207,Running,22/06/2016 16:22,22/06/2016 16:38,338.28,338.28,62.47,63.28,174,97,05:49,05:51,03:09,2.70119,00:16:01,00:15:44,224,Vivoactive HR 3.50.0.0,48.02492123,7.826711769,48.02500274,7.819511624,23.9,13,SW,57,fair,no
1226716363,Running,21/06/2016 16:25,21/06/2016 16:47,302.19,302.19,66.64,66.52,174,97,05:27,05:30,03:36,4.01373,00:22:06,00:21:51,343,Vivoactive HR 3.50.0.0,48.02492123,7.826711769,48.02500274,7.819511624,21.1,3,SO,78,fair,no
1226716855,Running,20/06/2016 17:16,20/06/2016 17:37,323.33,323.33,85.03,111.03,174,97,05:25,05:29,03:34,3.95872,00:21:43,00:21:28,341,Vivoactive HR 3.50.0.0,48.02492123,7.826711769,48.02500274,7.819511624,22.2,27,SW,61,fair,no
1226718161,Running,18/06/2016 12:07,18/06/2016 12:24,557.62,557.62,70.82,76.47,174,97,05:33,05:36,04:43,3.02501,00:16:57,00:16:46,258,Vivoactive HR 3.50.0.0,48.02492123,7.826711769,48.02500274,7.819511624,21.1,3,N,49,mostly clear,no
1213547758,Running,15/06/2016 14:38,15/06/2016 15:08,311.26,311.26,81.66,82.76,174,97,05:22,05:27,04:02,5.57298,00:30:29,00:29:56,477,Vivoactive HR 3.50.0.0,48.02492123,7.826711769,48.02500274,7.819511624,17.2,21,S,77,mostly clear,no
1212184359,Running,14/06/2016 14:33,14/06/2016 15:01,309.72,309.72,74.06,76.12,174,97,05:26,05:30,03:48,5.02961,00:28:01,00:27:20,428,Vivoactive HR 3.50.0.0,48.02492123,7.826711769,48.02500274,7.819511624,16.1,21,S,77,partly cloudy,no
1208826417,Running,12/06/2016 09:43,12/06/2016 10:12,308.37,308.37,69.82,72.96,174,97,05:48,05:51,04:02,5.00634,00:29:18,00:29:04,428,Vivoactive HR 3.50.0.0,48.02492123,7.826711769,48.02500274,7.819511624,15,5,N,88,rain,yes
1207350801,Running,11/06/2016 10:05,11/06/2016 10:35,307.74,307.74,51.54,54.59,174,97,05:55,06:01,04:59,4.98479,00:30:05,00:29:29,420,Vivoactive HR 3.50.0.0,48.02492123,7.826711769,48.02500274,7.819511624,17.2,10,S,88,cloudy,no
1205026379,Running,09/06/2016 14:56,09/06/2016 15:17,308.59,308.59,67.47,69.46,174,97,05:54,05:57,04:41,3.5558,00:21:10,00:21:00,308,Vivoactive HR 3.50.0.0,48.02492123,7.826711769,48.02500274,7.819511624,21.1,14,N,53,mostly clear,no
1203784563,Running,07/06/2016 09:10,07/06/2016 09:42,309.47,309.47,70.94,73.86,174,97,06:21,06:25,04:53,4.94082,00:31:43,00:31:20,386,Vivoactive HR 3.50.0.0,48.02492123,7.826711769,48.02500274,7.819511624,21.1,2,N,73,fair,no
912662907,Running,28/09/2015 17:19,28/09/2015 17:39,308.37,308.37,52.29,55.11,174,70,06:01,06:03,04:06,3.39513,00:20:32,00:20:27,287,Vivoactive HR 3.20.0.0,48.02492123,7.826711769,48.02500274,7.819511624,17.8,21,O,34,fair,no
908332579,Running,24/09/2015 12:55,24/09/2015 13:16,307.23,307.23,62.46,64.2,186,115,06:18,06:18,03:53,3.37103,00:21:15,00:21:15,351,Vivoactive HR 3.20.0.0,48.02492123,7.826711769,48.02500274,7.819511624,16.1,8,WSW,59,mostly clear,no
1199436564,Running,01/01/2015 03:34,05/06/2016 12:48,260.36,260.36,5.88,18.73,174,97,06:18,06:23,03:19,4.96411,00:31:41,120:00:00,401,Vivoactive HR 3.50.0.0,48.02492123,7.826711769,48.02500274,7.819511624,18,10,N,65,fair,no