,UserID,Name,Location,Total_Distance,Steps,Calories_Burned,Minutes,OverallActivity,Very_Active_Distance,Moderately_Active_Distance,Light_Active_Distance,Sedentary_Active_Distance,Very_Active_Minutes,Fairly_Active_Minutes,Lightly_Active_Minutes,Sedentary_Minutes
0,7423388,Danielle,QLD,8.020000458,10449,2536,385,337.7690005,2.029999971,0.479999989,5.519999981,0,26,10,349,587
1,7550634,Angel,NSW,5.820000172,8001,2902,181,249.4210002,2.279999971,0.899999976,2.640000105,0,30,16,135,1259
2,5304572,Joshua,NSW,0.109999999,152,2100,12,111.262,0,0,0.109999999,0,0,0,12,1303
3,3234489,Jeffrey,NSW,7.210000038,9543,2450,359,318.753,0,0.340000004,6.869999886,0,0,7,352,1077
4,8204212,Jill,QLD,7.860000134,10218,3013,283,310.2280001,0.340000004,0.730000019,6.789999962,0,6,19,258,1020
5,5472471,Erica,QLD,0.5,703,1993,30,115.853,0.059999999,0.200000003,0.239999995,0,2,13,15,1410
6,5523669,Patricia,SA,5.5,8204,2135,119,179.954,0.529999971,0.589999974,1.309999943,0,8,15,96,1234
7,8404852,Christopher,NSW,4.980000019,7412,1906,370,292.692,0.059999999,0.25,4.659999847,0.01,1,6,363,1070
8,5981505,Robert,VIC,1.99000001,2961,2095,194,206.701,0,0,1.99000001,0,0,0,194,840
9,2766891,Anthony,NSW,5.829999924,7706,2712,251,274.6359999,0,0,5.820000172,0,0,0,251,1189
10,5521373,Jeffery,NSW,9.199999809,13238,1650,289,249.4379998,3.690000057,2.099999905,3.410000086,0,43,52,194,687
11,7019877,William,VIC,8.899999619,14070,1959,319,280.4199996,2.920000076,1.080000043,4.880000114,0,45,24,250,857
12,4344769,Anthony,NSW,1.159999967,1675,2351,95,167.885,0,0,1.159999967,0,0,0,95,1167
13,1103355,James,NSW,2.269999981,3428,1692,190,185.298,0,0,2.269999981,0,0,0,190,1121
14,2262752,Debra,QLD,8.180000305,10232,2008,154,195.8120003,6.239999771,0.230000004,1.700000048,0,45,5,104,1286
15,6664789,Amy,VIC,8.350000381,12627,2182,334,297.0770004,2.50999999,0.239999995,5.590000153,0,38,8,288,621
16,7113790,Bridget,QLD,2.680000067,3365,1838,133,164.4450001,0,0,2.680000067,0,0,0,133,673
17,5721339,Lisa,WA,5.440000057,8237,1973,272,248.3270001,1.610000014,1,2.829999924,0,23,16,233,1116
18,4275709,Adam,NSW,10,14112,1655,254,233.862,3.269999981,4.559999943,2.170000076,0,30,95,129,660
19,1084654,Linda,WA,7.099999905,10742,2046,271,255.6419999,2.099999905,2.130000114,2.869999886,0,35,41,195,659
20,6147581,Helen,QLD,7.289999962,10379,2473,321,301.819,2.609999895,0.340000004,4.329999924,0,36,8,277,1119
21,2954354,Matthew,VIC,3.230000019,4974,1446,151,156.004,0,0,3.230000019,0,0,0,151,1289
22,9242680,Eric,NSW,7.010000229,10611,2262,392,326.7210002,1.00999999,0.5,5.510000229,0,14,8,370,1048
23,3428388,Susan,TAS,6.829999924,10113,2344,361,314.6429999,2,0.620000005,4.199999809,0,28,13,320,964
24,9916786,Matthew,VIC,3.220000029,4496,2828,174,236.116,0,0,3.150000095,0.050000001,0,0,174,950
25,3663046,Christopher,NSW,7.119999886,9787,3328,386,376.3069999,0.819999993,0.270000011,6.010000229,0.02,11,6,369,1054
26,6499720,Colin,NSW,2.599999905,4193,1491,229,195.8429999,0,0,2.599999905,0,0,0,229,665
27,7640913,Melanie,WA,1.769999981,2436,2430,125,188.206,0,0,1.75999999,0.01,0,0,125,1315
28,4416664,Cassandra,QLD,4.210000038,6001,2069,249,238.161,0,0,4.210000038,0,0,0,249,1191
29,4385659,Lindsay,WA,8.069999695,12058,1638,344,274.0279997,0,4.21999979,3.849999905,0,0,92,252,724
30,4385357,Jessica,QLD,7.090000153,10100,2177,203,227.5400002,3.150000095,0.550000012,3.390000105,0,41,11,151,1237
31,1068148,Teresa,ACT,1.389999986,2072,1974,137,170.662,0,0,1.389999986,0,0,0,137,841
32,2825665,Nicholas,VIC,0.039999999,62,1995,2,100.852,0,0,0.039999999,0,0,0,2,1438
33,3745683,Andrea,VIC,3.539999962,4468,2799,158,226.958,0,0,3.539999962,0,0,0,158,851
34,5056518,Maria,WA,8.409999847,11135,2606,480,389.8449998,0,0,8.409999847,0,0,0,480,425
35,5997895,Michelle,WA,7.210000038,9919,3123,275,310.779,0.800000012,1.720000029,4.690000057,0,11,41,223,1165
36,7397986,Barbara,VIC,3.029999971,4514,2211,229,232.594,0,0,3.029999971,0,0,0,229,809
37,2870928,Janet,QLD,5.639999866,7550,3004,209,267.8899999,2.5,0.469999999,2.670000076,0,45,21,143,1153
38,5155299,Brandon,NSW,4.110000134,5273,2647,194,238.7330001,0,1.039999962,3.069999933,0,0,27,167,1246
39,7249859,Jeremy,NSW,4.440000057,6711,2346,389,322.9510001,0,0,4.440000057,0,0,7,382,648
40,3305413,Keith,NSW,10.18000031,13236,3306,278,327.7160003,4.5,0.319999993,5.349999905,0,58,5,215,749
41,4910197,Christopher,NSW,6.650000095,8869,3841,335,375.0690001,2.559999943,0.75,3.349999905,0,104,37,194,639
42,6558019,Jesse,NSW,0,4,1348,1,67.904,0,0,0,0,0,0,1,1439
43,6414709,Craig,NSW,4.269999981,6466,1931,239,226.786,0.330000013,0.819999993,3.109999895,0.01,5,18,216,1201
44,1271836,Joshua,NSW,2.230000019,2752,1240,68,100.982,0,0,2.230000019,0,0,0,68,241
45,4584702,Cynthia,QLD,4.559999943,5843,2683,190,239.5529999,0.140000001,1.190000057,3.230000019,0,2,22,166,1250
46,8281369,Michael,VIC,5.409999847,8093,2284,250,252.7029998,0.129999995,1.129999995,4.150000095,0,2,25,223,1190
47,3299435,Mitchell,VIC,2.160000086,3520,2049,125,170.6300001,0,0,2.150000095,0,0,0,125,566
48,3658505,Joseph,NSW,4.75,6277,2175,264,251.777,0,0,4.730000019,0.02,0,0,264,800
49,2271741,Sharon,SA,5.210000038,6885,2766,271,285.895,0,0,5.190000057,0.02,0,0,271,1169
50,4769315,Deborah,QLD,4.090000153,5995,2010,416,318.5850002,0,0,4.090000153,0,0,0,416,1024
51,2046797,Chelsea,QLD,11.30000019,14890,3060,297,327.6900002,4.929999828,0.379999995,5.96999979,0,58,8,231,1143
52,4047262,George,NSW,7.190000057,10119,2793,354,333.9590001,1.429999948,0.660000026,5.110000134,0,55,24,275,1086
53,1564685,Jessica,QLD,2.25999999,3414,1657,147,162.024,0,0,2.25999999,0,0,0,147,1293
54,3879190,Frank,NSW,6.059999943,9010,1468,240,208.4699999,1.049999952,1.75,3.25999999,0,15,42,183,644
55,6596411,Noah,VIC,8.779999733,12414,1638,307,256.5939997,2.24000001,2.450000048,3.960000038,0,19,67,221,738
56,2007293,Veronica,ACT,3.369999886,4697,2496,122,193.8669999,0.469999999,0.930000007,1.929999948,0,12,35,75,1318
57,5774183,Danielle,QLD,7.320000172,9023,3033,255,295.4930002,1.129999995,0.419999987,5.769999981,0,14,9,232,738
58,4366612,Angela,VIC,5.079999924,8198,1736,383,291.5779999,0,0,5.079999924,0,0,0,383,511
59,9411855,Gabrielle,QLD,6.369999886,8757,3011,228,279.6769999,2.25,0.569999993,3.549999952,0,29,13,186,1212
60,6267180,Megan,WA,7.75,10645,1545,218,204.645,3.74000001,1.299999952,2.710000038,0,36,32,150,744
61,8807313,Kimberly,QLD,1.590000033,2483,2009,126,167.523,0,0,1.590000033,0,0,0,126,937
62,3704238,Jeremy,NSW,6.920000076,10465,2133,309,278.5350001,0.07,1.419999957,5.429999828,0,1,24,284,720
63,3630708,Antonio,NSW,4.03000021,5394,2286,164,205.7240002,0,0,3.940000057,0,0,0,164,1276
64,4494679,Leslie,NSW,5.789999962,8283,2057,357,295.423,1.850000024,0.050000001,3.869999886,0.01,22,2,333,1083
65,6517209,Joseph,NSW,1.789999962,2503,2280,96,166.293,0.159999996,0.159999996,1.480000019,0,3,9,84,1344
66,2767640,Jason,NSW,5.21999979,7891,2066,383,307.9109998,0,0,5.21999979,0,0,0,383,1057
67,7723771,Sherri,SA,6.420000076,8596,4022,324,378.1160001,3.329999924,0.310000002,2.779999971,0,118,30,176,662
68,2285160,Nancy,WA,3.380000114,4940,1897,138,172.1700001,2.279999971,0.550000012,0.550000012,0,75,11,52,1302
69,7080526,Leonard,NSW,3.480000019,5267,1953,268,240.397,0.600000024,0.280000001,2.599999905,0,21,10,237,1172
70,6173036,Diana,QLD,5.139999866,6805,3294,269,311.1449999,1.809999943,0.400000006,2.930000067,0,63,16,190,773
71,2425472,Randall,VIC,7.429999828,9167,3064,291,315.2969998,0.49000001,0.819999993,6.110000134,0,6,15,270,730
72,1048984,Robin,SA,0.460000008,637,1922,20,107.197,0,0,0.460000008,0,0,0,20,1420
73,7556168,Stephen,VIC,3.50999999,5202,1780,234,214.712,0,0.389999986,3.109999895,0,0,11,223,1206
74,2504384,Joseph,NSW,2.369999886,3587,928,113,108.8569999,0,0.25,2.109999895,0,0,8,105,127
75,7940119,Anna,VIC,16.30999947,18258,3427,299,355.4179995,10.22999954,0.029999999,5.96999979,0.050000001,61,2,236,1141
76,2737095,Jose,NSW,2.670000076,3673,2344,86,166.5430001,0,0,2.660000086,0.01,0,0,86,1354
77,5780450,Brenda,QLD,8.109999657,10686,2847,266,294.1459997,1.080000043,0.200000003,6.800000191,0,17,4,245,1174
78,8469344,Rachael,SA,4.21999979,6497,1492,202,186.3169998,0,0,4.199999809,0.02,0,0,202,1238
79,3109818,Reginald,VIC,5.150000095,7795,2121,309,273.4950001,0.589999974,0.839999974,3.730000019,0,17,30,262,1131
80,3231785,Jeffrey,NSW,5.559999943,7439,3014,292,309.6989999,1.120000005,0.349999994,4.070000172,0,37,20,235,732
81,4853339,Whitney,NT,0.519999981,772,1403,40,91.44199998,0,0,0.519999981,0,0,0,40,1400
82,1996107,William,VIC,4.880000114,7114,1407,213,188.8440001,1.370000005,0.289999992,3.220000029,0,15,8,190,804
83,8130144,Christopher,NSW,4.639999866,6798,2014,370,297.1379999,1.080000043,0.200000003,3.349999905,0,20,7,343,1070
84,5545583,Brandon,NSW,5.440000057,6708,2812,197,251.2480001,0.879999995,0.370000005,4.190000057,0,10,8,179,757
85,4747389,Daniel,NSW,9.710000038,11835,2179,294,277.495,3.99000001,2.099999905,3.50999999,0.109999999,53,27,214,708
86,5142807,Courtney,QLD,2.619999886,3843,1669,206,192.9129999,0,0,2.609999895,0.01,0,0,206,1234
87,8988004,Laura,WA,3.130000114,4369,2704,177,231.1990001,0,0,3.099999905,0.01,0,0,177,855
88,7245035,Robert,VIC,3.910000086,5153,2018,241,230.4630001,0,0,3.890000105,0,0,0,241,759
89,4602279,Bryan,NSW,4.199999809,6227,1899,290,250.3769998,0,0,4.199999809,0,0,0,290,1150
90,6515989,Patrick,VIC,1.960000038,2923,2070,180,198.383,0,0,1.960000038,0,0,0,180,897
91,3121690,Wendy,NT,3.319999933,5029,1705,199,193.0989999,0,0,3.319999933,0,0,0,199,720
92,1491234,Allison,VIC,5.409999847,7913,1835,248,229.0729998,2.160000086,0.340000004,2.910000086,0,28,7,213,1192
93,6401218,Tasha,ACT,12.65999985,17076,3133,303,337.8859999,9.079999924,0.230000004,3.349999905,0,102,6,195,1137
94,7914550,Michelle,WA,0.779999971,1219,1963,84,142.149,0,0,0.779999971,0,0,0,84,853
95,7167294,Alexander,NSW,5.079999924,7451,1908,335,275.4309999,0,0,5.059999943,0.02,0,0,335,1105
96,7906726,Jennifer,QLD,5.119999886,7618,2004,412,318.9379999,0,0.219999999,4.880000114,0.02,0,8,404,1028
97,6888794,Erin,QLD,2.039999962,3134,1359,112,129.124,0,0,2.039999962,0,0,0,112,1328
98,8558158,Amanda,VIC,6.710000038,10145,2027,313,274.705,0.330000013,0.680000007,5.690000057,0,5,13,295,634
99,7510425,Joseph,NSW,7.28000021,9461,2929,261,293.6910002,0.939999998,1.059999943,5.269999981,0,14,23,224,673
100,9511017,Danielle,QLD,4.71999979,6238,2796,302,301.7579998,0,0,4.71999979,0,0,0,302,1138
101,8887739,Daniel,NSW,7.539999962,12167,1926,475,353.507,0,0,7.539999962,0,0,0,475,479
102,1769598,Ryan,VIC,6.400000095,9634,2117,330,286.8840001,0.550000012,1.139999986,4.710000038,0,7,19,304,1110
103,6292895,Shawn,VIC,10.13000011,13175,3425,340,364.5550001,2.109999895,2.089999914,5.929999828,0,33,45,262,1100
104,8971379,Stephanie,TAS,11.11999989,15300,3493,305,353.5699999,4.099999905,1.879999995,5.090000153,0,51,42,212,1135
105,4331068,Nancy,WA,3.039999962,4562,1813,141,168.752,1.179999948,0.49000001,1.370000005,0,19,14,108,1299
106,4256415,Jose,NSW,6.820000172,10320,2034,324,280.8400002,0.550000012,2.019999981,4.25,0,7,38,279,697
107,1874371,Vincent,VIC,3.529999971,5273,2098,202,214.703,0,0,3.529999971,0,0,0,202,1238
108,6654237,Guy,NSW,7.070000172,10387,2781,235,274.0070002,4.159999847,0.769999981,2.119999886,0,70,33,132,726
109,1973548,Rita,SA,1.5,2424,1356,141,142.224,0,0,1.5,0,0,0,141,785
110,4344014,Monica,WA,9.489999771,13658,2530,389,344.1479998,2.630000114,1.409999967,5.449999809,0,27,34,328,957
111,8064746,Kenneth,NSW,6.25,9451,2185,379,314.451,0.02,0.270000011,5.949999809,0,1,11,367,985
112,7216204,Danielle,QLD,8.380000114,12461,2924,273,303.5410001,3.819999933,1.429999948,3.119999886,0,84,35,154,834
113,6193542,Chelsea,QLD,7.130000114,8793,3061,291,314.4730001,0.159999996,1.230000019,5.730000019,0,2,29,260,717
114,3959034,Eric,NSW,9.729999542,12474,3142,211,284.8039995,6.599999905,0.270000011,2.869999886,0,77,5,129,1229
115,5574293,Kathryn,QLD,4.900000095,6175,2982,182,251.1750001,0.25,0.360000014,4.269999981,0,3,7,172,767
116,7706971,Amber,VIC,3.680000067,5933,1595,288,233.3630001,0,0,3.680000067,0,0,0,288,1018
117,1043585,Kimberly,QLD,14.30000019,20067,3180,479,432.8670002,4.309999943,2.049999952,7.949999809,0,55,42,382,961
118,1109556,Aaron,NSW,2.670000076,4014,1763,184,186.8340001,0,0,2.650000095,0,0,0,184,218
119,2575557,Mario,VIC,6.119999886,9123,2734,256,279.9429999,2.029999971,0.330000013,3.660000086,0,35,32,189,787
120,9306461,Andrew,NSW,6.260000229,9471,2187,360,305.0810002,0,0,6.260000229,0,0,0,360,584
121,3009021,Sarah,SA,5.920000076,7924,3544,298,340.0440001,2.839999914,0.610000014,2.470000029,0,97,36,165,739
122,2201482,Natasha,WA,1.870000005,2824,1651,120,147.244,0,0,1.870000005,0,0,0,120,1320
123,1542335,Marie,WA,5.190000057,7726,1906,345,280.7160001,0,0,5.190000057,0,0,0,345,1095
124,5270070,Kyle,NSW,0.090000004,144,1720,9,90.734,0,0,0.090000004,0,0,0,9,1431
125,7700379,Brian,NSW,3.730000019,6017,1576,260,218.547,0,0,3.730000019,0,0,0,260,821
126,4560920,Natalie,WA,4.900000095,7286,2241,412,330.2360001,0.460000008,0,4.420000076,0.02,46,0,366,1028
127,7860006,Stacey,SA,1.419999957,1982,3051,141,226.452,0.449999988,0.370000005,0.589999974,0,65,21,55,1222
128,3484413,Christopher,NSW,3.519999981,4512,2596,129,202.332,0.779999971,0.119999997,2.039999962,0,10,2,117,1311
129,3907360,Todd,VIC,9.239999771,12363,4501,415,454.1529998,5.829999924,0.790000021,2.609999895,0,207,45,163,621
130,6895544,Chad,NSW,5.960000038,8911,1481,233,205.421,2.329999924,0.579999983,3.059999943,0,33,12,188,731
131,6697469,Kathleen,QLD,2.599999905,3761,2638,192,234.2609999,0,0,2.599999905,0,0,0,192,1058
132,3235000,Katie,QLD,17.62000084,19377,3659,321,380.4470008,12.28999996,0.419999987,4.889999866,0,82,13,226,1119
133,7908531,David,NSW,3.579999924,5250,1946,321,266.6299999,1.059999943,0.090000004,2.420000076,0.01,17,4,300,1119
134,5322252,Thomas,VIC,3.50999999,5232,2246,240,241.042,0,0,3.50999999,0,0,0,240,741
135,6822184,Andrea,VIC,2.450000048,3135,2443,134,194.735,0,0,2.430000067,0,0,0,134,1306
136,1402690,Joseph,NSW,6.210000038,9259,2314,398,330.169,0,0.280000001,5.929999828,0,0,8,390,544
137,3548421,Monique,WA,4.949999809,6108,2784,225,262.7579998,0.07,0.349999994,4.539999962,0,1,8,216,765
138,2954109,Rodney,VIC,7.960000038,9810,3069,286,314.22,0.779999971,2.160000086,4.980000019,0,10,41,235,784
139,5422880,Jason,NSW,4.329999924,6440,1826,319,261.5699999,0,0,4.320000172,0.01,0,0,319,1121
140,8205547,Amber,VIC,11.11999989,17022,2324,358,323.3419999,4,2.450000048,4.670000076,0,61,41,256,693
141,9323735,Jessica,QLD,7.78000021,10122,2955,0,165.6520002,0,0,0,0,0,0,0,1440
142,7457294,James,NSW,6.840000153,9405,3108,283,313.1450002,0.200000003,2.319999933,4.309999943,0,3,53,227,1157
143,2384250,Larry,NSW,6.380000114,9482,2095,303,272.1120001,1.269999981,0.519999981,4.599999905,0,15,11,277,653
144,1061087,Wanda,NT,1.159999967,1715,1481,82,117.925,0,0,1.159999967,0,0,0,82,1358
145,7409907,Debra,QLD,12.51000023,16057,3103,276,321.7170002,9.670000076,0.25,2.579999924,0,100,6,170,1164
146,2496176,Samuel,VIC,1.769999981,2713,1570,148,156.983,0,0,1.769999981,0,0,0,148,598
147,1039353,Zachary,VIC,5.400000095,7150,2225,312,279.8000001,0,0,5.400000095,0,0,0,312,702
148,7484531,David,NSW,5.920000076,7245,2859,240,276.1150001,0.379999995,1.74000001,3.75999999,0,5,40,195,1131
149,4360011,Jeffrey,NSW,8.399999619,10096,3147,241,296.3459996,3.769999981,0.079999998,4.550000191,0,33,4,204,935
150,8654909,Matthew,VIC,3.829999924,5263,2750,177,235.0929999,0.219999999,0.150000006,3.450000048,0,3,4,170,1263
151,6725570,Jeffrey,NSW,6.119999886,8539,3654,350,372.3589999,0.150000006,0.239999995,5.679999828,0,4,15,331,712
152,1416880,Chad,NSW,10.43000031,12857,3287,326,350.6370003,0.680000007,6.210000038,3.539999962,0,9,125,192,1019
153,8072695,Crystal,QLD,0.839999974,1320,1934,82,139.86,0,0,0.839999974,0,0,0,82,806
154,8433296,Jeremy,NSW,9.670000076,12200,4044,284,366.0700001,4.909999847,0.589999974,4.179999828,0,113,12,159,769
155,5965050,Rebecca,SA,8.779999733,13072,1630,312,259.3519997,0.07,5.400000095,3.309999943,0,1,115,196,676
156,1813168,Michele,WA,5.360000134,7990,2175,313,278.6000001,0.449999988,0.790000021,4.119999886,0,6,18,289,624
157,4782875,John,NSW,3.950000048,5980,1861,227,216.48,0,0,3.950000048,0,0,0,227,732
158,3995765,Elizabeth,QLD,4.300000191,6474,1655,258,222.5240002,0.899999976,1.279999971,2.119999886,0.01,11,23,224,1182
159,8734102,Jason,NSW,1.029999971,1551,1466,86,118.881,0,0,1.029999971,0,0,0,86,862
160,6595108,David,NSW,7.670000076,11459,2553,304,298.7790001,3,0.810000002,3.859999895,0,44,13,247,1136
161,6674719,Selena,SA,2.680000067,3973,1696,191,186.9530001,0,0,2.680000067,0,0,0,191,1249
162,9658144,Ashley,VIC,7.25,9143,3788,266,338.793,1.389999986,0.589999974,5.269999981,0,72,10,184,763
163,7609280,Thomas,VIC,9.079999924,13743,2486,459,376.6229999,0.419999987,0.970000029,7.699999809,0,6,21,432,844
164,6500306,Kristen,WA,6.03000021,8844,2065,401,318.6240002,0.340000004,1.029999971,4.650000095,0.01,6,25,370,1039
165,5372093,Lindsey,WA,8.130000114,12332,4142,404,429.5620001,0.079999998,0.959999979,6.989999771,0,105,28,271,1036
166,6031595,Collin,NSW,10.85999966,16556,2254,335,307.6159997,4.159999847,1.980000019,4.710000038,0,58,38,239,689
167,6478047,Ryan,VIC,5.920000076,9107,1572,236,211.6270001,0,0,5.909999847,0.01,0,0,236,1204
168,2119043,Rodney,VIC,5.309999943,8163,1432,146,158.0729999,0,0,5.309999943,0,0,0,146,1294
169,8103230,Stuart,VIC,19.34000015,21727,4015,345,414.3170001,12.78999996,0.289999992,6.159999847,0,96,17,232,1095
170,3558231,Jessica,QLD,2.589999914,3369,1623,108,141.1089999,0,0,2.589999914,0,0,0,108,825
171,7659908,Emily,QLD,2.359999895,3516,1966,243,225.6759999,0,0,2.359999895,0,46,0,197,1197
172,4080389,Tracey,ACT,4.639999866,6474,2484,138,204.3139999,2.269999981,0.460000008,1.899999976,0,33,13,92,1302
173,2661909,Corey,NSW,5.909999847,8796,1982,379,303.3059998,0.109999999,0.930000007,4.880000114,0,2,21,356,1061
174,3656138,Richard,VIC,3.25,4920,1856,247,224.47,0,0,3.25,0,0,0,247,1082
175,1110078,Matthew,VIC,2.200000048,3032,2489,118,188.682,0,0,2.200000048,0,0,0,118,1322
176,2915631,Michelle,WA,0.159999996,254,1141,17,65.964,0,0,0.159999996,0,0,0,17,1002
177,7314127,John,NSW,9.409999847,14560,2995,367,357.2199998,3.119999886,1.039999962,5.239999771,0,42,17,308,584
178,3008187,James,NSW,2.730000019,3758,2580,156,213.488,0.07,0.310000002,2.349999905,0,1,7,148,682
179,2659066,Shane,VIC,16.29999924,18193,3477,286,351.3429992,10.42000008,0.310000002,5.53000021,0,66,8,212,1154
180,3148815,Robert,VIC,0.01,31,1635,3,83.291,0,0,0.01,0,0,0,3,1437
181,8355740,Joshua,NSW,7.389999866,9733,2698,233,268.5229999,1.379999995,0.170000002,5.789999962,0,18,5,210,1207
182,5506259,John,NSW,6.429999828,8240,2846,214,263.9699998,0.689999998,2.00999999,3.720000029,0,9,43,162,1226
183,8473915,Sandra,SA,6.739999771,10460,1776,222,216.9999998,2.440000057,0.400000006,3.910000086,0,30,11,181,1218
184,8658426,Scott,VIC,5.320000172,8054,2062,323,277.9740002,0.119999997,0.519999981,4.679999828,0,2,13,308,1117
185,7404003,Michelle,WA,10.78999996,14433,2800,201,265.723,7.110000134,1.200000048,2.450000048,0,72,23,106,1182
186,5135314,Andrea,VIC,8.869999886,15118,3545,380,391.2379999,0,0.07,8.789999962,0,58,15,307,1060
187,1910681,Brent,NSW,5.630000114,6943,2859,224,267.5230001,0.079999998,0.660000026,4.869999886,0,1,16,207,682
188,2607618,Yvette,NT,6.480000019,9705,1728,222,213.585,3.190000057,0.779999971,2.50999999,0,38,20,164,539
189,4896830,Mary,WA,1.610000014,2470,1370,117,131.08,0,0,1.580000043,0.02,0,0,117,1323
190,5336787,Tanya,TAS,7.920000076,10299,3061,294,318.2690001,0.810000002,0.649999976,6.460000038,0,13,14,267,648
191,3755423,Sara,SA,5.539999962,7336,2469,412,342.326,0,0,5.539999962,0,0,0,412,456
192,1071295,Melinda,WA,8.229999542,10144,3115,303,325.6239995,0.319999993,2.029999971,5.880000114,0,4,36,263,728
193,8613287,Gabriel,NSW,6.260000229,9282,2132,247,245.6420002,2.089999914,1.039999962,3.130000114,0,30,26,191,1193
194,4445376,Todd,VIC,2.99000001,4525,1793,209,201.665,0.140000001,0.25999999,2.589999914,0,2,8,199,1231
195,6251035,Jason,NSW,15.97000027,20159,3411,317,365.1790003,12.34000015,0.209999993,3.359999895,0,119,5,193,1123
196,4612600,Richard,VIC,7.179999828,9501,2896,328,325.4809998,0,0,7.170000076,0.01,0,0,328,1112
197,1825816,Brian,NSW,5.510000229,8891,1364,343,254.1010002,0,0,5.510000229,0,0,0,343,330
198,9763313,Nicholas,VIC,3.039999962,4038,1665,123,151.828,1.830000043,0.300000012,0.889999986,0,45,15,63,257
199,3026793,Tricia,ACT,1.169999957,1831,2015,101,154.251,0,0,1.169999957,0,0,0,101,916
200,1554594,Joseph,NSW,8.890000343,11207,3363,227,301.7470003,5.369999886,1.070000052,2.440000057,0,64,21,142,563
201,9536326,Kristen,WA,2.329999924,2943,2685,139,209.0229999,0,0,2.329999924,0,0,0,139,621
202,4504473,Spencer,VIC,7.710000038,11992,1821,258,239.752,2.460000038,2.119999886,3.130000114,0,37,46,175,833
203,8299695,Rodney,VIC,1.679999948,2309,2222,52,141.0889999,0,0,1.659999967,0.02,0,0,52,1388
204,3204664,Susan,TAS,8.130000114,12764,1827,223,223.7440001,4.760000229,1.120000005,2.24000001,0,66,27,130,1217
205,1686976,Angela,VIC,5.039999962,7193,1377,186,174.083,0,0.419999987,4.619999886,0,0,10,176,714
206,3472189,Jennifer,QLD,9.340000153,12139,3544,322,359.6790002,3.299999952,1.110000014,4.920000076,0,77,25,220,945
207,9506404,Eric,NSW,7.570000172,11451,2223,375,317.6710002,0.430000007,1.620000005,5.519999981,0,6,30,339,1065
208,2241082,Kenneth,NSW,7.75,10074,2969,262,297.274,1.289999962,0.430000007,6.03000021,0,19,9,234,878
209,7561000,Beth,VIC,7.699999809,9877,2947,180,254.9269998,5.760000229,0.170000002,1.730000019,0,66,4,110,1260
210,7671458,Amy,VIC,9.090000153,13585,1633,296,252.3250002,0.680000007,5.239999771,3.170000076,0,9,116,171,688
211,5892306,Julie,QLD,8.130000114,12770,1783,310,265.0500001,2.559999943,1.00999999,4.550000191,0,36,23,251,669
212,4674515,Brian,NSW,1.120000005,1727,1341,102,120.897,0,0,1.120000005,0.01,0,0,102,1338
213,2579159,Breanna,QLD,2.269999981,3385,2070,179,198.655,0,0,2.269999981,0,0,0,179,916
214,5515488,Wesley,VIC,5.980000019,8856,1450,194,184.336,3.059999943,0.910000026,2.00999999,0,44,19,131,777
215,9767088,Eric,NSW,6.650000095,8382,3721,255,328.5820001,1.269999981,0.660000026,4.71999979,0,71,13,171,772
216,7324167,Susan,TAS,7.710000038,12357,1916,432,331.867,0,0,7.710000038,0,0,0,432,458
217,1791971,Christopher,NSW,4.349999905,5571,2654,188,236.6209999,0.150000006,0.970000029,3.230000019,0,2,23,163,1252
218,1501157,Jacob,NSW,4.460000038,6132,2696,173,231.892,0.239999995,0.99000001,3.230000019,0,3,24,146,908
219,5378727,Brooke,QLD,10.56000042,13318,4163,318,391.0280004,5.619999886,1.029999971,3.910000086,0,123,21,174,699
220,5124499,Emma,QLD,6.960000038,10378,2345,390,329.588,0.140000001,0.560000002,6.25,0,2,14,374,490
221,6946594,Joe,NSW,4.78000021,6393,3374,313,336.3730002,1.350000024,0.670000017,2.75999999,0,61,38,214,743
222,6106799,David,NSW,9.06000042,11419,3369,208,292.9290004,6.03000021,0.560000002,2.470000029,0,71,10,127,669
223,5327576,Pamela,SA,10.81000042,13630,4157,301,382.7900004,5.050000191,0.560000002,5.199999809,0,117,10,174,720
224,5962140,John,NSW,1.519999981,2268,1933,114,157.438,0,0,1.519999981,0,0,0,114,1219
225,3799487,Brooke,QLD,2.279999971,3609,1447,191,173.739,0,0,2.279999971,0,0,0,191,716
226,3904941,Christine,QLD,3.450000048,5528,1555,258,215.728,0,0,3.450000048,0,0,0,258,610
227,8983441,Robert,VIC,2.599999905,4068,2419,216,235.6179999,0.050000001,0.280000001,2.269999981,0,1,20,195,817
228,6320385,Brandy,QLD,1.779999971,2487,2319,93,166.717,0.479999989,0.620000005,0.680000007,0,9,34,50,1347
229,3100021,Alexandra,VIC,5.420000076,7904,2095,383,309.5740001,1.580000043,0.629999995,3.190000057,0.01,24,13,346,1057
230,7928040,Sarah,SA,1.460000038,2283,2067,129,171.593,0,0,1.460000038,0,0,0,129,848
231,1618467,James,NSW,9.510000229,14331,2156,314,288.6410002,3.430000067,1.659999967,4.429999828,0,44,29,241,692
232,6333152,Jennifer,QLD,5.989999771,8925,2200,311,280.4149998,0,0,5.989999771,0,0,0,311,604
233,8328141,John,NSW,3.420000076,5079,1804,242,219.6990001,0,0,3.420000076,0,0,0,242,1129
234,6072148,Randy,VIC,6.139999866,9256,1880,172,195.3959999,0.430000007,3.269999981,2.450000048,0,6,51,115,1268
235,2707923,Emily,QLD,9.970000267,12961,3288,343,358.8310003,0.730000019,1.399999976,7.840000153,0,11,31,301,1054
236,6134207,Kevin,NSW,6.739999771,10199,1994,253,243.1389998,3.400000095,0.829999983,2.50999999,0,50,14,189,796
237,9516999,Leslie,NSW,4.53000021,5709,2908,165,238.1390002,1.519999981,0.519999981,2.480000019,0,19,10,136,740
238,7730886,Karen,QLD,3.640000105,4790,2189,105,170.3800001,0,0,3.559999943,0,0,0,105,1335
239,6853584,Charles,NSW,1.929999948,2969,1393,139,144.0489999,0,0,1.919999957,0.01,0,0,139,1301
240,9170528,Stephen,VIC,3.569999933,5401,1876,258,231.7709999,0.050000001,0.360000014,3.160000086,0,1,9,248,1182
241,5301754,Yolanda,NT,3.75999999,5512,1972,385,300.372,0,0,3.75999999,0,0,0,385,1055
242,3269042,Wendy,NT,1.539999962,2153,2053,40,126.343,0.769999981,0.620000005,0.150000006,0,11,18,11,1400
243,8740141,Jason,NSW,11.14999962,14581,2918,220,281.6309996,8.819999695,0.400000006,1.909999967,0,89,8,123,1220
244,1116381,Joseph,NSW,9.880000114,15506,2035,345,299.6360001,3.529999971,1.320000052,5.03000021,0,50,31,264,775
245,2521701,Sarah,SA,8.5,12024,2601,340,320.574,2.99000001,0.100000001,5.409999847,0,43,5,292,1100
246,7105525,Nicole,SA,7.099999905,9232,2979,265,297.7819999,0.800000012,0.889999986,5.420000076,0,13,16,236,1175
247,4438618,Natasha,WA,8.479999542,12827,2739,271,293.7569995,1.460000038,2.329999924,4.679999828,0,20,42,209,621
248,8913697,Mike,VIC,12.27000046,15126,3691,483,453.4460005,0.75999999,3.24000001,8.270000458,0,9,66,408,469
249,3457184,Eric,NSW,9.180000305,13041,2642,328,318.3210003,4.639999866,0.699999988,3.829999924,0,64,14,250,1112
250,5103022,Martha,WA,11.64999962,14370,3683,490,455.1699996,0.370000005,2.309999943,8.970000267,0,5,46,439,577
251,2418175,Jade,QLD,0.430000007,655,1397,46,93.93500001,0,0,0.430000007,0,0,0,46,943
252,4806688,Cheryl,QLD,5.599999905,8564,2386,187,226.9639999,1.779999971,0.829999983,2.950000048,0,24,14,149,1253
253,8265795,Vanessa,ACT,3.359999895,5245,2748,285,288.5049999,0.159999996,0.439999998,2.75,0,8,45,232,795
254,5041776,Alan,NSW,1.549999952,2421,2297,156,196.821,0,0,1.549999952,0,0,0,156,739
255,3727423,Lisa,WA,8.06000042,12346,2066,266,256.7060004,2.950000048,2.160000086,2.960000038,0,47,42,177,801
256,6709840,Kevin,NSW,2.650000095,3945,2180,225,228.0950001,0,0,2.650000095,0,0,0,225,716
257,6130397,Elizabeth,QLD,6.78000021,8687,2944,270,297.6670002,0.289999992,2.410000086,4.079999924,0,4,54,212,1170
258,4451356,Sheila,SA,3.589999914,5183,2123,138,183.9229999,2.130000114,0.189999998,1.25,0,26,4,108,866
259,4444084,Dennis,NSW,2.809999943,4165,1725,204,195.2249999,0,0,2.799999952,0,0,0,204,1236
260,3927109,Darrell,NSW,6.070000172,8857,2124,403,322.6270002,1.149999976,0.25999999,4.639999866,0.01,18,9,376,1037
261,7979451,Daniel,NSW,8.739999771,13217,2173,333,297.1069998,3.660000086,0.189999998,4.880000114,0,50,3,280,741
262,9519981,Angela,VIC,6.619999886,10685,1869,401,311.2549999,0,0,6.599999905,0,0,0,401,543
263,8778484,Joseph,NSW,2.309999943,3176,2498,120,190.3859999,0,0,2.309999943,0,0,0,120,1193
264,9503902,Cassandra,QLD,1.039999962,1510,2229,48,138,0,0,1.039999962,0,0,0,48,1392
265,7214624,Jennifer,QLD,5.110000134,7641,1433,242,205.4010001,0.319999993,0.970000029,3.819999933,0,5,23,214,801
266,5842611,James,NSW,19.55999947,21420,3832,313,389.0799995,13.22000027,0.409999996,5.889999866,0,88,12,213,1127
267,7357182,Cynthia,QLD,3.24000001,4747,1788,280,237.387,0,0,3.230000019,0.01,0,0,280,1160
268,5335868,Joseph,NSW,3.579999924,4660,2572,201,237.3399999,0,0,3.579999924,0,0,0,201,721
269,3215167,Tracy,VIC,5.070000172,7396,1995,325,274.7160002,1.399999976,0.079999998,3.579999924,0,20,2,303,1115
270,4886402,Rebecca,SA,0.100000001,149,2093,10,109.899,0,0,0.100000001,0,0,0,10,1430
271,7545535,Meghan,WA,5.300000191,6530,2729,189,242.7800002,0.310000002,2.049999952,2.940000057,0,4,41,144,901
272,7842385,Christopher,NSW,3.789999962,5077,2551,170,221.417,0.319999993,0.219999999,3.25,0,15,11,144,776
273,1688105,Rodney,VIC,2.950000048,3984,1527,97,131.784,0.209999993,0.25999999,2.440000057,0,3,6,88,873
274,2989173,Joshua,NSW,5.579999924,6877,2898,258,286.3569999,0,0,5.579999924,0,0,0,258,777
275,4080761,Adam,NSW,7.71999979,10771,3727,361,385.3409998,3.769999981,1.74000001,2.220000029,0,70,113,178,1079
276,2414466,Kellie,QLD,4.820000172,6174,2757,231,264.3440002,0,1.200000048,3.609999895,0,0,28,203,1209
277,9106609,Jose,NSW,6.880000114,10538,1922,238,232.5180001,1.139999986,1,4.739999771,0,16,16,206,745
278,8413023,Joyce,QLD,6.369999886,9487,2260,344,300.8569999,0.209999993,0.460000008,5.699999809,0,3,12,329,555
279,8613269,Andrea,VIC,6.96999979,10415,1529,274,230.8349998,0.699999988,2.349999905,3.920000076,0,11,58,205,600
280,2105534,Ronald,VIC,12.90999985,18387,2732,397,366.3969999,0.939999998,1.399999976,10.56999969,0,13,23,361,1043
281,5353127,Alec,NSW,15.68999958,20500,3403,336,374.3399996,11.36999989,0.460000008,3.859999895,0,118,9,209,1104
282,8315360,Charles,NSW,9.819999695,12386,4079,299,375.6559997,4.960000038,0.649999976,4.210000038,0,116,14,169,680
283,1498863,Rebecca,SA,5.21999979,6582,3586,228,305.1019998,0.660000026,0.639999986,3.920000076,0,63,13,152,840
284,9756262,Amy,VIC,6.659999847,9167,2799,186,248.7769998,0.879999995,0.810000002,4.96999979,0.01,12,19,155,1254
285,3676188,Mary,WA,1.639999986,2564,2044,116,164.404,0,0,1.639999986,0,0,0,116,831
286,4295990,Brandi,QLD,9.390000343,13379,2709,379,347.7190003,2.119999886,1.629999995,5.639999866,0,35,47,297,1061
287,8782937,Earl,NSW,5.980000019,8859,1970,383,304.839,0.129999995,0.370000005,5.46999979,0.01,2,10,371,1057
288,7526818,David,NSW,6.909999847,8712,3784,286,347.8219998,1.340000033,1.059999943,4.5,0,71,20,195,822
289,6491590,Kyle,NSW,8.180000305,11256,3300,341,354.9360003,0.360000014,2.529999971,5.300000191,0,5,58,278,1099
290,7512440,Rachel,SA,5.539999962,8168,2096,372,304.508,2.900000095,0,2.640000105,0,46,0,326,1068
291,7555968,Michelle,WA,4.730000019,6905,1908,356,285.035,0,0,4.699999809,0.029999999,0,0,356,1084
292,9837590,Jason,NSW,0.920000017,1326,2195,27,125.496,0.730000019,0,0.180000007,0,10,0,17,1413
293,2172622,John,NSW,1.450000048,2090,2324,82,160.74,0.07,0.239999995,1.139999986,0,1,6,75,1358
294,3503771,Curtis,NSW,9.329999924,12954,2638,335,321.6839999,4.429999828,0.419999987,4.46999979,0,52,10,273,1105
295,4177825,Kimberly,WA,7.769999981,12207,1859,291,258.427,3.349999905,1.159999967,3.25999999,0,46,31,214,746
296,1996161,Nicole,SA,7.670000076,9454,3145,313,330.8740001,0,0,7.670000076,0,0,0,313,729
297,5183839,Richard,VIC,4.480000019,7222,1667,327,258.552,0,0,4.480000019,0,0,0,327,623
298,4375957,Sarah,SA,7.130000114,10159,2463,321,300.9390001,1.039999962,0.970000029,5.119999886,0,19,20,282,1119
299,1118834,Michelle,WA,8.119999886,10553,3083,289,317.3229999,1.100000024,1.720000029,5.289999962,0,19,42,228,696
300,6893309,Lisa,WA,7.400000095,10538,2380,298,285.9380001,1.940000057,0.959999979,4.5,0,25,28,245,1142
301,6948540,Nicole,SA,8.590000153,13019,1921,291,263.1590002,3.25,0.639999986,4.710000038,0,42,16,233,1149
302,5249913,Angel,NSW,10.90999985,14450,2828,540,436.7599999,0.579999983,0.850000024,9.479999542,0,7,15,518,502
303,5422201,Jill,QLD,15.67000008,19769,3331,289,346.4890001,12.43999958,0.879999995,2.349999905,0,121,20,148,1076
304,2079600,Martin,VIC,4.829999924,6637,2677,175,232.8169999,0,0.579999983,4.25,0,0,15,160,1265
305,4503157,Sarah,SA,0.920000017,1282,2127,58,137.552,0,0,0.920000017,0,0,0,58,976
306,9272874,Leah,WA,3.75,5600,2225,237,239.1,0,0,3.75,0,0,0,237,1142
307,9849851,Michelle,WA,2.690000057,4112,1776,272,231.6020001,0,0,2.680000067,0,0,0,272,443
308,2985588,Lisa,WA,1.24000001,1786,2338,87,163.426,0,0,1.24000001,0,0,0,87,1353
309,9640059,Joseph,NSW,7.289999962,10688,2944,260,295.178,3.529999971,1.230000019,2.50999999,0,67,69,124,671
310,5197355,Kristin,WA,3.079999924,4571,1779,234,213.6009999,0,0,3.069999933,0,0,0,234,1206
311,2752683,Daniel,NSW,3.410000086,5057,1724,195,192.1670001,0,0,3.400000095,0,0,0,195,1245
312,8716868,Monica,WA,7.190000057,10946,2033,263,251.2860001,2.930000067,0.569999993,3.690000057,0,51,11,201,732
313,2004646,Michele,WA,9.640000343,12533,3283,357,364.8230003,0.699999988,2,6.940000057,0,14,43,300,537
314,1449395,Lisa,WA,6.369999886,7860,2984,271,298.9299999,0,0,6.369999886,0,0,0,271,772
315,6143901,Steven,VIC,4.400000095,6132,2975,184,251.2820001,0,0,3.579999924,0,0,0,184,1256
316,7754350,Kevin,NSW,2.74000001,4414,1459,192,176.104,0.189999998,0.349999994,2.200000048,0,3,8,181,706
317,2260386,Laura,WA,2.619999886,4026,1470,199,179.6459999,0,0,2.599999905,0,0,0,199,1241
318,8019431,Andrew,NSW,4.570000172,6907,1992,302,262.0770002,0,0,4.559999943,0,0,0,302,1138
319,4379569,James,NSW,5.179999828,7502,2421,265,266.2319998,2.480000019,0.109999999,2.579999924,0,30,2,233,725
320,3900603,Mark,VIC,1.370000005,2104,1474,182,168.174,0,0,1.370000005,0,0,0,182,1258
321,9611474,Michelle,WA,0.01,16,1990,2,100.526,0,0,0.01,0,0,0,2,1438
322,2646711,Tammy,TAS,5.199999809,7753,2115,0,118.7029998,0,0,0,0,0,0,0,1440
323,6587774,Joshua,NSW,6.619999886,8161,3004,270,299.9809999,0.340000004,0.730000019,5.539999962,0,4,15,251,757
324,7319707,Darlene,QLD,8.029999733,12159,1896,319,274.4889997,1.970000029,0.25,5.809999943,0,24,6,289,754
325,8967801,Ricardo,VIC,0.01,17,257,2,13.877,0,0,0.01,0,0,0,2,0
326,2423286,Tina,ACT,5.349999905,8360,3101,400,368.7599999,0.140000001,0.280000001,4.929999828,0,6,14,380,634
327,4695961,Amanda,VIC,3.170000076,4803,1788,222,208.3730001,0,0,3.170000076,0,0,0,222,1218
328,9217316,Sheila,SA,9.43999958,13559,1628,252,230.3989996,1.809999943,4.579999924,2.890000105,0,14,96,142,852
329,4177945,Darrell,NSW,4.929999828,7155,1497,179,176.4349998,0.860000014,0.589999974,3.470000029,0,7,6,166,1261
330,8348340,Tara,ACT,4.550000191,6890,2085,318,274.6900002,0.340000004,0.200000003,4.010000229,0,5,5,308,1122
331,1183062,Gregory,NSW,3.50999999,4503,2547,146,208.363,1.470000029,0.239999995,1.809999943,0,18,6,122,1294
332,5294539,Joseph,NSW,0.029999999,42,403,4,22.222,0,0,0.029999999,0,0,0,4,2
333,7095929,Daniel,NSW,17.95000076,22988,3577,344,391.7880008,13.13000011,1.549999952,3.25999999,0,129,33,182,1096
334,5944505,Ryan,VIC,5.949999809,8294,2798,207,257.6439998,2,0.769999981,3.170000076,0,30,31,146,1233
335,1803328,Jessica,QLD,4.579999924,6831,2432,317,291.5109999,0,0,4.579999924,0,0,0,317,706
336,5062958,Lee,NSW,2.769999981,4188,1659,165,172.408,0,0.519999981,2.25,0,0,14,151,709
337,2043233,Catherine,QLD,9.25,14673,1947,303,272.773,3.559999943,1.419999957,4.269999981,0,52,34,217,712
338,7468703,William,VIC,9.550000191,13928,2174,349,306.6780002,4.28000021,0.189999998,5.090000153,0,48,4,297,639
339,1529525,Paul,VIC,6.679999828,8232,2990,265,296.9119998,0,0.569999993,6.099999905,0,0,12,253,746
340,1176615,Barbara,VIC,6.820000172,10091,2752,237,273.0110002,3.75,0.699999988,2.369999886,0,69,39,129,706
341,5381932,Jonathan,NSW,9.340000153,12850,3324,325,350.8900002,0.720000029,4.090000153,4.539999962,0,10,94,221,1115
342,7665088,Jeanne,QLD,1.929999948,2971,1002,107,108.5009999,0,0,1.919999957,0.01,0,0,107,890
343,8474447,Aaron,NSW,5.369999886,7948,1956,389,305.6179999,0,0,5.360000134,0,0,0,389,1051
344,5601020,Sara,SA,5.059999943,7525,1878,341,276.9849999,0,0.209999993,4.829999924,0.02,0,7,334,1099
345,8006454,Judy,QLD,4.239999771,6155,2248,193,219.2949998,2,0.289999992,1.950000048,0,25,6,162,1247
346,4612610,Emily,QLD,4.949999809,7373,1907,359,287.1729998,0,0,4.949999809,0,0,0,359,1081
347,8031883,Michael,VIC,6.409999847,10039,1788,282,246.8489998,2.920000076,0.209999993,3.279999971,0,39,5,238,709
348,3164367,Chad,NSW,8.979999542,12798,2797,356,339.6279995,2.220000029,1.210000038,5.559999943,0,57,28,271,1084
349,1144356,Elizabeth,QLD,7.349999905,10252,3879,405,414.0519999,0.670000017,1.039999962,5.579999924,0,13,46,346,531
350,9744220,Mark,VIC,7.880000114,10243,2885,261,292.8730001,1.080000043,0.50999999,6.300000191,0,14,8,239,584
351,9398043,Lee,NSW,8.090000153,10830,4018,359,399.3200002,3.650000095,1.659999967,2.779999971,0,110,74,175,670
352,2748014,Melanie,WA,4.039999962,5997,1811,239,220.087,0,0.379999995,3.660000086,0,0,11,228,1201
353,8156720,Jennifer,QLD,7.570000172,11596,2026,309,274.9660002,1.370000005,0.790000021,5.409999847,0,19,13,277,767
354,3288627,Kevin,NSW,2.910000086,4053,2400,120,186.9630001,1.110000014,0.579999983,1.220000029,0,17,18,85,1053
355,7517963,Kyle,NSW,9.789999962,12727,3290,342,358.017,1.129999995,0.779999971,7.880000114,0,18,18,306,984
356,7597519,Ricky,VIC,5.389999866,8059,2383,305,285.0989999,0,0,5.389999866,0,0,0,305,1135
357,1764121,Richard,VIC,3.890000105,5206,2755,175,234.3460001,1.559999943,0.25,2.079999924,0,25,9,141,631
358,8068121,Kenneth,NSW,9.079999924,12087,4005,368,405.4169999,3.920000076,1.600000024,3.559999943,0,115,54,199,695
359,4502630,David,NSW,8.289999962,11768,2649,335,320.008,2.50999999,0.930000007,4.849999905,0,36,27,272,1105
360,6698848,Robert,VIC,6.28000021,8301,2783,258,282.7310002,0,0,6.269999981,0.01,0,0,258,1182
361,2107677,Shelby,SA,8.670000076,11423,2761,225,270.6430001,2.440000057,0.270000011,5.940000057,0,29,5,191,1215
362,6738852,Erica,QLD,15.01000023,19542,4900,324,441.5520002,0.980000019,0.400000006,5.619999886,0,11,19,294,579
363,1288790,Raven,SA,8.739999771,12453,3158,412,385.0929998,3.329999924,1.110000014,4.309999943,0,104,53,255,1028
364,6084921,Christina,QLD,7.010000229,10352,2038,246,242.2620002,1.659999967,1.940000057,3.410000086,0,19,32,195,676
365,4693305,Kevin,NSW,2.559999943,3421,2489,115,187.9309999,1.429999948,0.140000001,0.99000001,0,34,11,70,1099
366,5466271,Amy,VIC,2.940000057,3703,2741,135,211.1930001,0,0,2.940000057,0,0,0,135,734
367,5385536,Aaron,NSW,2.650000095,3689,2645,144,210.5890001,0.109999999,0.170000002,2.329999924,0,2,8,134,1296
368,2352695,Justin,NSW,2.410000086,3321,2413,89,170.8810001,0,0,2.410000086,0,0,0,89,1351
369,2589228,Russell,VIC,2.680000067,4059,1742,184,185.8390001,0,0,2.680000067,0,0,0,184,1256
370,2100567,Bethany,VIC,8.609999657,10613,3172,300,327.8229997,0.079999998,1.879999995,6.650000095,0,1,37,262,701
371,8706358,Diana,QLD,1.179999948,1807,1507,104,130.3369999,0,0,1.179999948,0,0,0,104,582
372,1049115,Steven,VIC,2.480000019,3702,1792,34,112.782,0,0,0.349999994,0,0,0,34,1265
373,6392023,Jason,NSW,1.370000005,2080,1549,87,124.4,0,0,1.370000005,0,0,0,87,1353
374,6957515,Thomas,VIC,6.420000076,9524,2266,331,294.7440001,0.409999996,0.469999999,5.460000038,0,6,11,314,692
375,7232753,Rachel,SA,4.429999828,6697,2030,339,282.1269998,0,0,4.429999828,0,0,0,339,1101
376,6246880,Laura,WA,6.989999771,8614,3006,254,292.9039998,0.670000017,0.219999999,6.090000153,0,8,5,241,745
377,2404330,Gene,NSW,4.829999924,6643,3008,341,332.3729999,2.390000105,0.349999994,2.089999914,0.01,32,6,303,1099
378,1251492,Christopher,NSW,11.05000019,16520,1760,343,287.0700002,1.539999962,6.480000019,3.019999981,0,24,143,176,713
379,5035851,Zachary,VIC,8.319999695,10930,2786,214,265.5499997,3.130000114,0.569999993,4.570000172,0,36,12,166,1226
380,1491072,Cynthia,QLD,8.18999958,10499,3093,306,326.3389996,0.07,4.21999979,3.890000105,0,1,91,214,1134
381,2086880,Matthew,VIC,4.769999981,6117,2810,250,276.387,0,0,4.769999981,0,0,0,250,1190
382,3055723,Loretta,WA,6.079999924,8135,3405,242,305.4649999,3.599999905,0.379999995,2.099999905,0,86,16,140,728
383,3248988,Karen,QLD,8.390000343,12848,2116,302,278.0380003,1.5,1.200000048,5.679999828,0,26,29,247,812
384,3976242,Emily,QLD,9.140000343,12231,4552,396,446.9710003,5.980000019,0.829999983,2.319999933,0,200,37,159,525
385,5580081,Jeffrey,NSW,5.25,7937,2130,373,306.187,0,0,5.230000019,0,0,0,373,843
386,3648790,James,NSW,9.039999962,14371,1949,324,282.861,2.809999943,0.870000005,5.360000134,0,41,21,262,732
387,4763024,Andrew,NSW,7.230000019,10780,2324,353,310.71,0.409999996,1.919999957,4.909999847,0,6,47,300,680
388,5833177,John,NSW,4.820000172,7289,1997,328,275.9590002,0.550000012,0.75,3.5,0,8,12,308,1112
389,9272841,Thomas,VIC,3.950000048,6076,1617,219,200.376,1.149999976,0.910000026,1.889999986,0,16,18,185,1221
390,4353597,Melissa,WA,5.550000191,8538,1562,227,205.6880002,0,0,5.539999962,0.01,0,0,227,1213
391,9454561,Charles,NSW,8.479999542,11177,1570,192,194.1569995,5.619999886,0.430000007,2.410000086,0,50,9,133,781
392,3597480,Robert,VIC,8.010000229,11369,2470,269,277.3790002,3.329999924,0.219999999,4.460000038,0,44,8,217,1171
393,5197571,Crystal,QLD,11.82999992,15168,3513,371,388.1479999,3.900000095,3,4.920000076,0,46,67,258,1069
394,7374201,James,NSW,4.150000095,5319,2693,0,144.1190001,0,0,0,0,0,0,0,1440
395,7118900,Heather,QLD,8.149999619,10733,2832,253,286.9829996,1.350000024,0.460000008,6.28000021,0,18,11,224,1187
396,3922097,Troy,VIC,3.910000086,5014,2650,203,242.9240001,0,0.330000013,3.579999924,0,0,7,196,1237
397,1157164,John,NSW,0.01,8,1349,1,67.968,0,0,0.01,0,0,0,1,1439
398,1531831,Diana,QLD,7.179999828,10227,2498,336,310.3069998,1.870000005,0.670000017,4.639999866,0,24,17,295,1104
399,3989475,Adam,NSW,5.059999943,6580,3073,268,299.2899999,0.209999993,0.400000006,4.449999809,0,6,9,253,609
400,4369720,Karen,QLD,10.97999954,14816,2832,363,348.8959995,3.789999962,2.119999886,5.050000191,0.02,48,31,284,1077
401,5711075,Kayla,QLD,12.01000023,15148,4236,298,387.9580002,6.900000095,0.819999993,4.289999962,0,137,16,145,677
402,8122313,Daniel,NSW,3.730000019,4933,2044,236,228.863,0,0,3.730000019,0,0,0,236,1204
403,7854500,Ronald,VIC,8.350000381,11895,2609,328,314.6950004,2.789999962,0.860000014,4.699999809,0,55,20,253,1112
404,3640328,Gregory,NSW,10.10999966,15482,2284,346,312.7919997,4.28000021,1.659999967,4.179999828,0,69,28,249,756
405,6063778,April,VIC,10.64000034,14365,2997,245,297.3550003,7.639999866,0.449999988,2.539999962,0,87,13,145,797
406,4970001,Brent,NSW,4.809999943,6064,3491,209,289.9239999,0.629999995,0.170000002,4.010000229,0,63,4,142,802
407,1070640,John,NSW,6.880000114,10210,2302,349,306.6900001,0.109999999,0.330000013,6.440000057,0,1,9,339,589
408,5122263,Melinda,WA,5.159999847,7804,1946,242,231.2639998,0.560000002,1.679999948,2.920000076,0,9,27,206,781
409,5594877,Stephen,VIC,7.440000057,9388,3787,259,335.6780001,2.230000019,0.439999998,4.78000021,0,82,8,169,763
410,2355531,Laurie,WA,7.070000172,10414,1501,205,195.0340002,2.670000076,1.980000019,2.410000086,0,41,40,124,691
411,1675510,Elizabeth,QLD,6.21999979,8330,3192,216,282.1499998,4.119999886,0.340000004,1.75999999,0,87,16,113,773
412,4741196,Vanessa,ACT,12.21000004,18134,2159,332,304.294,6.400000095,0.409999996,5.409999847,0,78,11,243,1108
413,7990102,Caitlin,QLD,6.28000021,9762,1745,272,239.2920002,2.140000105,1.25999999,2.829999924,0,29,34,209,726
414,3734296,Stephanie,TAS,7.869999886,10085,3164,347,349.6549999,0.150000006,1.279999971,6.429999828,0,2,28,317,1093
415,7706024,Patricia,SA,6.75,10080,2048,257,247.73,1.850000024,1.529999971,3.380000114,0,23,26,208,761
416,1898320,Cheyenne,QLD,3.910000086,5908,1850,299,251.8180001,0,0,3.910000086,0,0,0,299,717
417,6781565,Jennifer,QLD,10.28999996,14172,2937,416,379.312,4.5,0.379999995,5.409999847,0,53,8,355,1024
418,3007635,William,VIC,9.18999958,13744,2763,391,356.5839996,2.150000095,1.870000005,5.170000076,0,30,34,327,1049
419,4264908,Maria,WA,4.409999847,6326,2291,210,230.2859998,2.410000086,0.039999999,1.960000038,0,29,1,180,839
420,5260538,Amy,VIC,2.74000001,4081,1880,197,199.321,0.059999999,0.200000003,2.470000029,0,1,5,191,692
421,7486460,Phyllis,SA,4.420000076,6559,1905,267,239.7290001,0,0.25999999,4.139999866,0,0,7,260,1173
422,7197323,Julia,QLD,4.710000038,6708,1995,171,196.668,1.610000014,0.079999998,3.019999981,0,20,2,149,1269
423,6963135,John,NSW,7.829999924,11658,1554,264,229.1879999,0.200000003,4.349999905,3.279999971,0,2,98,164,845
424,9814131,Dana,QLD,0.779999971,1202,1463,84,117.132,0,0,0.779999971,0,0,0,84,506
425,4599865,Katie,QLD,6.340000153,9819,1775,238,223.9090002,1.340000033,0.349999994,4.650000095,0,19,8,211,838
426,6382287,Adrienne,VIC,6.699999809,10129,2010,255,244.8289998,0.02,2.74000001,3.940000057,0,1,48,206,705
427,8990340,Courtney,QLD,7.150000095,11100,1819,261,239.7000001,2.460000038,0.870000005,3.819999933,0,36,22,203,1179
428,4772811,Chris,NSW,4.179999828,6198,1852,249,227.4779998,0,0,4.179999828,0,0,0,249,1191
429,3317336,Justin,NSW,3.450000048,4562,2560,199,235.512,0,0,3.450000048,0,0,0,199,1241
430,3763642,Joseph,NSW,8.56000042,11268,2218,241,251.2280004,5.880000114,0.930000007,1.75,0,49,20,172,1199
431,8689684,Luis,NSW,8.430000305,11101,2860,283,304.0310003,1.75999999,0.129999995,6.5,0,22,3,258,1157
432,4788340,Amber,VIC,7.630000114,11393,1999,227,232.4730001,3.710000038,0.75,3.170000076,0,49,13,165,727
433,1197775,Devon,NSW,8.279999733,11677,1590,252,225.4569997,3.109999895,2.50999999,2.670000076,0,29,55,168,676
434,3386488,Jesse,NSW,7.889999866,10255,2926,268,298.4449999,1.00999999,0.680000007,6.199999809,0,12,15,241,579
435,1787494,Heather,QLD,1.129999995,1758,2067,112,162.238,0,0,1.129999995,0,0,0,112,900
436,6851244,Jasmine,QLD,2.430000067,3727,1683,206,193.3070001,0,0,2.430000067,0,0,0,206,622
437,6332660,Caleb,NSW,2.930000067,4729,1506,233,199.4590001,0,0,2.930000067,0,0,0,233,594
438,7837433,Rick,VIC,3.700000048,4950,2643,136,208.8,1.929999948,0.319999993,1.450000048,0,41,16,79,1304
439,6083769,Amy,VIC,2.670000076,3974,2194,231,231.8440001,0,0,2.670000076,0,0,0,231,717
440,1533636,Robert,VIC,5.019999981,7443,1878,236,224.363,1.49000001,0.370000005,3.160000086,0,20,10,206,1204
441,5232406,Jamie,NSW,3.25999999,4929,1860,248,225.189,0,0,3.25999999,0,0,0,248,1192
442,3276360,Robert,VIC,8.050000191,9930,3165,298,325.2300002,1.059999943,0.920000017,6.070000172,0,12,19,267,692
443,5408249,Rebecca,SA,2.769999981,4249,1698,224,203.919,0,0,2.769999981,0,0,0,224,651
444,5426219,Brandy,QLD,7.429999828,9841,3580,291,341.7709998,3.25,1.169999957,3.00999999,0,99,51,141,692
445,9914438,Heather,QLD,5.590000153,7135,2408,159,212.6250002,2.99000001,0.059999999,2.539999962,0,27,1,131,1281
446,2332397,Melissa,WA,4.96999979,7399,1739,221,209.8189998,0.49000001,1.039999962,3.440000057,0,7,18,196,1219
447,8517836,Kathy,QLD,6.409999847,9117,1853,268,242.1769998,1.279999971,0.670000017,4.440000057,0,16,16,236,728
448,7646705,Omar,VIC,4.949999809,7881,2616,242,264.6309998,0.49000001,0.449999988,4,0,24,36,182,1198
449,6462810,Adam,NSW,9.520000458,12375,3162,307,333.4950005,2.789999962,0.930000007,5.800000191,0,35,21,251,632
450,9905921,Michael,VIC,4.170000076,5510,2613,227,253.8300001,0,0,4.159999847,0,0,0,227,1213
451,7243669,Melissa,WA,2.599999905,3580,2497,103,182.5299999,0.589999974,0.059999999,1.950000048,0,8,1,94,1337
452,2286643,Stephanie,TAS,1.389999986,2064,1954,121,161.654,0,0,1.389999986,0,0,0,121,895
453,7200646,Julie,QLD,2.779999971,4212,1763,164,177.142,0,0,2.779999971,0,0,0,164,1276
454,7983896,Amy,VIC,4.679999828,6873,1898,237,224.9529998,3,0.059999999,1.620000005,0,46,1,190,1203
455,9783148,Carrie,QLD,5.190000057,7132,2806,169,237.1220001,1.070000052,1.669999957,2.450000048,0,15,33,121,1271
456,6409861,Jeffrey,NSW,4.829999924,7198,2496,350,311.8279999,0,0,4.829999924,0,0,0,350,711
457,5939003,Jeffrey,NSW,8.25,11045,3795,317,367.545,4.519999981,0.150000006,3.569999933,0,97,8,212,580
458,7311326,Ryan,VIC,5.659999847,8563,2173,395,320.3729998,0,0,5.650000095,0,0,0,395,1045
459,6146386,Anthony,NSW,2.369999886,3821,1444,188,172.3909999,0,0,2.369999886,0,0,0,188,687
460,9415398,Matthew,VIC,5.239999771,7762,1890,318,266.5019998,0.07,0.280000001,4.889999866,0,1,6,311,1122
461,1448345,Erin,QLD,6.900000095,10433,2012,297,266.4330001,2.579999924,0.419999987,3.900000095,0,36,7,254,680
462,8827494,Richard,VIC,5.28000021,6987,2275,343,297.5170002,0,0,5.28000021,0,0,0,343,1040
463,4685501,Frederick,NSW,2.450000048,3634,1613,134,153.734,0.360000014,0.209999993,1.879999995,0,5,6,123,1306
464,2879490,Tanner,VIC,5.349999905,8095,2225,368,308.6949999,0.589999974,0.25,4.510000229,0,18,10,340,993
465,5984445,David,NSW,4.889999866,6724,2987,295,308.4639999,0,0,4.880000114,0,0,0,295,991
466,7939705,Cindy,QLD,9.399999619,12209,2809,251,287.5589996,6.079999924,0.280000001,3.039999962,0,60,7,184,1189
467,7742471,Phillip,VIC,1.5,2163,2383,97,171.313,0,0.400000006,1.100000024,0,0,9,88,1292
468,2454908,Anne,VIC,12.39999962,15447,3062,252,306.9469996,9.670000076,0.389999986,2.349999905,0,90,9,153,1188
469,4319144,Anthony,NSW,4.75,7063,1910,375,294.813,0,0.119999997,4.610000134,0.01,0,5,370,1065
470,9693670,Dawn,QLD,0.810000002,1201,1426,52,99.311,0,0,0.810000002,0,0,0,52,1388
471,6806466,Derek,NSW,8.5,13162,1985,366,303.912,1.879999995,0.550000012,6.059999943,0,25,13,328,728
472,6744588,Steven,VIC,8.210000038,10818,2817,251,285.378,1.389999986,0.100000001,6.670000076,0.01,19,3,229,1189
473,6304509,Brent,NSW,5.710000038,7638,3152,271,306.448,1.210000038,0.360000014,4.139999866,0,24,24,223,627
474,8668216,Nicholas,VIC,0.159999996,244,1721,12,92.454,0,0,0.159999996,0,0,0,12,1428
475,5949499,Jason,NSW,4.329999924,6543,2666,339,313.6729999,1.799999952,0.5,2.019999981,0,66,35,238,1019
476,3387312,Mark,VIC,6.639999866,9899,2236,317,286.8389999,0.569999993,0.920000017,5.150000095,0,8,21,288,649
477,4693976,Kathleen,QLD,6.179999828,9469,2463,231,254.2989998,1.360000014,0.300000012,4.510000229,0,19,6,206,758
478,7062903,Nicholas,VIC,0.680000007,980,2221,51,138.21,0,0,0.680000007,0,0,0,51,941
479,5408224,Karen,QLD,0.029999999,44,1351,2,68.624,0,0,0.029999999,0,0,0,2,1438
480,5035493,Marie,WA,0.519999981,768,1212,58,90.88799998,0,0,0.519999981,0,0,0,58,380
481,6703737,Johnny,NSW,4.619999886,6116,2806,305,303.5359999,0,0,4.590000153,0.029999999,0,0,305,1135
482,2871403,Christopher,NSW,2.230000019,3427,1427,152,153.007,0,0,2.220000029,0,0,0,152,1288
483,6747372,Andrew,NSW,2.559999943,3789,1199,67,99.79899994,0.379999995,0.270000011,1.889999986,0,5,4,58,343
484,5848287,Amber,VIC,3.00999999,3864,2536,131,199.174,0.310000002,1.059999943,1.350000024,0,4,22,105,1309
485,6658796,Zoe,NT,8.430000305,11728,3429,276,329.6080003,2.619999886,1.679999948,4.039999962,0.07,38,42,196,916
486,1821052,Michael,VIC,5.699999809,8482,2063,448,341.3319998,0,0,5.690000057,0.01,0,0,448,992
487,3225300,Debra,QLD,5.440000057,8367,1670,207,200.8070001,1.110000014,1.870000005,2.460000038,0,17,36,154,1233
488,2855567,Kimberly,WA,1.350000024,1882,2951,141,221.282,0.209999993,0.360000014,0.769999981,0,36,18,87,1299
489,2534837,Denise,QLD,1.809999943,2915,1399,162,155.6749999,0,0,1.809999943,0,0,0,162,712
490,4338442,Karen,QLD,6.119999886,8064,1849,161,187.1339999,1.820000052,0.039999999,4.25,0,23,1,137,770
491,5926203,Stefanie,SA,9.819999695,12422,2852,253,291.3419997,6.460000038,0.430000007,2.930000067,0,60,10,183,1187
492,1423570,James,NSW,13.68999958,18827,3213,327,356.6669996,9.239999771,0.800000012,3.640000105,0,111,21,195,1113
493,3373139,Andrew,NSW,3.599999905,5439,1854,229,216.2389999,0,0,3.599999905,0,0,0,229,764
494,6221816,Elijah,NSW,2.200000048,3276,2113,196,209.126,0,0,2.200000048,0,0,0,196,787
495,3114792,David,NSW,4.809999943,6361,2701,258,275.2209999,0,0,4.800000191,0.01,0,0,258,1182
496,9441136,Elizabeth,QLD,3.329999924,4880,1867,292,247.5599999,0.839999974,0.090000004,2.380000114,0.02,15,3,274,1148
497,2873421,Anne,VIC,7.730000019,11550,1574,294,244.98,0,4.130000114,3.589999914,0,0,86,208,703
498,7925877,Katie,QLD,0.25,356,2151,32,124.156,0,0,0.25,0,0,0,32,986
499,6967106,Gary,NSW,1.429999948,1969,1988,95,150.2989999,0,0,1.429999948,0,0,0,95,1345
500,6118922,Catherine,QLD,28.03000069,36019,2690,420,408.5490007,21.92000008,4.190000057,1.909999967,0.02,186,63,171,1020
501,6122783,Danny,NSW,6.610000134,8469,2894,0,159.7790001,0,0,0,0,0,0,0,1440
502,6528983,Lori,WA,1.870000005,2704,2411,85,167.624,1.00999999,0.029999999,0.829999983,0,14,1,70,1355
503,1160775,Tami,TAS,3.539999962,5275,2281,266,255.865,0,0,3.539999962,0,0,0,266,641
504,8349369,Daniel,NSW,5.519999981,8221,2092,240,238.341,0.400000006,1.610000014,3.50999999,0,6,38,196,695
505,3667867,Anthony,NSW,5.940000057,7851,3171,268,306.3410001,1.139999986,0.790000021,4,0,31,12,225,1172
506,7655623,Larry,NSW,9,13459,1625,267,237.209,2.029999971,4,2.970000029,0,31,83,153,663
507,8686841,Erica,QLD,6.809999943,10602,1820,314,265.4119999,2.289999962,1.600000024,2.920000076,0,33,35,246,730
508,7978737,Susan,TAS,8.31000042,10988,2655,192,248.0480004,5.28000021,0.119999997,2.900000095,0,45,12,135,843
509,2344027,Randy,VIC,2.349999905,3008,2439,0,127.3079999,0,0,0,0,0,0,0,1440
510,5166500,Jennifer,QLD,6.760000229,10288,2754,245,277.2480002,2.74000001,0.850000024,3.160000086,0,57,36,152,761
511,8467048,Charles,NSW,2.460000038,3672,1792,153,172.232,0,0,2.460000038,0,0,0,153,603
512,8884479,Hannah,QLD,3.160000086,4832,1718,226,206.8920001,0,0,3.160000086,0,0,0,226,647
513,1497562,Courtney,QLD,3.980000019,5325,3088,251,289.205,0.850000024,0.649999976,2.470000029,0,38,32,181,759
514,5578238,Curtis,NSW,1.899999976,2916,1435,141,147.066,0,0,1.899999976,0,0,0,141,1299
515,5037776,Kendra,QLD,8.739999771,12183,2752,336,326.5229998,3.99000001,0.460000008,4.28000021,0,72,14,250,1104
516,5010912,Melissa,WA,4.329999924,6424,1903,300,255.9039999,0,0,4.329999924,0,0,0,300,1140
517,5511732,Caroline,QLD,8.289999962,10520,2655,180,241.56,6.260000229,0.150000006,1.879999995,0,60,3,117,1260
518,6562067,David,NSW,5.400000095,7142,2905,350,332.7920001,0,0,5.389999866,0.01,0,0,350,1090
519,6237196,Tonya,ACT,8.720000267,12342,2105,295,273.8120003,3.900000095,1.179999948,3.650000095,0,43,21,231,607
520,5885211,Kimberly,WA,25.29000092,29326,4547,552,557.9660009,13.23999977,1.210000038,10.71000004,0,94,29,429,888
521,7126319,Michael,VIC,8.340000153,11875,2390,283,281.2150002,3.309999943,0.769999981,4.260000229,0,42,14,227,1157
522,2600396,Ross,VIC,5.559999943,8278,2015,420,324.5879999,0,0,5.559999943,0,0,0,420,1020
523,4311149,Mitchell,VIC,8.739999771,12986,3802,339,381.3259998,2.369999886,0.07,6.269999981,0.01,113,8,218,1101
524,9511010,William,VIC,7.150000095,11181,1837,271,245.6810001,1.059999943,0.5,5.579999924,0,16,12,243,815
525,1575278,Melissa,WA,7.800000191,11663,1584,313,255.1630002,0.25,3.730000019,3.819999933,0,4,95,214,605
526,6187480,Lynn,WA,7.269999981,10999,2198,323,289.669,0.680000007,1.809999943,4.78000021,0,11,43,269,1011
527,2178049,Daniel,NSW,6.730000019,8915,2361,397,332.195,0,0,6.730000019,0,0,0,397,525
528,8136029,Cynthia,QLD,0.519999981,838,1214,60,92.05799998,0,0,0.519999981,0,0,0,60,1053
529,4464442,Maria,WA,1.480000019,2237,1589,120,143.167,0,0,1.480000019,0,0,0,120,1320
530,4314692,Jasmine,QLD,7.800000191,11584,2862,263,293.9840002,2.789999962,1.639999986,3.359999895,0,54,48,161,810
531,5719607,Ryan,VIC,2.309999943,3292,1848,135,165.5019999,0,0,2.309999943,0,0,0,135,1305
532,7285088,Jessica,QLD,5.880000114,8199,1964,335,279.7790001,1.409999967,0.100000001,4.360000134,0.01,11,2,322,1105
533,2110389,Tammy,TAS,9.649999619,12862,2742,339,329.1119996,4.610000134,0.560000002,4.480000019,0,56,22,261,1101
534,9416320,Joseph,NSW,5.269999981,7091,2584,119,201.061,3.480000019,0.870000005,0.730000019,0,42,30,47,1321
535,4912942,Lindsey,WA,1.409999967,1967,1032,56,82.97699997,0.129999995,0.239999995,1.049999952,0,2,5,49,551
536,9501424,Amanda,VIC,9.649999619,12315,2794,225,274.1649996,6.170000076,0.310000002,3.170000076,0,58,8,159,1215
537,8468810,Timothy,VIC,7.400000095,9799,2636,487,392.4990001,0,0,7.400000095,0,0,0,487,479
538,2635156,Ryan,VIC,12.22000027,15050,3538,391,399.6700003,1.200000048,5.119999886,5.880000114,0,15,95,281,542
539,9523838,Jessica,QLD,20.64999962,23629,3808,336,402.6789996,13.06999969,0.439999998,7.099999905,0,93,8,235,1104
540,6001045,Joseph,NSW,1.840000033,2826,1402,140,144.766,0,0,1.830000043,0.01,0,0,140,1300
541,5463418,Melissa,WA,2.680000067,3430,2505,65,163.8600001,0,0,0.899999976,0,0,0,65,1375
542,5345760,Mariah,WA,8.029999733,11034,2525,318,304.3139997,1.940000057,0.310000002,5.78000021,0,27,9,282,1122
543,8153768,Christopher,NSW,7.110000134,10762,2254,396,328.5720001,0.819999993,0.479999989,5.809999943,0,12,15,369,645
544,4251298,Nicole,SA,7.190000057,10245,2611,342,318.9850001,0.479999989,1.210000038,5.5,0,21,40,281,1098
545,5465150,John,NSW,8.529999733,13154,1898,265,249.0839997,3.539999962,1.159999967,3.789999962,0,48,28,189,782
546,9389012,Steven,VIC,7.380000114,9105,3013,243,288.6350001,1.820000052,1.49000001,4.070000172,0,22,30,191,890
547,8249903,Cheryl,QLD,1.549999952,2390,1404,150,149.14,0,0,1.549999952,0,0,0,150,1290
548,5897590,Nicholas,VIC,18.97999954,21129,3793,379,419.2589995,10.55000019,0.589999974,7.75,0.02,68,13,298,1061
549,7189573,Anthony,NSW,11.89999962,15484,3023,274,315.5339996,8.390000343,0.930000007,2.589999914,0,87,22,165,1166
550,2323483,Melissa,WA,1.350000024,1664,2241,72,151.064,0,0,1.350000024,0,0,0,72,1341
551,2722320,Hunter,NSW,5.099999905,6744,2843,324,315.9939999,0,0,5.090000153,0.01,0,0,324,1116
552,3332517,Jason,NSW,5.909999847,8940,2116,360,300.6499998,0.980000019,0.930000007,4,0,14,15,331,1080
553,4196340,Lauren,WA,5.679999828,8452,1830,273,242.1319998,0.330000013,1.080000043,4.260000229,0.01,5,20,248,1167
554,9551881,Matthew,VIC,2.599999905,3403,1879,141,170.4529999,0,0,2.599999905,0,0,0,141,758
555,6387408,Nicole,SA,2.289999962,3404,1610,138,155.194,0.059999999,0.419999987,1.809999943,0,1,10,127,1302
556,6692493,Jacqueline,QLD,6.579999924,10060,1740,255,231.1399999,3.529999971,0.319999993,2.730000019,0,44,8,203,574
557,9247752,Joshua,NSW,11.10000038,15010,2933,393,369.2600004,4.329999924,1.289999962,5.480000019,0,53,23,317,1047
558,2087341,Alejandro,NSW,17.54000092,22770,4022,436,459.4100009,9.449999809,2.769999981,5.329999924,0,120,56,260,508
559,7195200,Stacy,SA,0.25999999,400,1799,30,105.61,0.039999999,0.050000001,0.159999996,0,3,8,19,1410
560,6558956,Jennifer,QLD,2.420000076,3588,1654,160,168.7080001,0.230000004,0.200000003,1.99000001,0,3,5,152,1280
561,4031756,Tracy,VIC,7.409999847,10536,1604,226,211.1459998,2.150000095,0.620000005,4.619999886,0.01,17,7,202,1214
562,9934845,Hannah,QLD,3.980000019,5546,2926,206,258.826,0,0,3.869999886,0.039999999,0,0,206,774
563,5040479,Debbie,QLD,4.900000095,7303,2423,316,291.3530001,0,0.25,4.650000095,0,0,8,308,733
564,2186887,Laura,WA,3.910000086,4998,1505,71,119.6580001,2.950000048,0.200000003,0.75999999,0,28,4,39,839
565,9896761,Christopher,NSW,8.340000153,11107,2693,206,257.0970002,5.630000114,0.180000007,2.529999971,0,55,6,145,829
566,4334817,Jeffrey,NSW,1.529999971,2467,1370,153,148.997,0,0,1.529999971,0,0,0,153,749
567,3715514,Heather,QLD,3.460000038,5234,1705,78,132.944,1.929999948,0.99000001,0.540000021,0,29,16,33,1362
568,3658571,Kevin,NSW,7.130000114,8905,1976,127,178.3350001,5.599999905,0.189999998,1.340000033,0,41,4,82,1313
569,5834357,Bonnie,QLD,6.019999981,9108,2131,359,301.178,0.25999999,1.820000052,3.940000057,0,4,31,324,1081
570,8102173,Thomas,VIC,9.579999924,15337,3566,342,374.2169999,3.549999952,0.379999995,5.639999866,0,108,18,216,1098
571,5892472,Alyssa,VIC,7.159999847,9033,2044,196,216.3929998,5.429999828,0.140000001,1.590000033,0,40,2,154,1244
572,1481680,Ronald,VIC,11.77999973,15764,4392,416,455.1439997,7.650000095,2.150000095,1.980000019,0,210,65,141,425
573,6165679,Julie,QLD,20.39999962,23186,3921,404,441.6359996,12.22000027,0.340000004,7.820000172,0,85,7,312,1036
574,7180142,Mark,VIC,10.67000008,15112,2897,387,364.1320001,3.339999914,1.929999948,5.400000095,0,48,63,276,1053
575,6287118,Jacqueline,QLD,3.390000105,4732,2225,63,150.8720001,2.519999981,0.810000002,0.059999999,0,36,18,9,1377
576,2534026,John,NSW,5.900000095,7802,2771,260,282.2520001,0.680000007,0.180000007,5.03000021,0.01,8,3,249,1180
577,9704434,David,NSW,3.700000048,5162,2507,143,205.712,0.870000005,0.860000014,1.970000029,0,14,24,105,863
578,4467366,James,NSW,10.21000004,15448,2361,371,329.208,3.470000029,1.75,4.989999771,0,62,34,275,626
579,1327359,David,NSW,1.700000048,2573,1541,82,122.323,0,0.25999999,1.450000048,0,0,7,75,585
580,1317537,Amanda,VIC,3.75999999,5583,1851,266,234.893,0,0,3.75999999,0,0,0,266,1174
581,7953757,Kathleen,QLD,7.440000057,9837,3327,385,376.1270001,0.660000026,2.75,4,0.02,8,95,282,1055
582,1550222,Jacob,NSW,2.359999895,3570,1645,139,157.6799999,0,0,2.359999895,0,0,0,139,1301
583,5975026,Javier,NSW,7.730000019,10055,3069,291,316.735,0.370000005,0.389999986,6.980000019,0,7,12,272,853
584,8795134,Todd,VIC,7.829999924,10181,3015,285,311.2609999,1.370000005,0.689999998,5.769999981,0,20,16,249,704
585,3573619,Jenny,QLD,6.960000038,10524,2066,341,291.284,0.99000001,1.159999967,4.809999943,0,14,22,305,591
586,3453752,Tiffany,ACT,9.989999771,13368,4546,444,472.6579998,5.309999943,1.440000057,3.24000001,0,194,72,178,499
587,8265760,Alicia,VIC,10.86999989,14510,2976,419,383.6799999,4.480000019,1.019999981,5.360000134,0,58,31,330,1021
588,9639483,Craig,NSW,1.429999948,2193,1368,118,131.0229999,0,0,1.419999957,0,0,0,118,1322
589,5264694,Jeremy,NSW,7.019999981,10429,2282,334,298.549,0.589999974,0.579999983,5.849999905,0,8,13,313,1106
590,2296516,Alexis,NSW,4.070000172,6564,1658,345,266.0340002,0,0,4.070000172,0,0,0,345,530
591,4463351,Amanda,VIC,11,13953,2859,195,265.403,9.100000381,0.689999998,1.210000038,0,90,15,90,1245
592,2854971,Joshua,NSW,3.099999905,4631,2076,203,213.0309999,0,0,3.099999905,0,0,0,203,1155
593,2849396,Terri,ACT,6.679999828,10544,1786,245,229.0239998,1.960000038,0.479999989,4.239999771,0,28,12,205,818
594,3691276,Angela,VIC,6.809999943,10052,2754,231,270.0619999,3.480000019,0.660000026,2.660000086,0,66,26,139,737
595,3526954,Heidi,QLD,4.059999943,6175,1554,164,169.9349999,1.029999971,1.519999981,1.49000001,0.01,15,22,127,1276
596,7549546,David,NSW,2.559999943,3809,2150,215,221.3689999,0,0,2.539999962,0,0,0,215,756
597,9007407,Miranda,WA,5.449999809,8247,1944,233,227.3969998,0.790000021,0.860000014,3.789999962,0,11,16,206,678
598,8385034,Travis,VIC,5.260000229,7711,1985,376,300.2210002,0,0,5.239999771,0.02,0,0,376,1064
599,8063410,Monique,WA,3.940000057,6157,2780,310,304.0970001,0,0,3.940000057,0,0,0,310,714
600,9001482,Audrey,VIC,10.65999985,14269,4274,398,437.6289999,6.639999866,1.279999971,2.730000019,0,184,56,158,472
601,2072647,Taylor,VIC,5.53000021,7328,2250,318,284.3580002,0,0,5.53000021,0,0,0,318,517
602,6106563,Jack,NSW,0.01,9,1843,1,92.669,0,0,0.01,0,0,0,1,1439
603,9234679,Brett,NSW,7.579999924,11423,2194,330,293.7029999,1.860000014,0.400000006,5.320000172,0,26,9,295,623
604,6606594,Tim,VIC,6.630000114,9715,2093,395,318.4950001,0.99000001,0.340000004,5.269999981,0.02,16,8,371,1045
605,2950367,Lynn,WA,6.820000172,8863,2998,264,297.5830002,0.129999995,1.070000052,5.619999886,0,10,35,219,945
606,2601596,Charles,NSW,5.670000076,8585,2395,190,229.0050001,2.039999962,1.110000014,2.529999971,0,30,21,139,864
607,4791481,Crystal,QLD,4.210000038,5565,2743,287,290.425,0,0,4.179999828,0.029999999,0,0,287,1153
608,6123122,Brian,NSW,5.840000153,7359,3061,200,266.2490002,0.330000013,0.180000007,5.329999924,0,4,4,192,676
609,8757202,Edward,NSW,7.760000229,11886,2093,296,272.2960002,2.369999886,0.930000007,4.460000038,0,40,18,238,750
610,7348564,Anna,VIC,6.710000038,9827,2743,226,266.687,3.170000076,1.220000029,2.309999943,0,61,51,114,1136
611,5150276,Kevin,NSW,6.050000191,9148,2223,336,294.3480002,0.430000007,2.029999971,3.589999914,0,12,41,283,1062
612,6723601,Victoria,NT,1.450000048,2091,2383,108,176.691,0,0,1.450000048,0,0,0,108,1332
613,6279548,Kathy,QLD,2.339999914,2946,2660,121,198.7859999,0,0,2.339999914,0,0,0,121,780
614,3382357,Catherine,QLD,9.68999958,12427,3266,70,220.4169996,0,0,1.179999948,0,0,0,70,1370
615,8904069,Krystal,WA,9.270000458,13239,2194,348,306.2090005,3.019999981,1.679999948,4.460000038,0.100000001,35,31,282,637
616,3245131,Jeremiah,NSW,1.789999962,2497,2067,48,131.637,0.349999994,1.129999995,0.310000002,0,5,24,19,1392
617,5246049,Alexandra,VIC,0.079999998,108,2011,3,102.238,0,0,0.029999999,0,0,0,3,1437
618,9480473,Shannon,VIC,4.75,6910,2336,231,243.96,2.210000038,0.189999998,2.349999905,0,27,4,200,667
619,6455770,Scott,VIC,4.079999924,6093,1397,242,201.0229999,0,0,4.059999943,0,0,0,242,712
620,2072200,Michelle,WA,3.099999905,4993,1521,238,203.1429999,0,0,3.099999905,0,0,0,238,663
621,3906158,Veronica,NT,0.469999999,678,2220,55,139.648,0,0,0.469999999,0,0,0,55,734
622,2222869,Kevin,NSW,6.099999905,8053,1935,142,181.9029999,4.170000076,0.629999995,1.309999943,0,35,11,96,1298
623,4125354,Christine,QLD,8.680000305,11495,2651,512,408.7250003,0,0,8.680000305,0,0,0,512,468
624,5782883,Chelsea,QLD,2.619999886,3790,2505,118,190.6599999,1.159999967,0.300000012,1.159999967,0,16,8,94,1322
625,7501632,Jody,QLD,1.039999962,1619,1962,79,140.259,0,0,1.039999962,0,0,0,79,834
626,4982588,Stacey,SA,2.160000086,3490,1401,164,157.7000001,0,0,2.160000086,0,0,0,164,704
627,9083123,Jared,NSW,5.760000229,7623,2305,362,309.6330002,0,0,5.760000229,0,0,0,362,711
628,7160686,Jason,NSW,5.539999962,8242,1882,316,265.882,0.119999997,0.180000007,5.239999771,0,2,5,309,1124
629,1635605,Donna,QLD,5.559999943,8275,1962,373,298.4349999,0,0,5.550000191,0.01,0,0,373,1067
630,8479821,Eric,NSW,0.839999974,1251,1593,67,115.241,0,0,0.839999974,0,0,0,67,836
631,8413718,Charles,NSW,9.319999695,13272,2544,307,303.2919997,4.179999828,1.149999976,3.99000001,0,58,25,224,1133
632,1067661,Aaron,NSW,4.710000038,7604,1692,352,272.914,0,0,4.710000038,0,0,0,352,492
633,7859991,Shannon,VIC,14.38000011,17298,3934,323,389.8780001,9.890000343,1.25999999,3.230000019,0,107,38,178,576
634,8585153,Brittney,QLD,1.789999962,2661,1125,128,124.701,0,0,1.789999962,0,0,0,128,830
635,6914988,Kelly,NSW,6.730000019,8758,3066,299,318.288,0,0,6.730000019,0,0,0,299,837
636,7558221,Jesse,NSW,10.47999954,14194,2812,374,352.2739995,4.409999847,0.75999999,5.309999943,0,53,17,304,1066
637,2307506,Jasmine,QLD,10.23999977,15299,2889,375,357.4889998,4.099999905,1.75999999,4.369999886,0,64,50,261,1065
638,3901614,Jacqueline,QLD,12.85000038,16208,3763,269,351.7080004,7.510000229,0.920000017,4.420000076,0,90,18,161,593
639,3966422,Shawn,VIC,0.170000002,244,2111,17,114.464,0,0,0.170000002,0,0,0,17,1423
640,4708654,Grace,QLD,4.460000038,5896,2703,258,274.506,0,0,4.460000038,0,0,0,258,1182
641,8315436,Sandra,SA,6.46999979,9648,2235,321,288.3679998,0.579999983,1.070000052,4.829999924,0,8,26,287,669
642,6872354,Colleen,QLD,7.420000076,11085,2667,419,361.3550001,0,0,7.420000076,0,0,0,419,1021
643,3319049,Sarah,SA,3.50999999,5205,1801,245,221.265,0,0,3.50999999,0,0,0,245,1195
644,7292518,Ronald,VIC,4.329999924,5731,2687,255,271.9109999,0,0,4.329999924,0,0,0,255,1185
645,8587768,Amy,VIC,6.659999847,8538,2883,211,264.8479998,2.630000114,1.019999981,3.00999999,0,35,18,158,1229
646,4720464,Deborah,QLD,4.5,6815,1947,328,272.665,0,0,4.5,0,0,0,328,745
647,3192614,Rebekah,SA,8.069999695,12390,2730,303,308.4599997,2.299999952,0.899999976,4.849999905,0,30,15,258,685
648,1770173,Margaret,WA,6.460000038,8286,2889,252,285.196,0.150000006,2.049999952,4.269999981,0,2,44,206,1188
649,6642264,Charles,NSW,3.380000114,4477,1248,197,168.7570001,0,0,3.380000114,0,0,0,197,125
650,1467010,Gabriel,NSW,0.850000024,1170,1886,51,121.82,0,0,0.850000024,0,0,0,51,1389
651,2655016,Kyle,NSW,8.239999771,11179,2668,344,324.8189998,2.950000048,0.340000004,4.960000038,0,34,6,304,1096
652,5221038,Kaitlyn,QLD,0.02,29,1464,3,74.749,0,0,0.02,0,0,0,3,1363
653,9376430,Ashley,VIC,7.170000076,13422,3934,388,411.2920001,0.050000001,0.050000001,7.010000229,0.01,106,1,281,1052
654,4880993,Keith,NSW,9.029999733,11140,3328,362,367.5699997,0.239999995,1.25,7.539999962,0,3,24,335,556
655,3568103,David,NSW,5.320000172,7910,1893,331,273.3800002,0,0,5.320000172,0,0,0,331,1109
656,9469872,Haley,QLD,18.11000061,19948,3679,317,380.5080006,11.02000046,0.689999998,6.340000153,0,73,19,225,1123
657,9411883,Holly,QLD,7.840000153,10201,2954,282,306.7410002,0.529999971,0.790000021,6.53000021,0,8,18,256,858
658,7482532,Sherri,SA,3.460000038,5232,1842,252,226.792,0,0,3.460000038,0,0,0,252,1188
659,6952793,Troy,VIC,13.23999977,20031,2571,446,384.8209998,4.199999809,2,7.039999962,0,58,41,347,484
660,9961343,Christopher,NSW,1.029999971,1532,1473,76,114.212,0,0,1.029999971,0,0,0,76,1364
661,3000609,Bill,NSW,4.260000229,6260,1854,166,186.2200002,1.289999962,0.540000021,2.400000095,0,16,14,136,1257
662,3697143,Ryan,VIC,6.199999809,8206,2409,402,335.8559998,0,0,6.199999809,0,0,0,402,413
663,1421240,John,NSW,3.269999981,4556,2785,181,237.576,0.200000003,0.119999997,2.940000057,0,3,5,173,1225
664,1944789,Christopher,NSW,15.73999977,16674,3455,292,351.1639998,11.01000023,0.01,4.690000057,0,64,1,227,1148
665,3213573,Suzanne,TAS,2.00999999,3147,2188,149,189.057,0,0.280000001,1.74000001,0,0,10,139,744
666,9914501,Mary,WA,0.620000005,924,1410,45,94.54400001,0,0,0.620000005,0,0,0,45,1395
667,3255363,Barbara,VIC,8.409999847,11317,2772,218,267.3269998,5.269999981,0.150000006,2.970000029,0,59,6,153,745
668,6056861,Yvonne,NT,6.710000038,10035,1495,230,206.495,2.029999971,2.130000114,2.549999952,0,31,46,153,754
669,7436446,Emily,QLD,4.789999962,6339,2682,239,264.729,0,0,4.789999962,0,0,0,239,1201
670,5148887,Joseph,NSW,6.130000114,9129,2232,332,292.8590001,0.200000003,0.74000001,5.179999828,0,3,18,311,574
671,4668866,Billy,NSW,5.590000153,7045,3644,245,317.3350002,1.549999952,0.25,3.779999971,0,74,5,166,831
672,5612338,Katelyn,QLD,4.440000057,6722,1855,230,218.9120001,1.49000001,0.310000002,2.650000095,0,24,7,199,709
673,8082212,Denise,QLD,11.36999989,16901,2629,427,373.2209999,2.779999971,1.450000048,7.150000095,0,32,35,360,591
674,9202787,Sabrina,SA,5.800000191,7671,2952,363,342.5710002,0,0,5.769999981,0.029999999,0,0,363,1077
675,5989847,Howard,NSW,5.400000095,7142,2839,321,314.9920001,0,0,5.389999866,0.01,0,0,321,1119
676,9929285,Brenda,QLD,4.949999809,7365,1780,249,225.8149998,1.360000014,1.409999967,2.180000067,0,20,23,206,1191
677,8643603,Cynthia,QLD,0.419999987,590,1120,21,67.50999999,0,0,0.409999996,0,0,0,21,721
678,4094235,Travis,VIC,3.799999952,5664,1985,228,222.714,0,0,3.799999952,0,0,0,228,752
679,6986126,Christopher,NSW,4.849999905,7192,1922,294,255.1419999,0,0.49000001,4.340000153,0,0,11,283,1146
680,3859653,Michael,VIC,0.850000024,1321,1928,80,138.571,0,0,0.850000024,0,0,0,80,1360
681,1387952,Mathew,VIC,9.109999657,13566,2960,288,314.6759997,4.260000229,1.710000038,3.119999886,0,67,50,171,743
682,2030117,Elizabeth,QLD,6.110000134,9105,2499,288,284.1650001,2.25,1,2.859999895,0,34,22,232,622
683,3357821,Mark,VIC,5.880000114,7213,2947,263,291.9430001,0,0,5.849999905,0,0,0,263,718
684,6584263,Keith,NSW,26.71999931,27745,4398,351,449.8649993,21.65999985,0.079999998,4.929999828,0,124,4,223,1089
685,1244761,Sierra,SA,9.369999886,12015,3212,0,181.9849999,0,0,0,0,0,0,0,1440
686,9386180,Lisa,WA,3.619999886,4561,1976,116,164.9809999,0.649999976,0.270000011,2.690000057,0,8,6,102,433
687,1064323,Andrea,VIC,2.25999999,2997,1902,156,178.357,0,0,2.25999999,0,0,0,156,1279
688,2237715,Shawn,VIC,1.769999981,2672,1632,105,138.542,0,0,1.75999999,0,0,0,105,1335
689,9040979,Leonard,NSW,5.130000114,6781,2725,268,282.1610001,0,0,5.110000134,0.02,0,0,268,1172
690,1954480,Marcus,VIC,17.64999962,22026,3589,367,402.6259996,13.39999962,0.589999974,3.660000086,0,125,14,228,1073
691,7681134,Tara,ACT,6.380000114,9769,1996,259,245.4490001,1.059999943,0.409999996,4.900000095,0,23,9,227,724
692,1854016,Richard,VIC,4.590000153,7174,2896,331,322.0640002,0.330000013,0.360000014,3.910000086,0,10,20,301,749
693,6347417,Xavier,VIC,6.849999905,9172,3329,292,328.4719999,2.420000076,0.790000021,3.299999952,0,62,30,200,823
694,6809701,Vanessa,ACT,3.190000057,4363,2463,99,180.2030001,0.519999981,0.540000021,2.130000114,0.01,6,12,81,1341
695,9671370,Diane,QLD,3.480000019,5161,1821,247,223.191,0,0,3.470000029,0,0,0,247,1193
696,3883427,Amy,VIC,6.659999847,10081,2002,285,259.3409998,2.24000001,0.75999999,3.670000076,0,32,16,237,731
697,2416012,Robert,VIC,11.39999962,15112,2782,388,359.6119996,3.869999886,0.660000026,6.880000114,0,28,29,331,1052
698,1571650,Michael,VIC,3.49000001,5370,1463,176,170.01,0,0,3.49000001,0,0,0,176,1264
699,5476576,Katherine,QLD,3.769999981,5771,1831,288,245.091,0,0,3.769999981,0,0,0,288,521
700,9774533,Colleen,QLD,7.119999886,10140,2296,317,290.5599999,0.409999996,1.330000043,5.389999866,0,6,20,291,1123
701,5909047,James,NSW,4.300000191,5417,2884,160,233.9170002,0.899999976,0.49000001,2.910000086,0,11,10,139,711
702,7881289,Andrea,VIC,7.909999847,10204,2112,203,225.2139998,5.429999828,0.150000006,2.329999924,0,41,5,157,1237
703,8422212,Sara,SA,9.380000114,12465,2765,226,273.0950001,6.119999886,0.569999993,2.690000057,0,66,12,148,1214
704,8211179,David,NSW,2.539999962,3844,1725,176,180.634,0,0,2.539999962,0,0,0,176,527
705,9767500,Teresa,ACT,7.579999924,11611,2272,332,298.7909999,2.130000114,0.889999986,4.559999943,0,59,22,251,667
706,5199591,Chelsea,QLD,3.289999962,4878,1742,204,197.268,0,0,3.289999962,0,0,0,204,1236
707,9291923,Eric,NSW,9.420000076,12574,3501,242,318.0440001,7.019999981,0.639999986,1.75999999,0,108,23,111,733
708,4154240,Andrea,VIC,7.090000153,10725,2086,303,273.6150002,1.769999981,1.549999952,3.769999981,0,30,33,240,659
709,8796324,Andrea,VIC,3.140000105,4676,2196,226,230.6160001,0,0,3.130000114,0,0,0,226,1106
710,9112074,Christopher,NSW,8.329999924,12764,2169,331,295.0439999,2.789999962,0.639999986,4.909999847,0,46,15,270,709
711,3190222,Victoria,NT,1.690000057,2132,2572,93,178.9220001,0,0,1.690000057,0,0,0,93,599
712,3719269,Robin,SA,3.720000029,5992,1604,304,241.912,0,0,3.720000029,0,0,0,304,981
713,8235574,Steven,VIC,3.309999943,4935,1945,233,221.9949999,0,0,3.309999943,0,0,0,233,546
714,6672354,David,NSW,7.28000021,10817,2367,380,326.4470002,1.00999999,0.330000013,5.940000057,0,13,8,359,552
715,6205597,Marilyn,WA,6.519999981,9572,2735,225,265.342,2.890000105,1.389999986,2.230000019,0,57,40,128,757
716,6284958,Tyrone,VIC,11.35999966,14810,2926,221,282.9699997,9.090000153,0.419999987,1.850000024,0,96,10,115,1219
717,1786667,Jennifer,QLD,4.900000095,7275,2003,335,279.8250001,0,0,4.900000095,0,0,0,335,1105
718,2712503,William,VIC,8.159999847,12669,1863,267,247.4789998,2.710000038,0.409999996,5.039999962,0,36,10,221,773
719,4609736,Joshua,NSW,14.11999989,18060,3186,247,314.9799999,11.64000034,0.389999986,2.099999905,0,116,8,123,1193
720,7638155,Tina,ACT,6.789999962,8567,3783,283,346.007,0.889999986,0.159999996,5.739999771,0,66,3,214,764
721,2384418,John,NSW,7.110000134,9411,2576,458,374.3210001,0,0,7.110000134,0,0,0,458,417
722,1386594,Andrea,VIC,3.619999886,5813,2516,212,241.2329999,0.560000002,0.209999993,2.839999914,0,31,26,155,744
723,3869760,Patrick,VIC,7.630000114,11682,2105,311,280.0620001,1.379999995,0.629999995,5.599999905,0,25,16,270,781
724,2092501,Sandra,SA,10.10000038,15090,2939,462,403.1400004,0.930000007,0.939999998,8.229999542,0,16,22,424,978
725,6238331,William,VIC,3.680000067,5563,1756,217,205.5430001,0,0,3.680000067,0,0,0,217,837
726,9525631,Natasha,WA,3.039999962,4597,1814,229,212.837,0,0.479999989,2.559999943,0,0,12,217,1211
727,2135964,Michelle,WA,10.11999989,15128,2836,433,383.5479999,1.090000033,0.769999981,8.260000229,0,16,16,401,1007
728,3155748,Joshua,NSW,7.389999866,9893,3625,276,336.5329999,4.860000134,0.720000029,1.820000052,0,114,32,130,623
729,4925282,Kristy,WA,5.329999924,7937,2158,310,276.1669999,0.189999998,1.049999952,4.079999924,0,3,28,279,586
730,1873172,Robert,VIC,4.25,6435,1889,249,229.635,0.74000001,1.120000005,2.390000105,0,11,18,220,1191
731,9910852,Sarah,SA,1.789999962,2759,1401,120,134.599,0,0.200000003,1.600000024,0,0,5,115,1320
732,6655378,William,VIC,4.550000191,7007,1411,148,156.1070002,0,0,4.550000191,0,0,0,148,1292
733,5873594,Lori,WA,17.19000053,22359,3554,362,398.2490005,12.53999996,0.629999995,4.019999981,0,125,14,223,741
734,5063309,Justin,NSW,3.769999981,6088,1593,286,232.508,0,0,3.769999981,0,0,0,286,586
735,7941245,Kenneth,NSW,2.039999962,2945,2499,145,202.435,0,0,2.039999962,0,0,0,145,1295
736,8817304,Brenda,QLD,7.71999979,12022,1819,263,242.1919998,3.450000048,0.529999971,3.74000001,0,46,11,206,835
737,1829735,Yolanda,NT,10.35999966,13070,4092,293,374.5299997,5.300000191,0.879999995,4.179999828,0,120,19,154,737
738,8021862,Tracy,VIC,2.299999952,3409,1632,147,160.809,0,0,2.299999952,0,0,0,147,1293
739,9351245,Edgar,NSW,6.320000172,9557,2098,353,297.2770002,1.960000038,0.889999986,3.460000038,0,27,14,312,1087
740,6282591,Amanda,VIC,11.10999966,14549,2867,185,261.5089997,9.359999657,0.270000011,1.49000001,0,96,6,83,1255
741,8483058,Michael,VIC,4.46999979,5974,2306,160,205.7439998,0,0,4.369999886,0,0,0,160,1280
742,3562469,Andrea,VIC,5.610000134,8314,1971,347,285.9740001,0.779999971,0.800000012,4.03000021,0,13,23,311,1093
743,4086176,Amy,VIC,9.100000381,11009,3274,274,320.8090004,3.559999943,0.400000006,5.139999866,0,27,8,239,1017
744,6345854,Marc,VIC,3.019999981,4500,1886,196,199.82,0.059999999,0.810000002,2.150000095,0,1,19,176,709
745,5883680,Heidi,QLD,2.480000019,3755,1722,202,193.335,0,0,2.480000019,0,0,0,202,1238
746,5633078,Jesus,NSW,7.769999981,10694,3199,309,332.914,0.140000001,2.299999952,5.329999924,0,2,51,256,1131
747,3609089,Kimberly,QLD,2.630000114,3915,2181,231,231.0950001,0,0,2.630000114,0,0,0,231,783
748,3508749,Bradley,NSW,4.409999847,5832,2718,272,282.1419998,0,0,4.400000095,0.01,0,0,272,1168
749,1953959,Janet,QLD,17.39999962,18785,3676,309,374.4849996,12.14999962,0.180000007,5.03000021,0,82,13,214,1131
750,8905477,Lisa,WA,5.71999979,7047,2908,255,285.6669998,0.090000004,0.800000012,4.78000021,0,1,16,238,733
751,4369538,Paul,VIC,8.020000458,11037,3226,315,337.8570005,0.360000014,2.559999943,5.099999905,0,5,58,252,1125
752,1345266,Elizabeth,QLD,4.510000229,6829,1909,179,196.2890002,0.360000014,2.390000105,1.769999981,0,7,54,118,1261
753,5537358,Lori,WA,8.789999962,13755,1970,333,287.545,2.329999924,0.920000017,5.539999962,0,31,23,279,833
754,7867100,Tina,ACT,7.5,10690,2312,292,279.79,2.480000019,0.209999993,4.820000172,0,32,3,257,1148
755,6275034,Tyler,VIC,4.130000114,6349,1467,186,176.8290001,0,0,4.110000134,0.02,0,0,186,1254
756,8553974,Benjamin,NSW,6.820000172,10319,2105,329,286.8890002,0.469999999,1.889999986,4.460000038,0,7,29,293,1111
757,4177993,Brittany,QLD,2.069999933,3335,1431,197,175.4549999,0,0,2.049999952,0,0,0,197,653
758,8705092,Molly,WA,7.099999905,10677,2534,206,247.4769999,2.309999943,1.529999971,3.25,0,32,27,147,695
759,8583354,Morgan,WA,7.489999771,10725,2124,328,288.4149998,1.169999957,0.310000002,6.010000229,0,13,9,306,1112
760,4131209,Scott,VIC,11.51000023,14990,2950,232,290.0000002,8.850000381,0.449999988,2.210000038,0,93,9,130,1208
761,6813365,Alicia,VIC,1.370000005,2100,1334,96,118.17,0,0,1.340000033,0.02,0,0,96,1344
762,5057893,Stephen,VIC,9.590000153,14335,1710,346,282.4250002,3.319999933,1.74000001,4.53000021,0,47,41,258,594
763,6691276,Jennifer,QLD,1.809999943,2817,1965,90,147.8769999,0,0,1.799999952,0,0,0,90,1350
764,6397662,Robert,VIC,11.31000042,15566,3096,440,401.6760004,4.789999962,0.670000017,5.860000134,0,60,33,347,1000
765,2805468,Diana,QLD,13.34000015,18229,3055,454,411.3190001,4.309999943,1.370000005,7.670000076,0,51,24,379,986
766,4427975,Eric,NSW,5.110000134,7566,1431,268,218.2260001,0,0,5.110000134,0,0,0,268,720
767,7356228,Terrance,VIC,8.119999886,12109,2072,324,285.8289999,1.74000001,2.039999962,4.329999924,0,21,36,267,654
768,9514716,Tanya,TAS,15.07999992,22244,2670,406,373.8239999,5.449999809,4.099999905,5.53000021,0,66,72,268,968
769,6525633,Matthew,VIC,10.22000027,13541,2830,399,364.7610003,4.269999981,0.660000026,5.289999962,0,50,12,337,1041
770,3080154,Heather,QLD,4.179999828,6222,2363,290,273.5519998,0,0,4.179999828,0,0,0,290,797
771,3244702,Debra,QLD,3.359999895,5002,2247,244,242.7119999,0,0,3.359999895,0,0,0,244,1196
772,4377778,Melissa,WA,18.25,20226,3710,309,378.476,11.10000038,0.800000012,6.239999771,0.050000001,73,19,217,1131
773,6735193,Melissa,WA,1.799999952,2718,1580,47,107.018,0.670000017,0.779999971,0.340000004,0,11,16,20,1393
774,8726890,Michele,WA,6.650000095,9685,2148,353,300.2350001,3.109999895,0.02,3.50999999,0.01,47,1,305,1087
775,6897498,Norman,VIC,3.950000048,6375,1649,331,258.275,0,0,3.950000048,0,0,0,331,626
776,9357956,Levi,NSW,8.529999733,11548,2489,288,288.5279997,3.289999962,0.239999995,5,0,31,7,250,1152
777,9204298,Jennifer,QLD,3.369999886,5164,1747,237,214.3839999,0,0,3.369999886,0,0,0,237,436
778,9776957,Katherine,QLD,2.519999981,3761,2051,200,208.831,0,0,2.519999981,0,0,0,200,1240
779,6843493,Monique,WA,6.239999771,9261,2270,355,306.5009998,0,0.439999998,5.710000038,0,0,11,344,585
780,4386501,Barry,NSW,6.710000038,10147,2086,335,288.657,0.469999999,1.679999948,4.550000191,0,15,36,284,683
781,8395350,Casey,NSW,4.489999771,6799,1922,279,246.8889998,0,0,4.489999771,0,0,0,279,1161
782,5588334,Crystal,QLD,11.47000027,14461,3666,273,345.7310003,4.909999847,1.149999976,5.409999847,0,60,23,190,729
783,9464685,Samantha,SA,16.23999977,20669,3410,298,356.4089998,13.26000023,0.389999986,2.589999914,0,132,8,158,1142
784,5327819,Julie,QLD,3.220000029,4926,1693,195,190.296,0,0,3.220000029,0,0,0,195,628
785,8284953,Ryan,VIC,6.010000229,8954,2220,324,287.9640002,0,0.680000007,5.309999943,0,0,18,306,671
786,2255564,Corey,NSW,6.96999979,10735,1797,257,236.0549998,1.570000052,0.689999998,4.710000038,0,21,19,217,776
787,9514493,Cynthia,QLD,6.789999962,8701,2804,253,282.191,0.370000005,3.24000001,3.170000076,0,5,71,177,1106
788,9930264,Monique,WA,1.220000029,1868,1494,96,125.788,0,0,1.220000029,0,0,0,96,902
789,5424507,Scott,VIC,13.23999977,18213,3846,482,464.7529998,0.629999995,3.140000105,9.460000038,0,9,71,402,816
790,3792427,Heather,QLD,4.349999905,7018,1690,355,273.3679999,0,0,4.349999905,0,0,0,355,716
791,4357679,Rebecca,SA,0.980000019,1510,1344,96,117.69,0,0,0.970000029,0,0,0,96,1344
792,6748035,Brandon,NSW,12.47999954,15929,3114,288,328.1089995,9.220000267,0.310000002,2.950000048,0,90,7,191,1152
793,5390020,Laura,WA,5.28000021,6506,2896,265,289.0860002,0.07,0.419999987,4.789999962,0,1,8,256,944
794,3681719,Kelly,NSW,8.609999657,11193,3074,300,323.5029997,0.699999988,2.50999999,5.389999866,0,11,48,241,684
795,1890695,Nicholas,VIC,2.930000067,4363,2149,201,215.2430001,0,0,2.930000067,0,0,0,201,1239
796,1838761,Dustin,NSW,0.340000004,475,2207,42,132.165,0,0.039999999,0.289999992,0,0,11,31,1350
797,8367664,Amanda,VIC,0.970000029,1329,1276,49,90.59900003,0,0,0.949999988,0.01,0,0,49,713
798,9888923,Ashlee,VIC,8.579999924,12312,1618,280,241.7919999,1.75999999,4.110000134,2.710000038,0,14,88,178,680
799,6352825,Laura,WA,10.71000004,16358,2335,366,326.818,3.869999886,1.610000014,5.199999809,0,61,40,265,707
800,9887324,George,NSW,0.5,746,52,13,10.346,0.370000005,0,0.129999995,0,4,0,9,13
801,4321127,Christian,NSW,12.18999958,15108,3043,252,305.4479996,9.579999924,0.230000004,2.380000114,0,89,5,158,695
802,3559272,Monica,WA,4.96999979,7379,1972,319,270.4489998,0,0,4.96999979,0,0,0,319,1121
803,3276106,Christine,QLD,9.800000191,15355,2013,303,277.3050002,5.289999962,0.569999993,3.940000057,0,73,14,216,814
804,7960534,John,NSW,2.099999905,3077,1237,172,153.0269999,0,0,2.089999914,0,0,0,172,842
805,8374592,Roberta,SA,10.59000015,14019,2865,519,427.3590002,0,0.280000001,10.30000019,0,0,6,513,921
806,7575716,Douglas,NSW,1.549999952,2276,1632,68,119.426,0.07,0.330000013,1.120000005,0,1,9,58,824
807,3002324,Steven,VIC,6.300000191,9202,2094,405,322.7020002,1.50999999,0.119999997,4.659999847,0.01,22,5,378,1035
808,7262105,Jonathan,NSW,10.27999973,13481,2529,279,289.7109997,4.550000191,1.149999976,4.579999924,0,37,26,216,1161
809,7671318,Jonathan,NSW,6.239999771,7875,3110,196,267.6149998,1.559999943,0.49000001,4.199999809,0,19,10,167,680
810,1494592,Albert,NSW,10.67000008,14055,3052,270,312.3250001,5.460000038,0.819999993,4.369999886,0,67,15,188,1170
811,4578226,Linda,WA,4.570000172,6047,2671,240,264.1670002,0,0,4.570000172,0,0,0,240,1200
812,7149031,Rachel,SA,6.050000191,7626,3635,236,313.4260002,0.829999983,0.709999979,4.5,0,65,15,156,723
813,3427540,Erica,QLD,6.349999905,9601,2094,318,279.6509999,1.370000005,1.5,3.470000029,0,20,25,273,1122
814,2715630,Eric,NSW,7.429999828,11200,3891,408,417.1799998,0,0,7.400000095,0.01,102,6,300,1032
815,1318408,Scott,VIC,4.170000076,6307,1452,247,206.5770001,0,0,4.170000076,0,0,0,247,736
816,9856884,Michael,VIC,9.840000153,12405,4005,274,359.4950002,5.050000191,0.870000005,3.920000076,0,117,16,141,692
817,9900019,Briana,QLD,2.079999924,3090,1630,145,159.1699999,0,0,2.079999924,0,0,0,145,1295
818,4117172,Danielle,QLD,2.039999962,3121,741,62,73.21099996,0.579999983,0.400000006,1.059999943,0,8,6,48,222
819,7304680,Roger,VIC,7.190000057,9217,2940,257,291.9070001,0.219999999,3.309999943,3.660000086,0,3,72,182,1183
820,5235042,John,NSW,4,6083,1762,221,208.683,0.219999999,0.469999999,3.299999952,0,3,8,210,505
821,2898739,Megan,WA,7.539999962,11404,2039,293,267.394,0.829999983,2.390000105,4.320000172,0,13,42,238,689
822,2017433,James,NSW,1.580000043,2547,1373,150,147.777,0,0,1.580000043,0,0,0,150,728
823,9104010,Paul,VIC,9.619999886,12685,2846,258,293.6049999,6.309999943,0.200000003,3.099999905,0,68,5,185,1182
824,5661029,Timothy,VIC,3.609999895,5454,1740,215,203.5639999,0,0,3.609999895,0,0,0,215,722
825,4678086,John,NSW,3.289999962,4978,1722,153,170.868,1.24000001,0.439999998,1.610000014,0,19,7,127,1287
826,2581530,Ashley,VIC,3.74000001,5652,1718,174,182.292,0.569999993,1.210000038,1.960000038,0,8,24,142,548
827,3087258,Bailey,VIC,10.28999996,12692,3394,380,382.682,0.959999979,3.460000038,5.880000114,0,12,66,302,437
828,5856447,Victoria,NT,1.129999995,1732,1328,91,114.762,0,0,1.129999995,0,0,0,91,1349
829,9369066,Kenneth,NSW,3.390000105,5135,1909,318,262.9750001,0,0,3.390000105,0,0,0,318,1122
830,7857658,Tiffany,ACT,6.289999962,9632,1916,259,241.222,1.519999981,0.540000021,4.230000019,0,21,9,229,761
831,1996530,Dominique,QLD,4.440000057,5697,2668,183,235.0370001,0.529999971,0.479999989,3.440000057,0,7,10,166,1257
832,3601623,Joshua,NSW,6.53000021,9753,2846,270,293.5830002,2.869999886,0.970000029,2.670000076,0,58,59,153,762
833,7231219,Ashlee,VIC,3.619999886,5472,1882,257,231.6919999,0.079999998,0.280000001,3.25999999,0,1,7,249,508
834,5108997,Gina,QLD,9.659999847,15103,1990,328,288.2629998,3.730000019,1.049999952,4.880000114,0,50,24,254,816
835,4364695,Julie,QLD,6.230000019,9135,2044,402,318.565,0,0,6.21999979,0.01,0,0,402,1038
836,2045482,Brandon,NSW,3.00999999,4493,2203,236,235.653,0,0,3.00999999,0,0,0,236,762
837,6786265,Catherine,QLD,10.06999969,14131,2770,362,343.7009997,3.640000105,0.119999997,6.300000191,0,48,3,311,1078
838,6908635,Tyler,VIC,6.349999905,9317,2021,363,298.2169999,2.089999914,0.230000004,4.019999981,0.01,28,5,330,1077
839,8487345,Rebecca,SA,2.059999943,3325,1419,182,167.3349999,0,0,2.059999943,0,0,0,182,1062
840,1570451,Justin,NSW,3.180000067,4744,1884,194,199.1240001,0,0,3.180000067,0,0,0,194,724
841,9408424,Lauren,WA,3.480000019,5151,1829,162,181.081,1.039999962,0.629999995,1.799999952,0,16,16,130,1278
842,1967344,Catherine,QLD,8.449999809,10993,3092,165,256.5429998,0.059999999,0.629999995,3.880000114,0,1,14,150,1275
843,3412149,Michael,VIC,5.179999828,7833,1918,241,229.4129998,1.019999981,1.850000024,2.309999943,0,15,29,197,1096
844,6398869,Dana,QLD,10.07999992,14687,1667,281,248.6169999,0.769999981,5.599999905,3.549999952,0,8,122,151,1159
845,4352252,Christine,QLD,13.35000038,16433,3140,263,318.2830004,10.43000031,0.469999999,2.450000048,0,95,12,156,1177
846,4732839,Erica,QLD,4.590000153,6731,1921,313,263.8710002,0.889999986,0.189999998,3.49000001,0.02,14,7,292,1127
847,5327858,Courtney,QLD,2.799999952,3588,2516,0,132.188,0,0,0,0,0,0,0,1440
848,8433533,Rebecca,SA,0.129999995,197,1366,10,73.627,0,0,0.129999995,0,0,0,10,1430
849,9652831,Debbie,QLD,4.199999809,5862,3089,263,296.0119998,0,0,4.150000095,0,0,0,263,775
850,6984684,Kyle,NSW,9.720000267,13372,3404,301,343.7920003,3.25999999,0.790000021,5.670000076,0.01,41,17,243,1139
851,3694287,Scott,VIC,5.03000021,7243,2361,227,243.8230002,2.619999886,0.029999999,2.380000114,0,32,1,194,839
852,7511634,Bethany,VIC,7.619999886,11388,1551,272,232.5579999,0.449999988,4.21999979,2.950000048,0,7,95,170,797
853,5621056,Jessica,QLD,5.320000172,8580,1698,330,263.8000002,0,0,5.320000172,0,0,0,330,569
854,9976973,Christopher,NSW,2.549999952,3800,2120,193,208.85,0.119999997,0.239999995,2.180000067,0,2,6,185,734
855,2305585,Julie,QLD,7.239999771,9592,2560,461,375.3319998,0,0,7.239999771,0,0,0,461,479
856,5092097,Gregory,NSW,9.710000038,14727,2004,333,291.137,3.210000038,0.569999993,5.920000076,0,41,15,277,798
857,3659440,David,NSW,8.539999962,12912,2162,370,314.552,1.200000048,2,5.340000153,0,18,39,313,655
858,4943645,Amber,VIC,0.889999986,1223,2140,38,128.113,0,0,0.879999995,0.01,0,0,38,1402
859,7094467,Alyssa,VIC,1.700000048,2524,1529,168,164.674,0,0.349999994,1.340000033,0,0,8,160,1272
860,6517366,Robin,SA,7.349999905,9423,3012,289,311.8729999,0.529999971,2.029999971,4.75,0,7,44,238,1151
861,4448678,Maria,WA,7.380000114,9603,2899,250,286.9330001,0.629999995,1.669999957,5.090000153,0,12,39,199,896
862,6211593,Jonathan,NSW,3.549999952,5372,1827,220,210.272,0,0,3.549999952,0,0,0,220,1220
