personId,date,exercise_activeDuration_in_ms,exercise_steps,exercise_calories,exercise_elevationGain,exercise_averageHeartRate,sleep_duration_in_ms,sleep_minutesAsleep,sleep_minutesAwake,sleep_efficiency
p01,2019-11-02,2458000,3035.0,354,21.34,98.0,25800000,378,52,97.0
p01,2019-11-04,1024000,1284.0,145,21.34,97.0,23940000,361,38,96.0
p01,2019-11-05,2433000,4966.0,517,41.45,118.5,21720000,326,36,99.0
p01,2019-11-08,1844000,2094.0,252,24.38,97.0,23520000,360,32,100.0
p01,2019-11-09,3123000,4185.0,454,64.01,97.0,23460000,344,47,99.0
p01,2019-11-10,2867000,4698.0,470,30.48,106.0,25320000,382,40,99.0
p01,2019-11-11,1260000,3384.0,339,12.5,146.0,21360000,318,38,97.0
p01,2019-11-12,922000,867.0,104,3.05,88.0,25380000,378,45,98.0
p01,2019-11-14,6657000,7742.0,1120,42.67,105.67,22020000,325,42,99.0
p01,2019-11-15,4915000,7178.0,820,82.3,108.33,23100000,342,43,95.0
p01,2019-11-16,3020000,3485.0,480,54.86,104.0,21540000,317,42,93.0
p01,2019-11-17,2202000,2395.0,338,60.96,104.0,22620000,337,40,96.0
p01,2019-11-18,3150000,3288.0,639,285.29,127.0,22320000,330,42,98.0
p01,2019-11-19,973000,1164.0,139,3.05,98.0,21660000,318,43,96.0
p01,2019-11-21,6964000,8519.0,1281,0.0,107.5,22260000,327,44,98.0
p01,2019-11-22,2919000,3311.0,407,27.43,98.67,22320000,333,39,97.0
p01,2019-11-23,7235000,11770.0,1325,440.74,121.5,24600000,356,54,98.0
p01,2019-11-24,4967000,6842.0,815,82.3,106.5,29280000,421,67,95.0
p01,2019-11-25,1332000,1825.0,200,6.1,100.0,22020000,332,35,98.0
p01,2019-11-26,3719000,7728.0,846,394.72,123.33,22260000,318,53,98.0
p01,2019-11-27,2050000,3028.0,303,60.96,94.0,24600000,365,45,97.0
p01,2019-11-28,4403000,5397.0,853,0.0,117.0,23460000,341,50,94.0
p01,2019-11-29,2305000,2859.0,312,21.34,88.5,21660000,309,52,93.0
p01,2019-11-30,3175000,3264.0,402,45.72,89.0,26100000,402,33,97.0
p01,2019-12-01,1178000,1468.0,172,9.14,102.0,25680000,387,41,96.0
p01,2019-12-02,2714000,3183.0,337,36.58,89.0,12780000,190,23,95.0
p01,2019-12-03,3542000,7142.0,794,95.4,119.5,22800000,345,35,98.0
p01,2019-12-05,5325000,6239.0,888,24.38,106.5,21180000,314,39,95.0
p01,2019-12-06,1127000,1620.0,172,30.48,96.0,21540000,290,69,89.0
p01,2019-12-07,2407000,1976.0,268,33.53,88.5,56640000,848,96,94.0
p01,2019-12-08,3430000,4837.0,518,64.01,99.0,26400000,402,38,97.0
p01,2019-12-13,3789000,4776.0,543,30.48,98.0,22140000,337,32,96.0
p01,2019-12-14,1639000,2175.0,243,27.43,97.0,25620000,386,41,97.0
p01,2019-12-15,7527000,10274.0,1079,97.54,96.33,24060000,369,32,97.0
p01,2019-12-16,1076000,1491.0,157,3.05,96.0,23820000,367,30,99.0
p01,2019-12-17,2406000,3272.0,367,27.43,100.0,20940000,309,40,97.0
p01,2019-12-18,3017000,4149.0,456,76.2,106.0,22620000,329,48,94.0
p01,2019-12-19,5325000,7405.0,780,88.39,97.0,20640000,310,34,96.0
p01,2019-12-20,3380000,4487.0,495,30.48,99.5,17640000,267,27,95.0
p01,2019-12-21,7988000,11109.0,1188,100.58,101.33,24900000,385,30,99.0
p01,2019-12-22,3072000,3813.0,494,45.72,106.0,26640000,403,41,97.0
p01,2019-12-23,6042000,8660.0,980,103.63,100.0,28680000,430,48,95.0
p01,2019-12-25,1178000,1457.0,155,27.43,87.0,28800000,423,57,97.0
p01,2019-12-26,3199000,6020.0,689,64.62,127.5,27000000,406,44,96.0
p01,2019-12-27,1843000,2597.0,265,67.06,92.0,27600000,417,43,94.0
p01,2019-12-28,1229000,1828.0,195,27.43,100.0,29160000,439,47,94.0
p01,2019-12-29,1024000,1511.0,151,27.43,92.0,28320000,418,54,96.0
p01,2019-12-31,1433000,1890.0,198,54.86,90.0,24360000,364,42,97.0
p01,2020-01-02,1434000,2395.0,222,39.62,96.0,33600000,510,50,96.0
p01,2020-01-03,5655000,9751.0,1025,141.12,111.67,25320000,368,54,96.0
p01,2020-01-04,3835000,8855.0,986,78.03,126.0,31200000,459,61,99.0
p01,2020-01-05,1896000,2649.0,298,37.03,76.0,28860000,430,51,96.0
p01,2020-01-06,1639000,2535.0,252,24.38,97.0,41880000,636,62,99.0
p01,2020-01-07,5034000,8733.0,1022,239.88,126.0,21120000,315,37,98.0
p01,2020-01-08,1587000,2437.0,264,18.29,106.0,23340000,327,62,90.0
p01,2020-01-09,4915000,5959.0,852,45.72,109.5,24120000,348,54,93.0
p01,2020-01-10,4558000,6828.0,687,57.91,95.5,23040000,344,40,93.0
p01,2020-01-11,3021000,4623.0,474,103.53,100.0,32160000,475,61,96.0
p01,2020-01-12,1792000,2404.0,248,30.48,92.0,27780000,414,49,98.0
p01,2020-01-13,1690000,1757.0,197,36.58,89.0,19680000,302,26,99.0
p01,2020-01-14,3498000,6925.0,740,67.06,117.0,23760000,364,32,97.0
p01,2020-01-15,4863000,6284.0,707,79.25,95.5,25920000,382,50,93.0
p01,2020-01-16,2150000,2811.0,434,15.24,118.5,23580000,351,42,99.0
p01,2020-01-17,2509000,3094.0,355,45.72,94.0,23880000,350,48,96.0
p01,2020-01-18,2881000,7150.0,752,132.59,139.0,21720000,311,51,99.0
p01,2020-01-19,4608000,5689.0,555,21.34,85.0,22560000,337,39,97.0
p01,2020-01-20,922000,1251.0,141,6.1,96.0,24720000,359,53,99.0
p01,2020-01-21,1689000,2266.0,268,39.62,101.0,24300000,365,40,97.0
p01,2020-01-22,1024000,1314.0,131,9.14,85.0,19860000,302,29,99.0
p01,2020-01-23,4301000,4851.0,782,0.0,115.0,23580000,349,44,98.0
p01,2020-01-25,5181000,9828.0,1053,124.97,111.0,26220000,387,50,97.0
p01,2020-01-26,4659000,7356.0,748,36.58,101.0,26400000,381,59,95.0
p01,2020-01-28,5632000,7586.0,830,64.01,96.5,21840000,326,38,97.0
p01,2020-01-30,6400000,7700.0,1157,9.14,100.0,23100000,343,42,98.0
p01,2020-01-31,2151000,2915.0,316,73.15,96.0,23280000,349,39,97.0
p01,2020-02-01,1536000,523.0,123,0.0,88.0,22560000,326,50,97.0
p01,2020-02-02,1946000,2011.0,254,24.38,97.0,24420000,372,35,99.0
p01,2020-02-03,1280000,1654.0,195,24.38,100.0,25140000,369,50,95.0
p01,2020-02-05,4808000,8788.0,1003,117.96,129.5,40560000,600,76,99.0
p01,2020-02-06,9186000,14105.0,1811,108.2,112.0,21480000,317,41,96.0
p01,2020-02-08,922000,1441.0,156,0.0,104.0,28320000,425,47,99.0
p01,2020-02-09,1484000,1883.0,189,27.43,90.0,25620000,379,48,94.0
p01,2020-02-10,2013000,4963.0,567,45.42,152.0,21720000,327,35,99.0
p01,2020-02-12,2509000,3817.0,410,0.0,106.5,22020000,338,29,98.0
p01,2020-02-13,2105000,4360.0,456,39.93,123.0,21960000,330,36,98.0
p01,2020-02-14,973000,1390.0,151,18.29,102.0,17160000,247,39,100.0
p01,2020-02-16,973000,1236.0,140,0.0,99.0,28800000,417,63,96.0
p01,2020-02-18,2794000,3920.0,428,73.15,102.0,25680000,389,39,97.0
p01,2020-02-19,3635000,4775.0,505,48.77,92.5,23100000,352,33,99.0
p01,2020-02-21,2283000,4995.0,557,72.24,133.5,18360000,263,43,98.0
p01,2020-02-22,1535000,1432.0,165,0.0,84.0,25080000,378,40,97.0
p01,2020-02-26,1593000,4056.0,486,70.71,159.0,19320000,296,26,97.0
p01,2020-02-27,6502000,9725.0,1387,24.38,116.5,21660000,319,42,96.0
p01,2020-02-29,1331000,1470.0,194,27.43,104.0,24840000,362,52,94.0
p01,2020-03-01,1485000,1394.0,180,0.0,92.0,22680000,346,32,96.0
p01,2020-03-02,1331000,1668.0,193,9.14,94.0,24480000,366,42,94.0
p01,2020-03-03,973000,997.0,107,0.0,83.0,24240000,374,30,99.0
p01,2020-03-05,6047000,11063.0,1445,153.31,139.5,24300000,358,47,97.0
p01,2020-03-06,1843000,2146.0,249,0.0,95.0,50280000,738,100,94.0
p01,2020-03-07,3277000,5056.0,545,0.0,103.0,27060000,392,59,97.0
p01,2020-03-08,1536000,1678.0,211,27.43,95.0,24780000,371,42,96.0
p01,2020-03-09,922000,932.0,102,6.1,81.0,22440000,334,40,98.0
p01,2020-03-10,3320000,6351.0,735,82.3,120.5,22200000,326,44,97.0
p01,2020-03-12,1433000,1748.0,232,0.0,107.0,22500000,331,44,97.0
p01,2020-03-14,2653000,5176.0,568,76.81,118.5,29280000,446,42,98.0
p01,2020-03-15,3738000,5220.0,581,0.0,96.0,21120000,301,51,95.0
p01,2020-03-16,973000,915.0,128,0.0,96.0,24120000,345,57,98.0
p01,2020-03-17,2509000,3286.0,385,45.72,98.5,32100000,473,62,100.0
p01,2020-03-19,2323000,2326.0,268,9.14,85.0,22680000,332,46,97.0
p01,2020-03-21,6577000,8315.0,971,15.24,98.0,25980000,381,52,98.0
p01,2020-03-25,3431000,5106.0,517,64.01,93.5,24180000,347,56,99.0
p01,2020-03-26,2611000,3415.0,395,18.29,101.0,27540000,415,44,98.0
p01,2020-03-27,5018000,6371.0,759,48.77,97.67,20700000,307,38,97.0
p01,2020-03-28,5581000,7599.0,846,106.68,100.0,24120000,354,48,96.0
p01,2020-03-29,1076000,1279.0,151,0.0,96.0,28440000,349,65,99.0
p01,2020-03-31,2764000,3846.0,459,85.34,108.0,22860000,345,36,98.0
p02,2019-11-06,5036000,11173.0,649,149.35,122.0,27180000,387,66,93.0
p02,2019-11-07,4505000,6541.0,641,91.44,93.33,25020000,383,34,90.0
p02,2019-11-08,4710000,10365.0,992,234.7,117.5,28680000,389,89,98.0
p02,2019-11-09,7475000,12825.0,1325,122.94,103.5,18480000,270,38,94.0
p02,2019-11-10,6918000,8478.0,1096,111.56,105.67,28140000,417,52,99.0
p02,2019-11-11,7312000,15858.0,1556,256.64,109.0,26040000,383,51,91.0
p02,2019-11-12,11808000,11717.0,1749,221.59,100.75,22620000,323,54,94.0
p02,2019-11-13,5446000,11278.0,1203,194.46,121.0,26400000,359,81,98.0
p02,2019-11-14,3431000,5367.0,538,85.34,101.0,25740000,375,54,99.0
p02,2019-11-15,6455000,6324.0,1068,84.43,106.0,24000000,342,58,93.0
p02,2019-11-16,4128000,10211.0,1062,189.28,147.0,29280000,393,95,92.0
p02,2019-11-18,12271000,14307.0,2085,255.73,115.25,23340000,338,51,96.0
p02,2019-11-20,10446000,14958.0,1404,228.6,95.0,22500000,322,53,91.0
p02,2019-11-21,5479000,8917.0,888,167.64,104.0,25380000,335,88,90.0
p02,2019-11-22,10292000,8080.0,1875,201.47,117.5,26100000,378,57,99.0
p02,2019-11-23,3379000,5399.0,483,70.1,97.0,30540000,452,57,91.0
p02,2019-11-25,11427000,18870.0,1970,409.35,106.0,26880000,418,30,96.0
p02,2019-11-26,9984000,16697.0,1433,249.94,93.75,25920000,354,78,97.0
p02,2019-11-27,4558000,6984.0,970,157.89,131.5,25560000,371,55,92.0
p02,2019-11-29,6452000,10711.0,901,170.69,91.0,26760000,404,42,94.0
p02,2019-12-01,10856000,15990.0,1540,146.3,96.33,30540000,399,110,96.0
p02,2019-12-02,11060000,17976.0,1684,213.36,100.6,51000000,752,98,93.0
p02,2019-12-03,5712000,6308.0,986,71.93,108.33,26400000,382,58,99.0
p02,2019-12-04,3123000,4436.0,429,112.78,91.0,26580000,392,51,92.0
p02,2019-12-05,7513000,12600.0,1521,214.58,116.33,26520000,383,59,99.0
p02,2019-12-06,5633000,9879.0,981,165.86,107.67,19260000,283,38,91.0
p02,2019-12-07,9422000,12477.0,1414,9.14,97.0,25560000,372,54,92.0
p02,2019-12-08,9332000,14541.0,1644,466.95,109.5,24840000,351,63,94.0
p02,2019-12-09,3174000,6734.0,646,51.82,122.0,22680000,343,35,96.0
p02,2019-12-11,5223000,8893.0,774,160.12,96.0,24780000,359,54,96.0
p02,2019-12-12,11428000,14676.0,1763,217.02,100.83,25980000,355,78,91.0
p02,2019-12-13,5643000,12546.0,1196,217.93,112.0,26700000,369,76,99.0
p02,2019-12-14,4557000,7287.0,667,124.97,96.0,26820000,368,79,93.0
p02,2019-12-15,10856000,16071.0,1722,120.09,106.0,31560000,479,47,98.0
p02,2019-12-16,9524000,12855.0,1347,188.67,99.67,25980000,388,45,98.0
p02,2019-12-17,6452000,9869.0,919,158.5,95.0,26100000,391,44,99.0
p02,2019-12-18,9847000,16949.0,1881,170.69,112.33,26760000,373,73,90.0
p02,2019-12-19,4454000,6686.0,602,134.11,96.5,24060000,349,52,83.0
p02,2019-12-20,12501027,27099.0,2831,806.81,110.25,24420000,372,35,97.0
p02,2019-12-21,973000,735.0,78,0.0,79.0,26760000,397,49,93.0
p02,2019-12-22,3005000,1474.0,500,7.01,119.0,29640000,435,59,98.0
p02,2019-12-24,2612000,6522.0,652,128.02,141.0,30180000,417,86,98.0
p02,2019-12-25,6964000,9693.0,996,152.4,95.0,25680000,396,32,94.0
p02,2019-12-26,7993000,11992.0,1280,174.65,107.0,31920000,498,34,85.0
p02,2019-12-27,4199000,6557.0,626,82.3,100.0,28860000,426,55,85.0
p02,2019-12-28,5299000,10247.0,1049,112.47,117.5,28200000,414,56,91.0
p02,2019-12-29,3329000,5436.0,509,91.44,97.0,26880000,407,41,98.0
p02,2019-12-30,8127000,10091.0,1364,147.52,109.0,28860000,413,68,90.0
p02,2020-01-02,2522000,1445.0,447,9.45,120.0,30480000,425,83,95.0
p02,2020-01-03,4097000,7028.0,635,124.97,99.0,21480000,320,38,99.0
p02,2020-01-04,9012000,13602.0,1390,135.03,102.67,24420000,352,55,96.5
p02,2020-01-05,2918000,4006.0,467,0.0,104.0,32640000,464,80,99.0
p02,2020-01-06,17817000,13867.0,2784,214.88,101.0,24360000,330,76,99.0
p02,2020-01-07,5805000,11358.0,1236,34.75,118.0,25620000,381,46,93.0
p02,2020-01-08,11418000,19558.0,1989,396.24,114.5,28380000,419,54,100.0
p02,2020-01-09,4147000,6390.0,565,106.68,89.0,26760000,377,69,95.0
p02,2020-01-10,8358000,13061.0,1845,280.72,124.33,26220000,375,62,91.0
p02,2020-01-12,9844000,9704.0,1612,164.9,113.0,29220000,400,87,99.0
p02,2020-01-13,7746000,12341.0,1124,246.89,96.5,25200000,370,50,90.0
p02,2020-01-14,8897000,14300.0,1711,159.36,116.75,24960000,335,81,99.0
p02,2020-01-15,13997000,21004.0,2319,256.95,105.5,26880000,405,43,89.0
p02,2020-01-16,7014000,10548.0,1001,181.86,96.67,25200000,337,83,100.0
p02,2020-01-17,7898000,17105.0,1760,307.54,119.33,21360000,327,29,98.5
p02,2020-01-18,6048000,6087.0,1097,131.98,112.0,31680000,464,64,91.0
p02,2020-01-19,4044000,6893.0,586,85.34,94.0,28560000,402,74,96.0
p02,2020-01-20,5684000,10239.0,966,161.54,107.0,27480000,406,52,98.0
p02,2020-01-21,11924000,16252.0,2058,177.7,109.0,26280000,358,80,100.0
p02,2020-01-22,9299000,11495.0,1438,130.45,105.0,26220000,358,79,90.0
p02,2020-01-23,3986000,9070.0,914,74.07,134.0,19380000,278,45,93.0
p02,2020-01-24,9221000,6550.0,1493,178.0,98.75,25380000,368,55,95.0
p02,2020-01-25,1178000,1614.0,155,30.48,96.0,29160000,425,61,95.0
p02,2020-01-26,1024000,1301.0,125,24.38,88.0,19620000,291,36,89.0
p02,2020-01-28,7372000,11703.0,1082,231.65,93.67,24480000,364,44,98.0
p02,2020-01-29,7988000,12984.0,1206,246.89,92.0,26640000,370,74,95.0
p02,2020-01-30,9808000,8081.0,1469,152.1,108.0,27780000,395,68,97.0
p02,2020-01-31,5172000,8755.0,972,201.17,113.5,55200000,770,150,98.0
p02,2020-02-01,2561000,3373.0,353,0.0,82.0,29160000,416,70,99.0
p02,2020-02-02,2918000,4405.0,366,0.0,87.5,33420000,475,82,90.0
p02,2020-02-03,3737000,5572.0,551,103.63,100.0,27180000,405,48,91.0
p02,2020-02-04,3788000,5792.0,523,0.0,83.0,25140000,348,71,98.0
p02,2020-02-05,5145000,6158.0,831,94.49,111.0,20820000,297,50,93.0
p02,2020-02-06,5581000,7509.0,776,0.0,97.0,27240000,381,73,93.0
p02,2020-02-07,5683000,10376.0,1131,73.15,126.5,26940000,364,85,92.0
p02,2020-02-08,3891000,8875.0,924,158.5,136.0,28500000,403,72,94.0
p02,2020-02-09,973000,972.0,87,0.0,80.0,29940000,441,58,91.0
p02,2020-02-10,3583000,5767.0,556,109.73,99.0,27420000,392,65,90.0
p02,2020-02-11,10444000,15055.0,1505,246.89,98.25,26280000,388,50,97.0
p02,2020-02-12,10803000,19504.0,1779,304.8,105.67,23640000,346,48,99.0
p02,2020-02-13,9675000,12428.0,1458,149.35,101.2,27300000,385,70,93.0
p02,2020-02-14,1024000,2153.0,239,20.68,141.0,25920000,349,83,96.0
p02,2020-02-15,3709000,5927.0,568,131.06,96.67,23460000,347,44,91.0
p02,2020-02-16,12622000,19551.0,2113,415.44,107.67,21540000,306,53,93.0
p02,2020-02-17,9251000,9366.0,1315,125.27,101.67,27000000,404,46,99.0
p02,2020-02-18,7424000,11936.0,1095,201.17,97.67,26760000,371,75,89.0
p02,2020-02-19,11520000,18397.0,2165,164.59,118.0,26520000,364,78,98.0
p02,2020-02-20,13619000,22462.0,2150,435.86,102.2,28080000,374,94,98.0
p02,2020-02-21,8365000,6557.0,1384,9.75,118.0,24720000,373,39,98.0
p02,2020-02-22,1280000,1448.0,160,21.34,98.0,28440000,395,79,94.0
p02,2020-02-23,6399000,12729.0,1178,249.94,117.0,24660000,359,52,90.0
p02,2020-02-24,4505000,6515.0,603,30.48,96.0,28320000,417,55,95.0
p02,2020-02-26,7952000,10675.0,1680,278.59,131.33,28860000,400,81,90.0
p02,2020-02-27,13664000,23840.0,2441,558.7,108.5,26040000,368,66,91.0
p02,2020-02-29,13004000,20890.0,2007,161.54,95.67,29640000,440,54,98.0
p02,2020-03-01,3942000,5329.0,494,79.25,88.0,34200000,498,72,90.5
p02,2020-03-02,8104000,15426.0,1641,125.58,118.0,28980000,416,67,96.0
p02,2020-03-03,11366000,18661.0,2086,486.77,112.0,25980000,372,61,98.0
p02,2020-03-04,6759000,11580.0,1015,231.65,97.5,31080000,447,71,97.0
p02,2020-03-05,6502000,8757.0,957,3.05,101.33,29940000,409,90,99.0
p02,2020-03-06,5734000,8352.0,866,0.0,102.0,28320000,399,73,92.0
p02,2020-03-07,4249000,6357.0,665,0.0,103.0,26400000,408,32,92.0
p02,2020-03-08,2866000,3240.0,386,0.0,100.5,26640000,363,81,96.0
p02,2020-03-09,9473000,18708.0,1652,282.09,108.0,23460000,313,78,97.0
p02,2020-03-11,7219000,12098.0,1257,182.88,105.0,31920000,477,55,93.0
p02,2020-03-12,3481000,5586.0,571,115.82,107.0,26460000,382,59,93.0
p02,2020-03-13,5451000,6488.0,821,90.32,97.5,25320000,357,65,98.0
p02,2020-03-14,5881000,10570.0,1333,370.33,136.0,33780000,504,59,89.0
p02,2020-03-15,7322000,10145.0,1048,91.44,96.33,25560000,357,69,88.0
p02,2020-03-16,6349000,8071.0,818,131.06,94.33,26580000,358,85,91.0
p02,2020-03-18,7219000,10560.0,1063,128.02,100.5,28200000,372,98,99.0
p02,2020-03-19,14966000,13032.0,2481,265.78,118.0,29220000,414,73,98.0
p02,2020-03-20,5939000,9313.0,956,121.92,101.5,20640000,281,62,83.0
p02,2020-03-21,2612000,4664.0,491,94.49,117.5,22500000,328,47,86.0
p02,2020-03-22,7463000,9932.0,1239,267.92,112.0,31920000,428,104,92.0
p02,2020-03-23,7690000,12612.0,1671,777.24,128.0,30720000,428,84,99.0
p02,2020-03-24,3857000,6006.0,567,128.02,100.0,31380000,424,99,98.0
p02,2020-03-25,2918000,7099.0,707,137.16,139.0,29640000,409,85,99.0
p02,2020-03-26,5402000,2215.0,880,21.64,117.0,22260000,331,40,94.0
p02,2020-03-27,4762000,8969.0,935,136.14,120.33,29160000,384,102,98.0
p02,2020-03-28,2918000,4342.0,424,85.34,101.0,26580000,366,77,89.0
p02,2020-03-29,6964000,11485.0,1123,166.22,105.0,15240000,223,31,92.0
p02,2020-03-30,7783000,13399.0,1278,97.54,101.5,23280000,346,42,93.0
p02,2020-03-31,6099000,2408.0,861,3.05,96.33,59520000,788,204,98.0
p03,2019-11-01,2355000,3171.0,311,30.48,107.0,8100000,126,9,93.0
p03,2019-11-06,922000,1429.0,144,0.0,118.0,29460000,443,48,96.0
p03,2019-11-14,1997000,3105.0,264,6.1,99.0,57720000,864,98,96.0
p03,2019-12-21,1075000,1009.0,111,0.0,91.0,31020000,437,80,94.0
p03,2019-12-23,1843000,1732.0,219,9.14,102.0,25680000,380,48,94.0
p03,2019-12-24,906000,1468.0,164,2.44,126.0,24060000,353,48,92.0
p03,2019-12-30,1946000,4024.0,524,36.27,167.0,22920000,327,55,89.0
p03,2020-01-04,2765000,3621.0,367,9.14,101.0,28200000,426,44,96.0
p03,2020-01-06,2100000,3281.0,313,21.34,108.0,29640000,428,66,95.0
p03,2020-01-07,1280000,2211.0,193,15.24,111.0,27960000,415,51,100.0
p03,2020-01-08,1741000,2658.0,232,0.0,101.0,29460000,425,66,89.5
p03,2020-01-10,2458000,3068.0,284,12.19,96.0,35520000,516,76,95.0
p03,2020-01-13,2918000,4771.0,459,42.67,112.5,52440000,776,98,97.0
p03,2020-01-14,1741000,2590.0,252,12.19,111.0,26460000,401,40,96.0
p03,2020-01-15,1484000,2524.0,234,6.1,114.0,25320000,383,39,96.0
p03,2020-01-16,1485000,2362.0,222,6.1,109.0,26400000,388,52,95.0
p03,2020-01-17,1689000,2753.0,250,6.1,110.0,29880000,431,67,95.0
p03,2020-01-20,3788000,5506.0,573,45.72,110.0,23220000,325,62,97.0
p03,2020-01-22,2765000,4443.0,444,30.48,114.5,23280000,343,45,97.0
p03,2020-01-23,1434000,2434.0,226,12.19,110.0,25500000,364,61,93.0
p03,2020-01-25,1076000,1331.0,138,15.24,95.0,13860000,200,31,92.0
p03,2020-01-29,2253000,3332.0,351,12.19,112.0,27120000,399,53,98.0
p03,2020-01-30,2611000,3250.0,412,24.38,114.0,21960000,309,57,95.0
p03,2020-01-31,4762000,6372.0,655,57.91,111.0,22680000,337,41,97.0
p03,2020-02-03,2253000,3459.0,325,21.34,108.0,31020000,405,112,95.0
p03,2020-02-04,1537000,2618.0,242,6.1,115.0,27480000,386,72,94.0
p03,2020-02-05,3739000,5412.0,514,51.82,104.0,29400000,427,63,96.0
p03,2020-02-06,3461000,6894.0,795,7.92,144.0,32220000,476,61,96.0
p03,2020-02-07,3892000,5689.0,523,33.53,105.67,26220000,367,70,96.0
p03,2020-02-10,1536000,2636.0,242,6.1,116.0,26820000,386,61,96.0
p03,2020-02-11,1536000,2498.0,218,6.1,108.0,28800000,399,81,95.0
p03,2020-02-12,2458000,3890.0,333,33.53,100.5,46800000,670,110,96.0
p03,2020-02-13,1946000,1997.0,269,24.38,111.0,27240000,396,58,94.0
p03,2020-02-18,1331000,2256.0,202,9.14,112.0,25200000,382,38,96.0
p03,2020-02-19,1331000,2162.0,197,6.1,112.0,27000000,401,49,98.0
p03,2020-02-21,1741000,2921.0,296,9.14,116.0,24120000,344,58,94.0
p03,2020-02-27,1536000,2443.0,280,9.14,123.0,23580000,355,38,97.0
p03,2020-03-06,1792000,1723.0,188,15.24,94.0,30540000,448,61,96.0
p03,2020-03-09,1332000,2229.0,217,6.1,114.0,25320000,367,55,95.0
p04,2019-11-07,2778000,2663.0,215,263.35,114.0,29340000,416,73,94.0
p04,2019-11-08,2925000,4081.0,336,407.82,139.0,27540000,401,58,95.0
p04,2019-11-11,3218000,3824.0,321,62.18,131.0,36240000,523,81,95.0
p04,2019-11-12,3416000,7388.0,410,160.02,134.67,33300000,442,113,95.0
p04,2019-11-13,2427000,6075.0,324,259.99,147.0,34680000,494,76,97.5
p04,2019-11-14,2034000,470.0,104,3.35,102.0,30660000,423,88,92.0
p04,2019-11-15,3174000,4682.0,268,100.58,103.5,32880000,470,78,91.0
p04,2019-11-17,4658000,9017.0,546,131.49,150.0,23460000,353,38,94.0
p04,2019-11-18,2049000,5286.0,275,87.17,148.0,30060000,441,60,94.0
p04,2019-11-19,1348000,3607.0,232,205.13,178.0,29580000,415,78,91.0
p04,2019-11-20,2353000,2202.0,206,32.61,124.0,28440000,409,65,93.0
p04,2019-11-21,1024000,1687.0,106,70.1,116.0,33420000,497,60,96.0
p04,2019-11-22,931000,2223.0,107,11.58,137.0,28020000,402,65,91.0
p04,2019-11-23,2624000,1625.0,176,5.49,115.0,38640000,559,85,93.5
p04,2019-11-24,7066000,10071.0,595,97.54,117.0,27600000,393,67,88.0
p04,2019-11-25,2975000,7352.0,359,72.54,135.0,30960000,457,59,92.0
p04,2019-11-26,4799000,6427.0,438,111.86,116.5,30720000,430,82,94.0
p04,2019-11-28,2135000,5631.0,314,83.21,158.0,67440000,956,168,97.0
p04,2019-11-29,1025000,1095.0,67,12.19,104.0,27480000,392,66,94.0
p04,2019-11-30,2912000,2023.0,256,21.95,122.0,37740000,550,79,94.0
p04,2019-12-01,1024000,1513.0,105,76.2,118.0,32340000,497,42,97.0
p04,2019-12-02,2527000,5724.0,341,266.4,153.0,27300000,380,75,89.0
p04,2019-12-03,5686000,7611.0,484,428.96,115.33,27900000,396,69,92.0
p04,2019-12-05,2489000,2429.0,204,2.74,121.0,28620000,413,64,92.0
p04,2019-12-09,3051000,4534.0,372,839.42,148.0,35640000,507,87,92.0
p04,2019-12-10,2279000,5564.0,346,243.23,161.0,34620000,484,93,91.0
p04,2019-12-11,2868000,1546.0,219,91.74,120.0,30480000,431,77,92.0
p04,2019-12-14,7240000,9664.0,678,547.42,120.5,36300000,537,68,91.0
p04,2019-12-15,973000,1652.0,96,0.0,129.0,34680000,486,92,88.0
p04,2019-12-16,4487000,11313.0,588,72.24,148.0,37380000,534,89,92.5
p04,2019-12-17,2777000,6031.0,345,227.99,142.0,33600000,473,87,91.0
p04,2019-12-19,3072000,4783.0,259,109.73,105.5,27240000,394,60,93.0
p04,2019-12-20,488000,1053.0,50,1.52,137.0,33120000,482,70,94.5
p04,2019-12-21,973000,1361.0,93,73.15,103.0,27780000,400,63,92.0
p04,2019-12-22,1792000,3241.0,162,43.64,114.0,32700000,445,100,96.0
p04,2019-12-23,3383000,8790.0,455,434.64,148.0,34200000,489,81,89.0
p04,2019-12-24,1178000,1834.0,108,48.77,114.0,28440000,420,54,97.0
p04,2019-12-25,5155000,4681.0,441,35.36,122.0,34920000,493,89,87.0
p04,2019-12-26,6876000,12137.0,639,196.29,114.0,32160000,468,68,92.0
p04,2019-12-28,3132000,2541.0,223,16.76,112.0,59760000,840,156,93.0
p04,2019-12-29,3277000,5832.0,296,94.49,110.0,36900000,522,93,93.0
p04,2019-12-30,3551000,3691.0,290,329.79,113.0,31200000,437,83,89.0
p04,2019-12-31,1075000,1697.0,100,33.53,116.0,39660000,552,109,90.0
p04,2020-01-02,2712000,6031.0,304,137.16,128.0,36060000,487,114,94.0
p04,2020-01-03,2650000,5050.0,304,373.08,133.0,33480000,485,73,93.0
p04,2020-01-04,2225000,1511.0,175,4.88,121.0,36240000,533,71,95.5
p04,2020-01-06,2202000,2556.0,151,6.1,98.0,10980000,159,24,92.0
p04,2020-01-08,4244000,8493.0,473,97.54,128.0,5700000,92,3,97.0
p04,2020-01-09,2839000,7042.0,400,141.12,153.0,25740000,375,54,93.0
p04,2020-01-12,3959000,5761.0,390,11.58,125.0,32760000,470,76,94.0
p04,2020-01-13,1992000,3378.0,175,37.49,108.5,31500000,456,69,96.0
p04,2020-01-14,2776000,7415.0,442,186.54,163.0,27960000,404,62,90.0
p04,2020-01-15,4278000,7131.0,430,430.38,126.0,32580000,470,73,93.5
p04,2020-01-16,2969000,4270.0,241,24.38,105.0,34680000,519,59,95.0
p04,2020-01-17,4309000,8155.0,472,75.29,118.0,35580000,503,90,91.0
p04,2020-01-19,5222000,7126.0,396,9.14,99.33,32040000,462,72,92.0
p04,2020-01-20,2900000,7582.0,428,47.55,154.0,31260000,473,48,96.0
p04,2020-01-21,5849000,10900.0,592,82.6,113.5,36120000,528,74,96.0
p04,2020-01-22,1076000,1453.0,86,0.0,108.0,36600000,579,31,97.0
p04,2020-01-23,5803000,10346.0,564,29.26,111.5,27600000,397,63,93.0
p04,2020-01-24,4109000,8793.0,475,51.21,127.5,26820000,410,37,98.0
p04,2020-01-26,1894000,2914.0,152,15.24,104.5,30060000,449,52,94.5
p04,2020-01-27,1663000,4454.0,241,17.37,157.0,66600000,958,152,97.0
p04,2020-01-28,16019000,18136.0,1150,637.95,99.33,31740000,477,52,97.0
p04,2020-01-30,973000,582.0,42,0.0,88.0,28320000,435,37,97.0
p04,2020-01-31,3175000,2753.0,239,0.0,108.0,13020000,194,23,93.0
p04,2020-02-01,7153000,9592.0,696,1650.19,128.67,38640000,606,38,99.0
p04,2020-02-02,1946000,2899.0,158,18.29,107.0,19500000,293,32,94.0
p04,2020-02-03,8386000,10914.0,781,717.8,124.75,26040000,391,43,95.0
p04,2020-02-04,6311000,5003.0,453,866.24,109.5,15240000,226,28,97.0
p04,2020-02-05,5990000,7055.0,416,79.25,103.5,41880000,590,108,89.0
p04,2020-02-07,1739000,1939.0,202,2.44,142.0,40380000,561,112,95.0
p04,2020-02-09,1801000,433.0,162,105.46,129.0,15540000,233,26,92.0
p04,2020-02-10,1536000,2183.0,151,128.02,104.0,26760000,425,21,96.33
p04,2020-02-11,6246000,7697.0,445,70.1,102.0,29820000,446,51,93.5
p04,2020-02-12,3421000,3771.0,313,67.67,127.0,36180000,525,78,88.5
p04,2020-02-15,2662000,2480.0,173,0.0,103.0,24420000,362,45,90.0
p04,2020-02-16,1895000,3280.0,165,30.48,109.0,10620000,165,12,93.0
p04,2020-02-17,1912000,4749.0,241,78.03,145.0,24780000,366,47,93.0
p04,2020-02-18,1679000,533.0,108,3.96,117.0,27120000,392,60,91.0
p04,2020-02-20,2290000,2922.0,260,118.87,139.0,39300000,579,76,92.0
p04,2020-02-21,1638000,1680.0,159,0.0,123.0,37380000,552,71,92.0
p04,2020-02-22,973000,1203.0,91,48.77,112.0,33120000,484,68,93.0
p04,2020-02-24,2573000,5497.0,300,46.02,141.0,33180000,501,52,96.0
p04,2020-02-26,5506000,3895.0,340,107.9,103.0,61080000,888,130,93.0
p04,2020-02-27,2629000,6732.0,391,125.88,157.0,30480000,441,67,91.0
p04,2020-02-29,5377000,6597.0,405,0.0,112.5,32280000,478,60,95.0
p04,2020-03-01,4096000,5994.0,377,0.0,120.0,26220000,381,56,93.0
p04,2020-03-03,2662000,4218.0,216,42.67,107.0,36720000,532,80,92.0
p04,2020-03-04,3737000,1812.0,245,60.05,113.0,38220000,545,92,96.0
p04,2020-03-05,1894000,2952.0,182,0.0,105.0,32460000,471,70,95.0
p04,2020-03-06,1075000,1388.0,90,0.0,103.0,39060000,576,75,96.0
p04,2020-03-07,921000,1432.0,81,0.0,100.0,35160000,510,76,89.0
p04,2020-03-08,1865000,1869.0,163,207.82,103.0,25560000,369,57,96.0
p04,2020-03-09,3942000,7793.0,424,78.64,125.0,29580000,437,56,93.0
p04,2020-03-10,7721000,5606.0,453,14.63,108.0,30300000,439,66,94.0
p04,2020-03-11,2796000,2374.0,215,4.88,122.0,28200000,422,48,96.0
p04,2020-03-13,2742000,7111.0,363,86.87,146.0,32160000,475,61,95.0
p04,2020-03-14,6180000,5943.0,659,0.0,,23580000,336,57,90.0
p04,2020-03-16,2700000,919.0,165,0.0,103.0,31260000,454,67,92.0
p04,2020-03-17,2765000,4835.0,251,79.25,114.0,35580000,494,99,92.0
p04,2020-03-18,1767000,4575.0,263,77.42,158.0,29940000,428,71,95.0
p04,2020-03-19,1697000,1063.0,111,97.74,97.0,26820000,395,52,97.0
p04,2020-03-20,3269000,5535.0,308,290.47,107.0,35460000,508,83,91.0
p04,2020-03-22,2509000,3925.0,206,85.34,105.0,25380000,373,50,92.0
p04,2020-03-23,4009000,10412.0,551,164.29,154.5,34800000,495,85,95.0
p04,2020-03-24,3447000,1863.0,236,6.4,115.0,25800000,385,45,95.0
p04,2020-03-25,2727000,6757.0,374,227.38,152.0,33240000,481,73,93.0
p04,2020-03-26,3047000,7793.0,440,106.38,153.0,33420000,471,86,91.0
p04,2020-03-27,2151000,3564.0,185,54.86,107.0,65280000,972,116,93.0
p04,2020-03-28,8765000,9950.0,693,89.92,110.67,36840000,542,72,93.0
p04,2020-03-29,2714000,3322.0,235,0.0,112.0,32880000,442,46,95.0
p04,2020-03-30,1639000,2300.0,173,0.0,122.0,38820000,589,58,96.0
p05,2019-11-02,1536000,2311.0,221,33.53,102.0,19500000,303,22,96.0
p05,2019-11-07,5402000,6497.0,827,81.69,114.33,21360000,323,33,91.0
p05,2019-11-09,922000,900.0,88,0.0,93.0,28920000,440,42,95.5
p05,2019-11-13,2201000,0.0,298,19.56,106.0,18840000,281,33,96.0
p05,2019-11-14,3944000,0.0,577,67.06,113.5,23520000,339,53,92.0
p05,2019-11-15,3277000,3419.0,430,6.1,103.0,30420000,435,72,93.0
p05,2019-11-17,2406000,3147.0,267,15.24,97.0,26820000,376,71,91.0
p05,2019-11-20,3379000,2382.0,622,73.15,122.0,28920000,420,62,93.0
p05,2019-11-22,1331000,1409.0,158,20.68,98.0,25320000,378,44,95.0
p05,2019-11-24,973000,1124.0,124,15.24,97.0,30660000,450,61,88.5
p05,2019-11-27,3533000,0.0,452,70.1,102.0,26820000,388,59,94.0
p05,2019-11-29,1280000,1576.0,192,24.38,110.0,28260000,426,45,93.0
p05,2019-11-30,2355000,3347.0,390,27.43,113.0,27420000,405,52,94.0
p05,2019-12-01,5888000,7381.0,693,36.32,98.0,20520000,319,23,99.0
p05,2019-12-04,3532000,0.0,462,64.82,104.67,20160000,302,34,96.0
p05,2019-12-05,3533000,3543.0,433,36.58,105.0,24300000,363,42,95.0
p05,2019-12-06,3072000,3513.0,378,6.1,100.5,26640000,401,43,97.0
p05,2019-12-08,1998000,2404.0,257,45.72,103.0,38640000,622,22,100.0
p05,2019-12-09,1025000,0.0,155,39.62,108.0,41700000,617,78,94.0
p05,2019-12-11,5940000,4204.0,753,100.58,101.5,23760000,375,21,97.0
p05,2019-12-12,3901000,6484.0,628,143.56,106.0,23100000,353,32,94.0
p05,2019-12-13,2406000,0.0,342,73.35,106.5,29820000,453,44,97.0
p05,2019-12-14,1075000,1207.0,145,21.34,106.0,33420000,485,72,90.5
p05,2019-12-16,2406000,0.0,305,65.63,100.5,27960000,417,49,95.0
p05,2019-12-17,2663000,0.0,362,68.83,106.0,25980000,382,51,94.0
p05,2019-12-19,4148000,5867.0,600,60.96,107.67,24180000,358,45,96.0
p05,2019-12-20,2458000,0.0,339,65.33,105.5,23580000,368,25,100.0
p05,2019-12-22,1945000,2304.0,233,0.0,92.0,19980000,284,49,95.0
p05,2019-12-24,1177000,1251.0,131,12.19,100.0,21480000,328,30,97.0
p05,2019-12-30,1433000,1105.0,140,0.0,97.0,27600000,403,57,94.0
p05,2019-12-31,6042000,7695.0,706,48.77,97.0,23400000,341,49,97.0
p05,2020-01-01,1434000,1536.0,163,6.1,97.0,19440000,280,44,91.0
p05,2020-01-02,4648000,8344.0,797,81.99,118.0,26700000,408,37,96.0
p05,2020-01-03,5479000,6013.0,652,70.1,105.0,27780000,398,65,93.0
p05,2020-01-04,1895000,2510.0,246,9.14,101.0,18720000,282,30,96.0
p05,2020-01-05,1822000,4591.0,411,3.66,133.0,23340000,326,63,90.0
p05,2020-01-06,10703000,12366.0,1297,94.49,97.33,25920000,385,47,96.0
p05,2020-01-07,7399000,11702.0,1305,55.47,114.33,48360000,714,92,92.0
p05,2020-01-09,5172000,3797.0,721,33.53,109.0,24360000,368,38,99.0
p05,2020-01-10,4454000,1480.0,664,76.2,110.33,24240000,363,41,95.0
p05,2020-01-12,2098000,2313.0,254,15.24,95.5,26640000,387,57,87.0
p05,2020-01-13,3020000,3765.0,410,39.62,99.5,22740000,329,50,94.0
p05,2020-01-14,3021000,3220.0,361,36.58,96.5,25740000,398,31,97.0
p05,2020-01-15,2151000,3720.0,411,1.52,122.0,23760000,362,34,96.0
p05,2020-01-16,2201000,0.0,259,33.53,98.5,28980000,434,49,97.0
p05,2020-01-19,3481000,4807.0,499,36.58,104.0,25140000,372,47,93.0
p05,2020-01-20,4761000,2015.0,631,45.72,104.67,21660000,330,31,96.0
p05,2020-01-23,1331000,1274.0,159,21.34,101.0,27720000,434,28,95.5
p05,2020-01-24,4659000,7285.0,681,60.96,105.0,27060000,398,53,94.0
p05,2020-01-25,3739000,5904.0,570,131.37,103.0,21480000,326,32,96.0
p05,2020-01-26,4557000,5453.0,594,12.19,101.0,24420000,376,31,97.0
p05,2020-01-27,1229000,0.0,157,24.38,102.0,24000000,362,38,96.0
p05,2020-01-28,1178000,0.0,172,36.58,107.0,25200000,380,40,96.0
p05,2020-01-29,1075000,0.0,165,30.48,113.0,23100000,351,34,96.0
p05,2020-02-03,2611000,0.0,349,18.29,101.0,17460000,271,20,99.0
p05,2020-02-04,4353000,1860.0,639,67.06,109.0,31140000,464,55,99.0
p05,2020-02-05,2355000,0.0,267,51.82,92.5,26280000,393,45,99.0
p05,2020-02-06,921000,0.0,74,2.49,101.0,35520000,538,54,98.0
p05,2020-02-07,3430000,1345.0,511,79.25,110.33,27540000,420,39,97.0
p05,2020-02-15,4813000,6397.0,649,36.58,102.0,20700000,313,32,94.0
p05,2020-02-17,2252000,0.0,248,54.86,89.5,25680000,398,30,97.0
p05,2020-02-18,2150000,0.0,256,39.47,95.0,25680000,385,43,97.0
p05,2020-02-19,3429000,1357.0,496,40.59,106.0,26220000,389,48,97.0
p05,2020-02-20,973000,0.0,101,21.34,86.0,23700000,359,36,97.0
p05,2020-03-07,2714000,3209.0,361,64.01,101.5,46440000,682,92,93.0
p05,2020-03-08,973000,1258.0,132,18.29,104.0,22020000,335,32,96.0
p05,2020-03-12,2049000,2841.0,303,73.15,106.5,23400000,347,43,97.0
p05,2020-03-13,2355000,2794.0,307,64.01,98.0,25320000,381,41,97.0
p05,2020-03-16,4045000,4951.0,483,70.1,97.0,24780000,374,39,99.0
p05,2020-03-17,5120000,7454.0,717,128.02,105.0,26580000,404,39,97.0
p05,2020-03-18,7066000,9751.0,918,170.69,101.0,23700000,360,35,99.0
p05,2020-03-21,2100000,2203.0,240,13.36,96.5,23400000,355,35,97.0
p05,2020-03-22,4966000,7689.0,690,109.73,106.0,25380000,396,27,100.0
p05,2020-03-23,1433000,1635.0,181,16.92,104.0,27720000,415,47,98.0
p05,2020-03-24,1229000,1362.0,148,15.24,103.0,24420000,353,54,96.0
p05,2020-03-26,1178000,0.0,132,13.0,105.0,23220000,346,41,98.0
p05,2020-03-28,2663000,3503.0,362,76.2,106.0,24480000,382,26,98.0
p05,2020-03-29,3225000,4473.0,429,94.49,100.0,23040000,285,39,99.0
p06,2019-11-02,4704000,10126.0,1025,289.81,108.33,31800000,483,47,98.0
p06,2019-11-03,1024000,1095.0,142,9.14,99.0,21780000,325,38,95.0
p06,2019-11-04,3633000,6769.0,859,119.18,131.5,25740000,391,38,97.0
p06,2019-11-05,3747000,7385.0,920,115.62,132.5,25380000,394,29,98.0
p06,2019-11-06,2663000,0.0,383,27.43,105.5,27900000,423,42,97.0
p06,2019-11-07,2510000,0.0,232,27.43,85.0,25020000,379,38,99.0
p06,2019-11-08,2612000,0.0,278,18.29,95.0,24480000,372,36,98.0
p06,2019-11-11,1799000,5013.0,476,235.61,147.0,35520000,487,105,90.0
p06,2019-11-12,1934000,5417.0,500,119.79,142.0,27120000,407,45,98.0
p06,2019-11-13,2117000,5467.0,554,39.62,143.0,29580000,458,35,100.0
p06,2019-11-14,3022000,8042.0,678,62.18,123.0,26340000,401,30,98.0
p06,2019-11-16,2762000,7465.0,676,105.46,135.0,25860000,371,60,94.0
p06,2019-11-17,2149000,5442.0,520,49.38,133.0,38160000,511,125,92.0
p06,2019-11-18,3651000,8318.0,717,204.22,111.5,28200000,423,47,99.0
p06,2019-11-20,2403000,6626.0,613,145.69,142.0,25080000,364,54,98.0
p06,2019-11-24,4835000,10877.0,1015,57.3,119.33,34020000,496,71,95.5
p06,2019-11-25,2457000,0.0,319,33.53,99.0,10020000,160,7,95.5
p06,2019-11-28,2663000,0.0,323,18.29,102.0,28920000,433,49,97.0
p06,2019-11-30,901000,2291.0,240,15.54,147.0,57840000,884,80,100.0
p06,2019-12-01,1399000,4078.0,412,47.55,162.0,28920000,439,43,98.0
p06,2019-12-04,1802000,4955.0,458,68.89,141.0,21840000,313,51,97.0
p06,2019-12-09,2359000,6495.0,638,354.48,150.0,21420000,317,40,99.0
p06,2019-12-14,1206000,1460.0,164,12.19,100.0,24060000,365,36,98.0
p06,2019-12-17,1229000,1476.0,169,0.0,100.0,23760000,341,55,97.0
p06,2019-12-22,2774000,6641.0,579,44.5,116.5,28680000,418,60,97.0
p06,2019-12-23,921000,1682.0,150,15.24,94.0,28380000,398,75,90.0
p06,2019-12-24,2368000,5786.0,512,143.26,128.0,26640000,397,47,97.0
p06,2019-12-29,1801000,4568.0,341,5.49,106.0,28860000,433,48,98.0
p06,2019-12-30,1177000,0.0,146,3.05,99.0,44880000,664,84,95.0
p06,2020-01-02,3147000,3605.0,597,47.24,121.5,21960000,338,28,98.0
p06,2020-01-03,3611000,6315.0,792,131.06,132.0,28440000,419,49,96.5
p06,2020-01-05,1804000,4812.0,382,103.94,126.0,25440000,398,26,98.0
p06,2020-01-06,3509000,6449.0,684,281.03,114.0,23580000,360,33,99.0
p06,2020-01-07,4679000,5856.0,886,242.62,114.67,19920000,301,31,98.0
p06,2020-01-08,2560000,0.0,367,60.96,107.5,21480000,322,36,96.0
p06,2020-01-09,2559000,0.0,263,39.62,92.0,24180000,368,35,97.0
p06,2020-01-10,2612000,0.0,325,30.48,100.0,22380000,330,43,99.0
p06,2020-01-13,2969000,0.0,288,21.34,90.5,24000000,353,47,99.0
p06,2020-01-14,3457000,5354.0,540,18.59,112.5,22740000,349,30,99.0
p06,2020-01-15,4517000,3594.0,649,39.62,101.0,20940000,316,33,99.0
p06,2020-01-16,2816000,0.0,355,30.48,99.5,23220000,350,37,97.0
p06,2020-01-17,2612000,0.0,316,30.48,99.0,23880000,363,35,97.0
p06,2020-01-18,1076000,1864.0,189,0.0,110.0,29400000,445,45,99.0
p06,2020-01-19,3133000,6247.0,533,22.25,108.5,26400000,390,50,99.0
p06,2020-01-20,2867000,0.0,338,24.38,98.5,23880000,363,35,99.0
p06,2020-01-21,5633000,5416.0,783,45.72,99.5,26220000,384,53,100.0
p06,2020-01-22,2406000,0.0,214,15.24,85.5,22920000,354,28,99.0
p06,2020-01-23,2559000,0.0,223,45.72,86.0,25620000,387,40,99.0
p06,2020-01-25,2694000,5540.0,505,19.81,119.5,28080000,425,43,100.0
p06,2020-01-26,2098000,2996.0,304,30.48,97.5,24840000,375,39,98.0
p06,2020-01-27,3605000,3237.0,531,126.49,106.33,24420000,358,49,95.0
p06,2020-01-28,149000,322.0,23,1.83,114.0,22860000,348,33,100.0
p06,2020-01-29,2457000,0.0,275,15.24,96.0,44520000,662,80,99.0
p06,2020-01-30,4501000,4291.0,721,86.56,113.75,26220000,402,35,100.0
p06,2020-01-31,4191000,4274.0,693,70.1,113.0,24480000,369,39,98.0
p06,2020-02-02,3380000,4765.0,526,54.86,102.33,31740000,488,41,97.0
p06,2020-02-03,2950000,795.0,446,50.9,108.0,22080000,314,54,98.0
p06,2020-02-04,2765000,0.0,370,15.24,103.5,23520000,360,32,99.0
p06,2020-02-05,549000,1182.0,117,4.57,123.0,20880000,304,44,99.0
p06,2020-02-06,4367000,4103.0,819,75.29,117.67,27480000,404,54,98.0
p06,2020-02-07,2714000,0.0,367,33.53,100.0,23640000,348,46,100.0
p06,2020-02-09,1791000,4527.0,403,74.68,130.0,28920000,426,56,97.0
p06,2020-02-10,2509000,0.0,452,60.96,117.0,22500000,326,49,97.0
p06,2020-02-11,3875000,6057.0,874,61.87,134.33,22020000,340,27,100.0
p06,2020-02-13,1843000,1640.0,207,6.1,89.0,22320000,340,32,97.0
p06,2020-02-17,3691000,6821.0,733,186.23,115.5,20340000,305,34,100.0
p06,2020-02-18,2457000,0.0,390,70.1,108.5,26520000,403,39,99.0
p06,2020-02-19,2457000,0.0,401,60.96,107.0,26220000,404,33,97.0
p06,2020-02-20,3789000,1641.0,610,82.3,109.0,22500000,340,35,100.0
p06,2020-02-21,2864000,4543.0,676,90.83,138.0,24420000,373,34,98.0
p06,2020-02-22,1024000,1169.0,134,3.05,95.0,28560000,423,53,100.0
p06,2020-02-23,1331000,1783.0,178,6.1,95.0,24060000,364,37,98.0
p06,2020-02-24,2859000,4921.0,583,91.74,118.5,24900000,385,30,98.0
p06,2020-02-25,2356000,0.0,407,85.34,114.0,28920000,431,51,99.0
p06,2020-02-26,3493000,6040.0,862,156.06,141.0,28140000,398,71,97.0
p06,2020-02-27,3505000,6480.0,697,128.63,115.0,23940000,358,41,96.0
p06,2020-02-29,2970000,3833.0,383,15.24,90.5,29220000,436,51,98.0
p06,2020-03-02,2867000,0.0,420,51.82,104.0,28140000,409,60,97.0
p06,2020-03-03,2508000,0.0,362,60.96,103.0,24900000,376,39,98.0
p06,2020-03-09,3391000,7760.0,688,38.1,123.33,27480000,405,53,94.0
p06,2020-03-11,1697000,4880.0,442,31.09,152.0,22020000,337,30,98.0
p06,2020-03-13,972000,1379.0,146,15.24,105.0,24120000,366,36,99.0
p06,2020-03-14,342000,572.0,50,4.57,105.0,24900000,369,46,95.5
p06,2020-03-18,1623000,4539.0,435,34.14,153.0,26760000,400,46,100.0
p06,2020-03-21,3067000,6139.0,610,60.96,124.5,21660000,329,32,100.0
p06,2020-03-26,1663000,4770.0,434,101.19,144.0,25080000,384,34,97.0
p06,2020-03-28,1945000,1848.0,230,6.1,89.0,29100000,420,65,96.0
p06,2020-03-30,1571000,4582.0,425,39.62,152.0,25740000,370,59,97.0
p07,2019-11-07,6342000,9350.0,948,322.78,119.0,31500000,443,82,94.0
p07,2019-11-08,1229000,1954.0,181,67.06,111.0,31080000,454,64,98.0
p07,2019-11-09,17594000,21171.0,3111,1887.32,140.5,28440000,421,53,90.5
p07,2019-11-11,4651000,9366.0,864,8.53,135.5,30360000,456,50,97.0
p07,2019-11-13,3430000,8918.0,674,38.1,148.0,31080000,443,75,96.0
p07,2019-11-14,4663000,7992.0,804,579.73,132.5,30660000,447,64,97.0
p07,2019-11-15,1956000,4294.0,348,14.63,125.0,33720000,488,74,97.0
p07,2019-11-16,8115000,5153.0,1189,581.56,128.0,29280000,426,62,95.0
p07,2019-11-17,6123000,16470.0,1165,167.94,145.0,24240000,322,82,92.5
p07,2019-11-18,3007000,4267.0,439,114.0,129.0,29700000,416,79,96.0
p07,2019-11-19,1184000,3286.0,263,59.74,170.0,33780000,493,70,96.0
p07,2019-11-20,5410000,12545.0,968,160.02,129.0,30660000,444,67,97.0
p07,2019-11-21,5218000,10017.0,860,121.92,130.0,35400000,493,97,94.0
p07,2019-11-23,2536000,3591.0,359,103.94,124.0,31860000,474,57,94.0
p07,2019-11-24,5105000,13897.0,895,91.44,136.0,16920000,235,47,90.0
p07,2019-11-25,2790000,7302.0,512,53.04,142.0,38760000,589,57,97.0
p07,2019-11-26,4259000,7911.0,707,98.45,123.67,33780000,510,53,96.0
p07,2019-11-27,3633000,8846.0,631,31.7,137.0,30660000,437,74,95.0
p07,2019-11-28,3012000,5596.0,541,426.72,144.0,27720000,397,65,96.0
p07,2019-11-30,4563000,5020.0,639,142.65,111.0,23340000,357,32,97.0
p07,2019-12-01,10490000,18355.0,1691,238.05,108.5,30720000,456,56,96.0
p07,2019-12-02,6390000,11265.0,995,75.29,120.33,34560000,492,84,95.5
p07,2019-12-03,2250000,5160.0,459,81.38,160.0,30720000,451,61,95.0
p07,2019-12-04,3088000,8280.0,597,57.91,145.0,33660000,482,79,96.0
p07,2019-12-05,3370000,8997.0,624,57.0,142.0,57360000,808,148,96.0
p07,2019-12-06,4086000,9157.0,873,505.66,164.0,32880000,475,73,91.33
p07,2019-12-07,5313000,9837.0,714,307.85,119.0,23460000,363,28,97.0
p07,2019-12-08,8670000,24119.0,1694,899.77,151.0,21900000,311,54,93.5
p07,2019-12-09,8471000,10655.0,1100,219.76,111.33,35160000,529,57,96.0
p07,2019-12-10,3020000,7028.0,622,279.5,161.0,27420000,397,60,97.0
p07,2019-12-11,3455000,9040.0,605,22.86,136.0,32460000,466,75,94.0
p07,2019-12-12,7092000,9735.0,1057,544.37,128.0,29220000,427,60,97.0
p07,2019-12-13,10441000,9115.0,1196,957.68,99.5,30240000,428,76,97.0
p07,2019-12-14,3678000,8399.0,657,253.29,138.0,33240000,482,72,98.0
p07,2019-12-15,6739000,7812.0,888,507.8,106.0,30900000,439,76,97.0
p07,2019-12-16,3685000,9684.0,695,77.42,147.0,29520000,427,65,96.0
p07,2019-12-17,5417000,7263.0,686,179.22,123.5,31620000,468,59,98.0
p07,2019-12-18,5174000,11544.0,818,96.62,124.0,29940000,445,54,92.0
p07,2019-12-19,3407000,7431.0,618,436.17,128.0,28080000,418,50,95.0
p07,2019-12-20,2604000,6894.0,453,56.08,138.0,21300000,327,28,97.0
p07,2019-12-21,2848000,5561.0,496,308.15,144.0,29400000,446,44,97.0
p07,2019-12-23,9242000,6407.0,904,884.53,95.0,30840000,439,75,96.0
p07,2019-12-24,3916000,10405.0,757,66.14,147.0,31920000,436,96,95.0
p07,2019-12-25,8789000,5751.0,792,746.46,95.0,24660000,376,35,96.0
p07,2019-12-26,12988000,10658.0,1360,1187.2,97.0,30180000,427,76,96.0
p07,2019-12-27,5260000,10399.0,822,248.41,125.5,33720000,472,90,88.0
p07,2019-12-28,2820000,6598.0,560,274.02,157.0,29220000,429,58,96.0
p07,2019-12-29,1332000,2604.0,189,0.3,119.0,29880000,445,53,95.0
p07,2019-12-30,4074000,8724.0,714,244.14,141.0,33900000,482,83,95.0
p07,2019-12-31,2899000,7116.0,606,163.98,163.0,28080000,420,48,96.0
p07,2020-01-01,2506000,6705.0,452,48.77,144.0,23460000,340,51,88.0
p07,2020-01-02,2554000,6863.0,465,60.66,142.0,33720000,486,76,94.0
p07,2020-01-04,34006000,16187.0,1849,387.24,108.0,65280000,906,182,89.0
p07,2020-01-08,1341000,3492.0,246,4.57,145.0,35400000,513,77,93.0
p07,2020-01-09,1619000,4396.0,297,14.02,145.0,37320000,517,105,88.5
p07,2020-01-11,922000,1022.0,114,0.0,104.0,28140000,409,60,98.0
p07,2020-01-13,4966000,5100.0,700,0.0,112.0,42900000,590,125,95.0
p07,2020-01-14,2419000,6419.0,455,44.5,147.0,30300000,430,75,96.0
p07,2020-01-15,6963000,7135.0,864,0.0,92.5,30660000,462,49,95.5
p07,2020-01-17,3575000,8903.0,576,21.34,133.0,32820000,482,65,98.0
p07,2020-01-18,3622000,8435.0,667,91.44,132.5,29460000,380,111,92.0
p07,2020-01-20,2192000,4841.0,445,67.97,164.0,39960000,564,102,93.5
p07,2020-01-21,3728000,9813.0,701,83.21,133.5,29340000,432,57,97.0
p07,2020-01-22,3298000,7371.0,594,110.64,135.0,29640000,440,54,97.0
p07,2020-01-23,8593000,10378.0,1044,17.37,104.25,30240000,441,63,95.0
p07,2020-01-24,4251000,1819.0,474,3.05,97.0,31260000,475,46,97.0
p07,2020-01-25,8931000,6731.0,790,667.21,117.0,28320000,392,80,96.0
p07,2020-01-26,6400000,4446.0,616,0.0,97.0,35040000,486,98,96.0
p07,2020-01-27,3350000,9009.0,653,68.28,151.0,27600000,405,55,98.0
p07,2020-01-28,3842000,9787.0,718,94.18,146.0,29460000,396,95,95.0
p07,2020-01-29,2721000,6450.0,565,364.54,163.0,30240000,409,95,96.0
p07,2020-01-30,2791000,7472.0,550,39.32,154.0,24540000,362,47,95.0
p07,2020-01-31,6588000,11463.0,847,237.44,114.0,29880000,437,61,96.0
p07,2020-02-01,4739000,11394.0,901,473.96,133.5,34860000,522,59,94.0
p07,2020-02-02,2702000,6964.0,467,53.95,136.0,26880000,380,68,92.0
p07,2020-02-03,1404000,2436.0,252,125.58,141.0,62400000,894,146,97.0
p07,2020-02-04,3590000,9796.0,758,199.34,161.0,31860000,454,77,94.0
p07,2020-02-05,1455000,3623.0,319,43.89,172.0,30540000,454,55,94.0
p07,2020-02-06,922000,880.0,119,0.0,99.0,26460000,387,54,97.0
p07,2020-02-07,5031000,10541.0,788,265.18,133.0,32280000,481,57,97.0
p07,2020-02-08,3731000,8863.0,765,817.17,161.0,26580000,387,56,96.0
p07,2020-02-09,21280000,8369.0,1508,1080.52,91.0,30120000,454,48,97.0
p07,2020-02-10,3745000,9966.0,723,95.1,152.0,29340000,445,44,96.0
p07,2020-02-11,2639000,4987.0,515,96.32,157.0,30600000,447,63,96.0
p07,2020-02-12,3540000,9506.0,656,63.09,145.0,29940000,430,69,96.0
p07,2020-02-13,7224000,11048.0,1032,509.62,123.0,30720000,441,71,93.0
p07,2020-02-14,2070000,4610.0,419,82.6,157.0,35640000,530,64,96.0
p07,2020-02-15,10476000,9692.0,1291,1274.67,97.0,25920000,369,63,97.0
p07,2020-02-16,4978000,5174.0,627,460.55,98.0,12480000,176,32,97.0
p07,2020-02-17,2895000,7840.0,570,79.25,151.0,32280000,452,86,96.0
p07,2020-02-18,3376000,9136.0,662,38.71,151.0,33120000,480,72,93.0
p07,2020-02-19,7885000,7571.0,941,0.0,101.5,31320000,460,62,97.0
p07,2020-02-20,4389000,8129.0,674,52.43,117.0,30720000,441,71,96.0
p07,2020-02-22,2568000,5966.0,529,41.45,158.0,32640000,468,76,90.0
p07,2020-02-23,4577000,11210.0,773,13.72,120.5,25440000,374,50,96.0
p07,2020-02-24,3030000,8343.0,593,37.8,150.0,33660000,482,79,96.0
p07,2020-02-25,2676000,6501.0,560,53.04,159.0,30420000,448,59,95.0
p07,2020-02-26,4034000,10201.0,661,2.13,129.0,30180000,432,71,92.0
p07,2020-02-27,2561000,6309.0,492,27.74,150.0,39300000,508,147,87.0
p07,2020-02-28,4988000,11580.0,769,26.21,119.5,31560000,454,72,94.0
p07,2020-02-29,4359000,5877.0,596,1.83,121.67,33480000,466,92,93.0
p07,2020-03-01,4403000,6712.0,497,3.05,98.0,11460000,162,29,91.0
p07,2020-03-03,1024000,1513.0,123,15.24,103.0,31020000,462,55,96.0
p07,2020-03-04,6600000,5205.0,765,784.56,87.0,60240000,888,116,97.0
p07,2020-03-05,1882000,1684.0,158,1.83,95.0,28440000,436,38,97.0
p07,2020-03-07,1536000,1629.0,145,27.23,100.0,25620000,366,61,94.0
p07,2020-03-08,16497000,9544.0,1538,1384.1,91.0,15360000,225,31,95.0
p07,2020-03-11,3445000,8937.0,640,6.71,144.0,32220000,452,85,96.0
p07,2020-03-12,3038000,8159.0,513,2.74,132.0,33900000,512,53,98.0
p07,2020-03-13,3174000,4506.0,498,0.0,102.0,22140000,309,60,95.0
p07,2020-03-14,3139000,7873.0,557,154.23,139.0,31800000,464,66,95.0
p07,2020-03-16,3678000,9563.0,710,169.77,150.0,33060000,484,67,98.0
p07,2020-03-17,4567000,11498.0,908,167.03,138.0,30840000,467,47,95.0
p07,2020-03-18,3931000,10706.0,750,445.31,146.0,34260000,502,69,91.5
p07,2020-03-19,3840000,2749.0,447,0.0,105.0,30420000,427,80,94.0
p07,2020-03-20,2479000,6715.0,551,296.88,171.0,30720000,450,62,96.0
p07,2020-03-21,4225000,11639.0,906,160.02,163.0,32280000,476,62,95.0
p07,2020-03-23,4226000,9983.0,849,102.72,155.0,33840000,503,61,96.0
p07,2020-03-24,14098000,13495.0,1354,220.37,112.0,33060000,485,66,97.0
p07,2020-03-26,3369000,8893.0,625,125.27,146.0,29220000,414,73,92.0
p07,2020-03-30,1587000,1513.0,147,5.03,94.0,35460000,521,70,96.0
p08,2019-11-12,7561000,16511.0,1848,84.53,150.75,29100000,409,76,91.0
p08,2019-11-13,1639000,2930.0,254,57.91,96.0,29040000,423,61,93.0
p08,2019-11-14,5026000,10115.0,1159,27.43,127.5,27960000,402,64,94.0
p08,2019-11-15,8384000,6619.0,1184,101.75,109.67,30000000,420,80,90.0
p08,2019-11-16,3278000,5603.0,487,94.49,95.0,37200000,516,104,91.0
p08,2019-11-17,6249000,15795.0,1340,99.36,133.0,33180000,491,62,90.0
p08,2019-11-18,3030000,7756.0,780,1.83,157.0,30180000,431,72,92.0
p08,2019-11-19,4445000,8750.0,844,29.57,117.5,29340000,416,73,88.0
p08,2019-11-20,5544000,9861.0,1005,160.63,120.6,29340000,423,66,90.0
p08,2019-11-21,3451000,7963.0,874,79.55,155.5,29700000,437,58,91.0
p08,2019-11-22,6293000,4952.0,842,26.52,97.33,29520000,417,75,95.0
p08,2019-11-23,6450000,11543.0,1085,87.78,120.5,38640000,567,77,94.0
p08,2019-11-24,4762000,12307.0,1103,76.2,146.0,21960000,324,42,94.0
p08,2019-11-25,4900000,9904.0,938,12.19,123.0,29820000,428,69,95.0
p08,2019-11-26,4255000,9004.0,1001,12.19,148.0,29160000,433,53,94.0
p08,2019-11-27,2915000,5330.0,471,108.81,123.33,30720000,449,63,93.0
p08,2019-11-28,8476000,11888.0,1447,110.95,108.5,29940000,442,57,90.0
p08,2019-11-29,5598000,6225.0,832,27.13,109.33,27000000,383,67,96.0
p08,2019-11-30,8140000,13596.0,1418,115.21,117.4,33060000,499,52,94.0
p08,2019-12-01,10233000,22467.0,2001,99.06,115.5,30540000,449,60,93.0
p08,2019-12-02,7334000,15016.0,1401,185.01,120.0,28980000,411,72,94.0
p08,2019-12-03,5999000,11356.0,1189,110.95,120.67,30300000,417,88,95.0
p08,2019-12-04,6281000,12509.0,1269,165.81,127.17,28560000,400,76,95.0
p08,2019-12-05,2798000,5496.0,530,76.51,125.5,30840000,447,67,95.0
p08,2019-12-06,6428000,5494.0,969,44.2,106.0,30540000,440,69,93.0
p08,2019-12-07,4250000,5635.0,712,0.0,118.67,24720000,366,46,95.0
p08,2019-12-08,8456000,21641.0,2066,181.05,131.5,34680000,502,76,93.0
p08,2019-12-09,1536000,3616.0,301,26.82,126.0,29940000,424,75,91.0
p08,2019-12-10,4454000,10010.0,1032,93.57,148.0,47400000,694,96,93.0
p08,2019-12-11,7524000,8775.0,1218,24.69,123.0,35760000,516,80,92.0
p08,2019-12-12,2373000,5788.0,640,7.01,164.0,29160000,427,59,94.0
p08,2019-12-18,3070000,8010.0,719,1.22,145.0,28680000,410,68,96.0
p08,2019-12-19,8346000,8164.0,1110,3.05,102.33,28920000,404,78,92.0
p08,2019-12-20,973000,1661.0,138,3.05,96.0,31620000,430,97,82.0
p08,2019-12-21,10621000,18366.0,1818,161.24,115.33,29460000,433,58,96.0
p08,2019-12-22,3629000,8613.0,765,57.3,123.5,36000000,508,91,88.5
p08,2019-12-23,4906000,11956.0,1317,42.06,162.0,35040000,518,66,94.0
p08,2019-12-24,922000,0.0,112,0.0,,25740000,359,70,91.0
p08,2019-12-27,4106000,9671.0,930,70.1,127.0,37560000,523,103,95.0
p08,2019-12-29,3908000,8942.0,1011,53.34,162.0,35460000,514,77,92.0
p08,2019-12-30,3368000,8837.0,750,74.07,134.0,36240000,524,80,96.0
p08,2019-12-31,3235000,5756.0,664,52.12,134.5,33780000,495,68,96.0
p08,2020-01-01,9559000,15474.0,1561,78.03,118.33,27180000,390,63,89.5
p08,2020-01-02,4054000,8687.0,854,148.44,126.0,29940000,448,51,95.0
p08,2020-01-04,5406000,14715.0,1647,119.18,180.0,32280000,426,112,92.0
p08,2020-01-05,5011000,8997.0,822,80.16,121.0,29040000,430,54,96.0
p08,2020-01-06,3776000,6601.0,677,123.14,127.5,27900000,399,66,91.0
p08,2020-01-07,3745000,9501.0,849,72.54,140.0,27960000,390,76,95.0
p08,2020-01-08,5328000,1829.0,819,20.42,118.0,29400000,413,77,93.0
p08,2020-01-09,3689000,6891.0,796,50.6,138.0,60120000,888,114,96.0
p08,2020-01-10,7587000,15246.0,1675,126.8,139.5,31920000,466,66,94.0
p08,2020-01-11,3353000,711.0,420,24.38,110.0,35220000,480,107,97.0
p08,2020-01-18,3789000,5543.0,695,0.0,120.0,41760000,621,75,94.0
p08,2020-01-19,4199000,6723.0,572,48.77,89.0,36480000,534,74,95.5
p08,2020-01-21,10885000,11535.0,1563,121.62,122.0,30000000,447,53,92.0
p08,2020-01-23,3346000,6375.0,610,173.43,119.33,29580000,431,62,97.0
p08,2020-01-26,4352000,6949.0,734,0.0,113.5,25440000,378,46,94.0
p08,2020-01-27,1382000,1060.0,177,0.0,100.0,25920000,386,46,91.0
p08,2020-01-29,5531000,3600.0,858,0.0,117.5,28080000,405,63,92.0
p08,2020-01-31,3519000,8796.0,776,102.11,139.0,32160000,467,69,93.0
p08,2020-02-01,5166000,9394.0,938,90.83,137.67,34140000,495,74,96.0
p08,2020-02-02,4423000,10646.0,994,97.23,141.67,38100000,565,70,95.0
p08,2020-02-03,7099000,12231.0,1323,97.84,120.5,29040000,421,63,98.0
p08,2020-02-04,6356000,11215.0,1126,108.81,124.25,28800000,415,65,95.0
p08,2020-02-05,1280000,1500.0,228,0.0,107.0,30720000,434,78,97.0
p08,2020-02-06,7525000,12444.0,1246,182.27,116.25,30000000,427,73,98.0
p08,2020-02-07,9356000,15153.0,1622,425.55,110.2,31620000,462,65,92.0
p08,2020-02-08,7708000,12388.0,1432,85.34,127.0,72720000,1070,142,94.0
p08,2020-02-09,12311000,24082.0,2376,174.96,100.2,31680000,468,60,96.0
p08,2020-02-10,3607000,8245.0,830,34.75,147.0,28860000,418,63,93.0
p08,2020-02-11,4670000,8447.0,824,87.48,128.25,31200000,461,59,90.0
p08,2020-02-12,5317000,11972.0,1266,93.88,150.67,30360000,431,75,93.0
p08,2020-02-13,2529000,6597.0,584,56.69,143.0,27900000,416,49,96.0
p08,2020-02-14,5951000,9132.0,1148,92.76,123.67,27120000,395,57,92.0
p08,2020-02-15,4002000,10067.0,868,153.92,139.0,32460000,487,54,98.0
p08,2020-02-16,7674000,12154.0,1306,1.22,99.5,32400000,479,61,95.0
p08,2020-02-17,9302000,11214.0,1254,38.71,110.0,28860000,420,61,94.0
p08,2020-02-18,5212000,9509.0,963,266.4,123.0,30600000,454,56,93.0
p08,2020-02-20,3821000,9492.0,841,4.88,136.5,29100000,416,69,96.0
p08,2020-02-21,11024000,19350.0,1967,185.93,121.0,23580000,358,35,96.0
p08,2020-02-23,14733000,23554.0,2432,92.66,122.25,35520000,522,70,98.0
p08,2020-02-24,3410000,7481.0,809,7.01,152.0,29820000,440,57,91.0
p08,2020-02-25,10159000,18827.0,1921,246.28,120.25,30780000,446,67,95.0
p08,2020-02-26,4910000,10995.0,996,24.99,119.5,19560000,297,29,97.0
p08,2020-02-27,8190000,10122.0,1241,59.44,115.0,29400000,423,67,92.0
p08,2020-02-28,9525000,13731.0,1571,365.76,112.5,30180000,449,54,95.0
p08,2020-02-29,4404000,7036.0,762,0.0,118.0,36600000,549,61,97.0
p08,2020-03-01,9091000,3080.0,1191,0.0,113.0,36360000,517,89,95.0
p08,2020-03-02,2835000,5185.0,569,1.52,132.0,28440000,407,67,94.0
p08,2020-03-03,3203000,6454.0,664,85.34,135.33,28200000,400,70,90.0
p08,2020-03-04,4175000,9721.0,892,7.92,137.0,30180000,436,67,94.0
p08,2020-03-05,4667000,7829.0,833,97.84,119.33,31800000,448,82,95.0
p08,2020-03-06,3414000,6026.0,584,99.06,113.0,29220000,431,56,96.0
p08,2020-03-07,6094000,9768.0,1062,0.0,118.0,30720000,438,74,92.0
p08,2020-03-08,18272000,13411.0,2699,661.72,122.5,29100000,436,49,96.0
p08,2020-03-09,2406000,4085.0,372,6.1,108.0,60480000,816,192,94.0
p08,2020-03-10,5312000,8130.0,968,10.36,117.0,32460000,467,74,95.0
p08,2020-03-11,1332000,2359.0,179,9.14,97.0,36000000,513,87,94.0
p08,2020-03-12,5296000,11371.0,1053,239.27,116.0,31380000,453,70,93.0
p08,2020-03-13,3739000,7223.0,841,12.19,145.0,34200000,497,73,94.0
p08,2020-03-15,6529000,14464.0,1248,192.33,116.5,37380000,522,101,97.0
p08,2020-03-16,3167000,6436.0,675,10.06,137.0,29520000,424,68,96.0
p08,2020-03-17,5290000,13435.0,1127,439.22,130.0,29040000,425,59,96.0
p08,2020-03-18,3485000,9026.0,797,63.09,142.0,29160000,416,70,94.0
p08,2020-03-19,5667000,14529.0,1176,524.56,128.0,31920000,469,63,95.0
p08,2020-03-20,3747000,9379.0,819,2.74,135.0,32220000,462,75,95.0
p08,2020-03-22,4784000,12640.0,1147,274.32,146.0,36780000,511,102,95.0
p08,2020-03-23,2509000,3991.0,340,103.63,95.0,30480000,443,65,95.0
p08,2020-03-24,5939000,11171.0,1253,69.8,136.0,27840000,391,73,96.0
p08,2020-03-25,13840000,8560.0,1413,17.37,109.5,31800000,453,77,95.0
p08,2020-03-26,3811000,10036.0,899,92.66,143.0,28920000,430,52,96.0
p08,2020-03-27,6762000,8198.0,1486,13.11,142.0,29940000,430,69,92.0
p08,2020-03-28,6573000,17606.0,1619,149.66,148.0,37620000,547,80,96.0
p08,2020-03-29,6406000,2243.0,1391,25.3,144.0,38220000,510,67,0.0
p08,2020-03-30,7083000,18316.0,1669,610.51,146.0,27660000,392,69,95.0
p08,2020-03-31,7728000,3869.0,1230,57.61,110.5,29760000,451,45,97.0
p09,2019-11-03,5260000,5555.0,575,0.0,96.0,25800000,373,57,96.0
p09,2019-11-13,973000,1419.0,137,15.24,101.0,70320000,1008,164,93.0
p09,2019-11-15,1946000,3082.0,310,18.29,109.0,32340000,518,18,97.0
p09,2019-11-23,1895000,2446.0,240,12.19,102.0,34860000,493,88,93.0
p09,2019-11-29,1946000,3301.0,310,30.48,109.0,35640000,490,104,95.0
p09,2019-12-02,1024000,1189.0,121,12.19,98.0,28800000,386,94,97.0
p09,2019-12-03,2298000,5528.0,540,2.13,144.0,23520000,318,74,95.0
p09,2019-12-15,2304000,3203.0,322,12.19,107.0,33840000,507,57,96.0
p09,2019-12-16,1024000,1322.0,124,0.0,97.0,39180000,557,96,91.0
p09,2019-12-18,1024000,1478.0,126,0.0,102.0,19080000,263,55,94.0
p09,2019-12-21,2048000,2969.0,289,36.58,107.5,21420000,321,36,97.0
p09,2019-12-22,1024000,1442.0,149,15.24,112.0,24300000,350,55,93.0
p09,2019-12-23,5069000,5764.0,572,36.58,97.0,21600000,325,0,100.0
p09,2020-01-05,1741000,2431.0,213,9.14,98.0,33240000,484,70,93.0
p09,2020-01-07,2108000,5115.0,565,1.22,166.0,25380000,346,77,93.0
p09,2020-01-08,2100000,2736.0,259,12.19,103.0,30600000,455,55,96.0
p09,2020-01-11,972000,1199.0,147,12.19,118.0,25380000,352,71,91.0
p09,2020-01-18,1536000,2043.0,200,0.0,101.0,35700000,502,93,94.0
p09,2020-01-19,16076000,23037.0,2294,73.15,112.4,16740000,236,43,90.0
p09,2020-01-26,4813000,6346.0,628,51.82,104.5,27780000,391,72,93.0
p09,2020-02-01,5888000,8911.0,861,76.2,106.75,26100000,346,89,93.0
p09,2020-02-02,1741000,3013.0,328,0.0,125.0,27420000,387,70,93.0
p09,2020-02-23,2918000,4269.0,398,9.14,102.0,21300000,302,53,92.0
p09,2020-03-04,1536000,1766.0,179,3.05,100.0,34080000,470,98,93.0
p09,2020-03-07,4301000,6375.0,752,0.0,124.5,35640000,516,78,93.0
p09,2020-03-08,2047000,3185.0,285,18.29,109.5,26340000,384,55,89.0
p09,2020-03-13,922000,888.0,108,6.1,100.0,36000000,494,106,84.0
p09,2020-03-20,8243000,13776.0,1247,210.31,107.0,35100000,511,74,96.0
p09,2020-03-26,2611000,3998.0,367,39.62,104.0,36720000,500,112,94.0
p10,2019-11-08,1075000,1484.0,120,33.53,117.0,34680000,512,66,93.0
p10,2019-11-09,2161000,3092.0,222,21.64,126.5,30900000,465,50,95.0
p10,2019-11-10,3140000,7220.0,484,64.92,144.0,32820000,466,81,88.0
p10,2019-11-11,1076000,1424.0,92,18.29,101.0,32040000,457,77,86.0
p10,2019-11-12,690000,1852.0,114,0.0,158.0,29280000,426,62,92.0
p10,2019-11-13,2458000,2824.0,199,36.58,104.5,27420000,412,45,95.0
p10,2019-11-15,1178000,1683.0,137,6.1,116.0,24540000,360,49,93.0
p10,2019-11-16,2765000,2998.0,206,15.24,95.0,35160000,516,70,91.0
p10,2019-11-17,1076000,1027.0,98,0.0,116.0,30960000,456,60,91.0
p10,2019-11-18,1537000,1931.0,140,24.38,109.0,26400000,396,44,94.0
p10,2019-11-19,1751000,2536.0,180,24.38,132.5,34620000,505,72,93.0
p10,2019-11-22,3840000,5110.0,382,55.47,121.33,26880000,392,56,93.0
p10,2019-11-23,1056000,2892.0,212,0.0,174.0,28320000,417,55,93.0
p10,2019-11-24,1690000,2415.0,160,27.43,110.0,37560000,553,73,93.0
p10,2019-11-25,1792000,2049.0,167,27.43,113.0,26040000,354,80,87.0
p10,2019-11-26,1500000,2332.0,153,31.09,127.5,26880000,403,45,91.0
p10,2019-11-28,2253000,2835.0,198,45.72,107.0,28020000,414,53,93.0
p10,2019-11-29,3175000,3705.0,260,60.96,104.0,30900000,456,59,90.0
p10,2019-12-02,1178000,1494.0,105,30.48,104.0,29760000,437,59,95.0
p10,2019-12-03,1791000,3269.0,227,24.38,133.0,27300000,411,44,94.0
p10,2019-12-04,2816000,4142.0,283,73.15,109.5,27540000,387,72,91.0
p10,2019-12-05,2202000,2690.0,182,39.62,108.0,66360000,996,110,92.0
p10,2019-12-07,1639000,2355.0,140,9.14,102.0,41460000,617,74,95.0
p10,2019-12-08,4268000,7752.0,538,38.71,125.33,30720000,454,58,91.0
p10,2019-12-10,2152000,4912.0,351,19.81,150.0,31620000,469,58,90.0
p10,2019-12-13,8755000,10310.0,701,33.53,100.33,33000000,483,67,86.0
p10,2019-12-14,6606000,9143.0,595,12.19,105.33,35040000,497,87,87.0
p10,2019-12-15,1024000,1137.0,82,12.19,106.0,31920000,479,53,92.0
p10,2019-12-17,1793000,2695.0,168,33.53,105.0,31620000,465,62,86.0
p10,2019-12-19,4455000,5411.0,365,60.96,105.0,29340000,438,51,91.0
p10,2019-12-20,1792000,1878.0,143,3.05,108.0,34560000,513,57,92.0
p10,2019-12-21,1946000,1602.0,129,0.0,99.0,31620000,452,75,90.0
p10,2019-12-22,4660000,5599.0,369,21.34,104.0,32520000,471,71,89.0
p10,2019-12-24,2918000,2840.0,214,30.48,103.0,35280000,534,54,94.0
p10,2019-12-28,1997000,0.0,141,0.0,106.0,32040000,460,74,85.0
p10,2019-12-30,1331000,2141.0,134,60.96,109.0,38100000,561,74,88.0
p10,2019-12-31,3687000,0.0,178,0.0,,38700000,589,56,92.0
p10,2020-01-02,2253000,3988.0,249,112.78,118.0,35400000,530,60,93.0
p10,2020-01-07,1741000,2302.0,151,6.1,106.0,26460000,386,55,90.0
p10,2020-01-08,1127000,1354.0,89,23.32,100.0,25740000,383,46,95.0
p10,2020-01-11,4199000,6195.0,385,6.1,107.0,30660000,452,59,89.0
p10,2020-01-13,2540000,4872.0,334,21.64,135.5,26940000,410,39,96.0
p10,2020-01-14,2612000,3477.0,246,57.61,107.0,32640000,492,52,91.0
p10,2020-01-16,2476000,4776.0,309,18.44,129.5,28380000,423,50,97.0
p10,2020-01-17,1229000,1319.0,100,9.14,107.0,30480000,460,48,93.0
p10,2020-01-18,1331000,1688.0,128,6.2,114.0,33000000,489,61,91.5
p10,2020-01-21,3991000,6667.0,424,93.78,119.75,29280000,434,54,92.0
p10,2020-01-22,3585000,4275.0,291,33.53,96.5,31680000,462,66,90.0
p10,2020-01-23,3328000,5766.0,334,27.43,108.0,28980000,419,64,90.0
p10,2020-01-24,1742000,2736.0,190,21.34,116.0,29160000,429,57,91.0
p10,2020-01-25,5786000,8057.0,508,128.02,106.0,33120000,480,72,88.0
p10,2020-01-26,7066000,11613.0,712,94.49,113.5,29280000,428,60,90.0
p10,2020-01-29,1383000,1563.0,113,9.14,101.0,28800000,396,84,92.0
p10,2020-01-30,4967000,6583.0,446,39.62,107.5,30120000,443,59,92.0
p10,2020-01-31,2663000,3318.0,239,30.48,109.0,24360000,369,37,95.0
p10,2020-02-01,10088000,15754.0,1005,213.36,111.0,31980000,486,47,91.0
p10,2020-02-02,5735000,9869.0,622,124.56,114.33,32580000,497,46,93.0
p10,2020-02-03,1228000,1461.0,98,9.14,106.0,47520000,672,120,86.0
p10,2020-02-04,1127000,1348.0,108,12.19,118.0,32340000,486,53,95.0
p10,2020-02-05,2766000,3758.0,262,48.87,110.5,29820000,441,56,93.0
p10,2020-02-07,1229000,2426.0,166,17.63,133.0,32460000,481,60,94.0
p10,2020-02-09,5743000,4820.0,443,94.79,112.5,29820000,453,44,92.0
p10,2020-02-10,1075000,1882.0,108,6.1,117.0,25620000,375,52,89.0
p10,2020-02-13,3175000,5600.0,387,79.25,123.0,27720000,427,35,94.0
p10,2020-02-14,2151000,3771.0,226,51.82,115.0,20100000,293,42,87.0
p10,2020-02-16,3789000,5216.0,361,39.62,113.0,35520000,537,55,93.0
p10,2020-02-17,3687000,6096.0,381,51.82,112.0,30060000,425,76,91.0
p10,2020-02-18,4324000,8311.0,529,70.41,127.0,34020000,505,62,89.0
p10,2020-02-19,5325000,9574.0,687,48.56,125.0,31200000,463,57,91.0
p10,2020-02-20,1977000,4549.0,279,44.5,134.0,33060000,493,58,91.0
p10,2020-02-21,6196000,10495.0,671,213.36,114.0,22740000,319,60,95.0
p10,2020-02-22,6913000,11469.0,741,134.11,126.0,32400000,487,53,94.0
p10,2020-02-25,1997000,2972.0,191,36.58,108.0,29100000,453,32,94.0
p11,2019-11-16,2202000,2721.0,229,3.05,117.0,33420000,497,60,97.0
p11,2019-11-18,2635000,5219.0,442,5.18,154.0,25920000,373,59,98.0
p11,2019-11-19,5467000,4064.0,594,67.06,120.33,26160000,381,55,98.0
p11,2019-11-20,5400000,2891.0,377,0.0,119.0,25020000,382,35,96.0
p11,2019-11-22,1690000,2305.0,140,18.29,99.0,25080000,363,55,94.0
p11,2019-11-24,3833000,8184.0,706,2.13,164.0,34500000,503,72,99.0
p11,2019-11-25,1536000,2608.0,151,3.05,109.0,24720000,376,36,96.0
p11,2019-11-26,5929000,5995.0,678,32.92,132.25,30660000,464,47,97.0
p11,2019-11-27,2458000,3526.0,225,18.29,107.5,25560000,385,41,96.0
p11,2019-11-28,4499000,8570.0,582,31.7,125.33,25500000,391,34,97.0
p11,2019-11-29,1690000,2980.0,177,9.14,113.0,26280000,383,55,99.0
p11,2019-11-30,973000,1262.0,86,6.1,104.0,36240000,539,65,98.0
p11,2019-12-02,4653000,8234.0,618,57.3,128.33,25500000,373,52,95.0
p11,2019-12-03,4779000,8595.0,625,54.25,129.67,26700000,392,53,99.0
p11,2019-12-04,4067000,7676.0,594,47.24,140.5,28380000,424,48,92.5
p11,2019-12-07,2406000,3207.0,230,54.86,110.0,35160000,505,81,97.0
p11,2019-12-08,1024000,1251.0,90,18.29,106.0,33540000,493,66,94.0
p11,2019-12-09,2736000,275.0,162,0.0,118.0,29160000,409,77,95.0
p11,2019-12-14,5786000,8317.0,643,76.2,127.0,17580000,260,33,97.0
p11,2019-12-15,1024000,1466.0,100,6.1,110.0,25200000,388,32,96.0
p11,2019-12-17,2912000,5124.0,409,10.36,129.5,26880000,391,57,90.0
p11,2019-12-18,1178000,1395.0,97,12.19,101.0,25860000,379,52,98.0
p11,2019-12-23,1332000,1504.0,103,12.19,100.0,26820000,391,56,97.0
p11,2019-12-24,1280000,2088.0,139,27.43,114.0,28800000,423,57,98.0
p11,2019-12-26,3175000,5576.0,365,109.73,114.0,28440000,439,35,99.0
p11,2019-12-29,4404000,7358.0,563,121.92,123.0,28680000,442,36,100.0
p11,2020-01-02,5428000,6544.0,449,51.82,102.67,30000000,452,48,98.0
p11,2020-01-04,1127000,1648.0,112,30.48,109.0,28200000,421,49,92.0
p11,2020-01-06,2781000,4920.0,358,9.45,121.5,28260000,428,43,98.0
p11,2020-01-09,1638000,3309.0,305,6.1,170.0,59640000,884,110,97.0
p11,2020-01-10,1076000,1287.0,106,15.24,118.0,29760000,465,31,98.0
p11,2020-01-13,2294000,4661.0,357,55.47,143.5,25680000,374,54,95.0
p11,2020-01-14,2816000,4713.0,308,60.96,113.0,28500000,433,42,97.0
p11,2020-01-15,2919000,4762.0,320,51.82,117.5,28680000,429,49,94.0
p11,2020-01-16,1887000,3619.0,291,26.82,146.5,27360000,405,51,93.0
p11,2020-01-17,2988000,5598.0,468,6.71,142.5,28740000,432,47,99.0
p11,2020-01-19,2766000,4056.0,264,45.72,107.0,36060000,539,62,97.0
p11,2020-01-20,921000,1584.0,99,9.14,117.0,25140000,379,40,95.0
p11,2020-01-21,3000000,3590.0,568,7.62,169.0,28920000,444,38,96.0
p11,2020-01-22,1690000,3002.0,201,30.48,125.0,31680000,475,53,96.0
p11,2020-01-25,19800000,5883.0,2069,21.34,102.0,26580000,401,42,92.0
p11,2020-01-26,10031000,11884.0,1004,0.0,108.5,30060000,441,60,96.0
p11,2020-01-29,922000,1273.0,88,6.1,109.0,29220000,427,60,97.0
p11,2020-01-30,3379000,6428.0,364,12.19,117.0,28800000,425,55,96.0
p11,2020-02-02,3124000,5269.0,297,21.34,104.0,27360000,409,47,96.0
p11,2020-02-04,4088000,6081.0,608,62.48,145.0,36360000,540,66,97.0
p11,2020-02-08,4500000,4270.0,708,9.45,137.5,52680000,784,94,96.0
p11,2020-02-10,4350000,3695.0,718,10.67,141.5,29040000,422,62,95.0
p11,2020-02-12,4500000,407.0,337,0.0,94.0,23820000,360,37,96.0
p11,2020-02-13,2766000,1073.0,323,0.0,151.0,30360000,441,65,98.0
p11,2020-02-17,4728000,3456.0,732,28.04,139.0,31560000,457,69,96.0
p11,2020-02-18,922000,1518.0,109,18.29,120.0,31500000,478,47,97.0
p11,2020-02-20,3600000,2255.0,614,2.74,160.0,24540000,375,34,97.0
p11,2020-02-21,2044000,4713.0,408,8.53,171.0,25980000,369,64,94.0
p11,2020-02-23,3441000,1103.0,425,0.0,169.0,32280000,482,56,94.0
p11,2020-02-24,2502000,1675.0,320,0.61,137.0,28080000,416,52,96.0
p11,2020-02-25,1485000,1770.0,121,12.19,106.0,30180000,437,66,95.0
p11,2020-03-01,4589000,4550.0,683,28.96,133.0,27300000,407,48,96.0
p11,2020-03-11,3892000,7053.0,468,73.15,124.5,28500000,405,70,97.0
p11,2020-03-13,1587000,2047.0,163,21.34,117.0,30000000,452,48,99.0
p12,2019-11-07,480000,151.0,45,0.0,108.0,4380000,70,3,96.0
p12,2019-11-15,1484000,1854.0,162,9.14,103.0,21180000,348,5,99.0
p12,2019-11-24,1331000,2289.0,159,15.24,92.0,23700000,390,5,99.0
p12,2020-01-15,1126000,1169.0,112,0.0,105.0,4200000,68,2,97.0
p12,2020-02-23,7475000,11097.0,838,225.55,102.5,7500000,112,13,90.0
p13,2019-11-12,973000,1286.0,85,54.86,106.0,28800000,431,37,92.0
p13,2019-11-13,922000,0.0,14,0.0,,19260000,279,42,94.0
p13,2019-11-15,1382000,2007.0,159,21.34,106.0,30480000,446,62,93.0
p13,2019-11-16,7731000,6184.0,748,51.82,105.2,28320000,397,75,89.0
p13,2019-11-17,3891000,2976.0,311,79.25,95.33,32940000,473,76,92.0
p13,2019-11-18,1997000,2141.0,244,27.43,105.0,25440000,385,39,95.0
p13,2019-11-19,1383000,1388.0,162,3.05,102.0,24660000,358,53,90.0
p13,2019-11-21,3380000,4146.0,480,134.11,112.0,26760000,385,61,91.0
p13,2019-11-24,5172000,4805.0,559,30.48,100.0,26820000,375,72,91.0
p13,2019-11-25,973000,646.0,93,6.1,94.0,29100000,426,59,93.0
p13,2019-11-26,2560000,2810.0,332,24.38,103.0,50520000,742,100,93.0
p13,2019-11-28,3276000,4215.0,444,60.96,106.33,28260000,417,54,97.0
p13,2019-11-30,3329000,5266.0,489,48.77,108.5,33360000,496,60,93.0
p13,2019-12-13,4249000,5164.0,515,15.24,100.0,28800000,413,67,92.0
p13,2019-12-14,3840000,5224.0,480,3.05,103.33,20520000,282,60,92.0
p13,2019-12-15,5478000,6215.0,655,12.19,103.0,32280000,463,75,93.0
p13,2019-12-19,3431000,3846.0,421,103.63,104.5,37920000,541,91,83.0
p13,2019-12-20,3994000,3047.0,371,12.19,91.0,24960000,362,54,93.0
p13,2019-12-21,2253000,2216.0,301,27.43,106.5,30900000,467,48,96.0
p13,2019-12-22,1895000,1846.0,210,24.38,101.0,35220000,511,76,97.0
p13,2019-12-23,3891000,3752.0,453,54.86,99.0,32820000,483,64,96.0
p13,2020-01-02,3820000,3223.0,730,2.13,132.5,28740000,412,67,95.0
p13,2020-01-06,3225000,1999.0,407,0.0,108.0,31980000,468,65,90.5
p13,2020-01-07,1528000,4080.0,400,1.52,165.0,28500000,411,64,93.0
p13,2020-01-25,6963000,2758.0,1021,36.58,106.5,60240000,896,108,94.0
p13,2020-01-26,5942000,0.0,926,6.1,113.0,30420000,455,52,94.0
p14,2019-11-15,4916000,7052.0,758,70.1,128.67,27780000,393,70,94.0
p14,2019-11-17,3032000,5006.0,389,33.53,101.0,33840000,486,78,91.0
p14,2019-11-18,3328000,5279.0,411,54.86,100.5,32580000,453,89,93.5
p14,2019-11-19,7287000,9882.0,1135,56.08,128.0,28320000,387,85,94.0
p14,2019-11-20,2612000,4515.0,336,39.62,102.5,41280000,572,116,91.0
p14,2019-11-21,2970000,3937.0,316,33.53,101.5,38040000,518,116,89.0
p14,2019-11-23,4660000,7168.0,567,12.19,107.25,35100000,483,102,96.0
p14,2019-11-24,11162000,16041.0,1330,30.48,106.5,42360000,597,109,91.0
p14,2019-11-25,2151000,3118.0,294,36.58,118.0,25680000,350,78,95.0
p14,2019-11-26,5045000,4585.0,584,31.39,102.67,39420000,554,103,95.0
p14,2019-11-27,3943000,6761.0,571,70.1,120.67,27780000,386,77,95.0
p14,2019-11-28,3072000,5142.0,466,57.91,116.5,27720000,393,69,98.0
p14,2019-12-03,3021000,5170.0,388,54.86,109.0,26580000,361,82,80.0
p14,2019-12-04,1280000,2332.0,184,6.1,125.0,29760000,368,128,82.0
p14,2019-12-05,1382000,2163.0,164,34.44,102.0,31980000,412,121,83.0
p14,2019-12-06,4199000,6041.0,498,60.96,102.5,30180000,440,63,94.0
p14,2019-12-07,4814000,7984.0,654,51.82,117.0,42840000,563,151,89.0
p14,2019-12-09,3913000,3154.0,552,30.48,122.5,36420000,486,121,93.0
p14,2019-12-10,6510000,12655.0,1006,65.33,122.67,26340000,360,79,91.0
p14,2019-12-11,3686000,5904.0,469,45.72,107.0,30060000,408,93,87.0
p14,2019-12-12,1638000,2803.0,212,27.43,111.0,41460000,557,134,91.0
p14,2019-12-13,5506000,10139.0,722,64.01,106.8,61440000,826,198,95.0
p14,2019-12-16,2868000,4849.0,383,33.53,105.0,16620000,231,46,95.0
p14,2019-12-17,3532000,5482.0,425,60.96,99.5,24780000,338,75,85.0
p14,2019-12-18,2919000,4988.0,374,48.77,108.0,31440000,450,74,94.0
p14,2019-12-19,1536000,2696.0,219,36.58,115.0,49680000,689,139,73.0
p14,2019-12-20,5683000,8580.0,655,57.91,106.33,39540000,537,122,84.0
p14,2019-12-21,6503000,9705.0,708,45.72,101.0,33360000,471,85,89.0
p14,2019-12-22,6912000,11606.0,800,109.73,96.0,37920000,527,105,94.0
p14,2019-12-25,8090000,11128.0,807,94.49,89.0,35220000,496,91,88.0
p14,2019-12-26,2662000,4643.0,323,60.66,100.0,35400000,457,133,85.0
p14,2019-12-27,2247000,6129.0,395,97.23,139.0,31080000,414,104,91.0
p14,2019-12-28,1281000,2333.0,170,15.24,109.0,33480000,417,141,94.0
p14,2019-12-30,2253000,3157.0,268,128.02,108.5,25500000,380,45,98.0
p14,2020-01-02,3635000,5357.0,413,27.43,108.5,21720000,320,42,98.0
p14,2020-01-03,3125000,4719.0,349,45.72,100.5,29160000,424,62,88.5
p14,2020-01-06,5733000,9243.0,763,84.12,119.0,34800000,483,97,93.0
p14,2020-01-07,3892000,6398.0,501,48.77,111.0,35280000,474,114,89.0
p14,2020-01-08,4548000,8499.0,607,52.43,122.33,42840000,564,150,87.0
p14,2020-01-09,8141000,13780.0,1048,128.02,108.6,26040000,352,82,97.0
p14,2020-01-10,3315000,7052.0,515,66.75,137.5,43980000,563,170,88.0
p14,2020-01-11,3837000,10472.0,667,96.62,141.0,33840000,465,99,92.0
p14,2020-01-12,5223000,8990.0,609,207.26,101.0,65640000,970,124,97.0
p14,2020-01-13,2765000,4646.0,346,33.53,100.5,22920000,332,50,94.0
p14,2020-01-14,5817000,11169.0,937,79.25,126.0,37620000,483,144,86.0
p14,2020-01-15,5784000,11162.0,799,117.04,116.33,36360000,474,132,92.0
p14,2020-01-16,10471000,19357.0,1368,214.27,115.25,26280000,361,77,92.0
p14,2020-01-17,6792000,8275.0,757,85.34,112.0,34920000,465,117,96.0
p14,2020-01-18,8446000,18140.0,1212,114.91,111.8,37740000,522,107,90.0
p14,2020-01-19,4557000,9724.0,650,83.21,113.33,53640000,726,168,93.0
p14,2020-01-20,3686000,5450.0,394,51.82,93.0,25980000,372,61,92.0
p14,2020-01-21,6269000,11486.0,943,391.67,122.0,35160000,475,111,93.0
p14,2020-01-22,4122000,9059.0,718,62.79,140.33,25020000,330,87,89.0
p14,2020-01-23,4998000,10539.0,742,128.32,117.5,22680000,310,68,92.0
p14,2020-01-24,5222000,7496.0,563,51.82,102.0,34500000,489,86,96.0
p14,2020-01-25,1159000,3239.0,216,24.99,143.0,40680000,554,124,92.0
p14,2020-01-26,5309000,10603.0,758,94.49,114.33,38700000,542,103,91.0
p14,2020-01-27,2662000,4596.0,321,51.82,94.5,28320000,403,69,93.0
p14,2020-01-28,5312000,11595.0,860,70.71,119.33,33420000,472,85,92.0
p14,2020-01-29,3533000,5362.0,422,30.48,109.0,17100000,212,73,69.0
p14,2020-01-30,9971000,9132.0,749,594.66,91.75,15780000,212,51,88.0
p14,2020-01-31,3096000,5351.0,393,48.77,108.5,9060000,136,11,93.0
p14,2020-02-02,1997000,3162.0,222,27.43,93.0,46860000,666,115,88.5
p14,2020-02-03,3995000,6565.0,472,48.77,97.0,34200000,484,86,93.0
p14,2020-02-05,3789000,6109.0,536,15.24,128.67,9780000,144,18,89.0
p14,2020-02-06,2900000,8088.0,538,24.69,140.0,29760000,406,90,93.0
p14,2020-02-07,1280000,2225.0,152,0.0,87.0,25080000,345,73,96.0
p14,2020-02-08,11142000,19038.0,1352,92.66,109.4,33900000,491,74,96.0
p14,2020-02-09,6912000,9424.0,684,24.38,94.33,41220000,591,96,93.0
p14,2020-02-10,3174000,4872.0,368,48.77,102.5,10260000,159,7,96.0
p14,2020-02-11,8087000,16133.0,1163,130.76,117.4,73680000,1046,182,96.0
p14,2020-02-12,3584000,5260.0,388,51.82,97.5,35220000,517,70,95.0
p14,2020-02-13,3584000,6350.0,462,70.1,99.33,21360000,317,39,97.0
p14,2020-02-14,3720000,9773.0,651,89.46,135.0,4140000,66,3,96.0
p14,2020-02-15,1741000,0.0,116,3.05,90.0,38280000,547,90,93.0
p14,2020-02-17,2713000,4246.0,323,73.15,101.5,37320000,559,63,98.0
p14,2020-02-18,6810000,12530.0,969,420.62,115.0,21660000,297,64,87.5
p14,2020-02-19,2458000,3664.0,268,36.58,91.0,34020000,489,78,97.0
p14,2020-02-20,5296000,9738.0,736,100.28,119.33,21540000,306,53,95.0
p14,2020-02-21,6078000,12413.0,875,118.26,120.5,27300000,397,58,97.0
p14,2020-02-23,1219000,3412.0,223,24.38,149.0,38700000,552,93,93.0
p14,2020-02-24,4198000,7125.0,502,48.77,94.0,38940000,522,127,91.0
p14,2020-02-25,5376000,7363.0,586,76.2,102.0,31740000,440,89,92.0
p14,2020-02-26,4435000,9651.0,690,108.2,119.67,36780000,516,97,92.0
p14,2020-02-28,6258000,13008.0,921,285.9,113.0,36600000,494,116,91.0
p14,2020-02-29,5382000,9510.0,644,120.09,115.0,40140000,544,125,89.0
p14,2020-03-04,6041000,8735.0,659,67.06,95.33,30780000,388,125,90.0
p14,2020-03-09,5753000,10926.0,728,60.96,118.0,24600000,341,69,91.0
p14,2020-03-10,1996000,3109.0,241,18.29,106.5,24360000,336,70,95.0
p14,2020-03-11,3072000,5104.0,374,18.29,101.5,21240000,290,64,99.0
p14,2020-03-14,6432000,15188.0,1032,149.96,112.5,37080000,528,90,93.0
p14,2020-03-19,4203000,10411.0,798,105.46,140.5,24300000,339,66,95.0
p14,2020-03-21,5178000,14898.0,1022,171.91,148.0,33600000,492,67,95.0
p14,2020-03-22,1591000,4538.0,326,39.32,158.0,30900000,442,73,98.0
p14,2020-03-23,1536000,2753.0,239,45.72,122.0,6780000,110,3,97.0
p14,2020-03-24,1546000,4394.0,312,38.71,143.0,31200000,431,89,94.0
p14,2020-03-25,1492000,4313.0,276,40.84,146.0,39660000,550,111,96.0
p14,2020-03-26,2355000,3335.0,275,30.48,104.0,33840000,487,77,95.0
p14,2020-03-27,8096000,15566.0,1135,144.58,118.0,33300000,455,100,92.0
p14,2020-03-29,8843000,22609.0,1505,226.77,120.5,34380000,418,95,0.0
p14,2020-03-31,1511000,4260.0,272,46.63,145.0,24960000,355,61,98.0
p15,2019-11-10,3526000,5924.0,512,57.91,113.0,33300000,495,60,96.0
p15,2019-11-11,2099000,3965.0,322,21.34,116.0,31740000,460,69,95.0
p15,2019-11-12,5990000,11409.0,1004,33.53,120.67,27780000,407,56,95.0
p15,2019-11-13,7663000,6397.0,1122,22.86,116.0,27060000,396,55,96.0
p15,2019-11-14,666000,642.0,63,6.1,89.0,28080000,415,53,94.0
p15,2019-11-15,5086000,6982.0,681,138.68,105.5,28440000,420,54,97.0
p15,2019-11-16,34030000,3476.0,1088,211.84,88.0,28260000,412,59,96.0
p15,2019-11-17,5428000,8409.0,833,0.0,116.0,31920000,464,68,96.0
p15,2019-11-18,6145000,8141.0,733,70.1,106.5,26340000,396,43,97.0
p15,2019-11-19,1438000,2865.0,215,0.3,91.0,32580000,481,62,95.0
p15,2019-11-20,6387000,5195.0,909,21.64,114.5,30180000,446,57,97.0
p15,2019-11-21,5064000,6950.0,771,68.88,118.33,30960000,465,51,97.0
p15,2019-11-22,7674000,6575.0,990,35.36,107.33,26700000,359,86,97.0
p15,2019-11-23,5207000,10290.0,737,299.01,99.0,33780000,484,79,96.0
p15,2019-11-24,3687000,6870.0,487,137.16,97.0,22320000,329,43,94.0
p15,2019-11-25,6905000,6046.0,816,23.47,101.33,32580000,501,42,97.0
p15,2019-11-26,4804000,4832.0,732,53.04,116.0,28140000,420,49,95.0
p15,2019-11-28,3780000,5984.0,579,204.22,115.0,32160000,485,51,97.0
p15,2019-11-29,4902000,7659.0,815,354.48,124.0,33420000,502,55,95.0
p15,2019-11-30,4145000,6340.0,699,176.17,128.0,30120000,437,65,95.0
p15,2019-12-01,4217000,1962.0,532,8.53,108.5,29940000,436,63,97.0
p15,2019-12-02,3252000,2572.0,461,27.43,125.0,27480000,404,54,95.0
p15,2019-12-03,4436000,3868.0,624,50.9,106.5,33660000,487,74,95.0
p15,2019-12-04,666000,977.0,83,12.19,100.0,28440000,406,68,96.0
p15,2019-12-05,5478000,7614.0,660,94.49,105.0,31380000,467,56,96.0
p15,2019-12-06,4398000,6277.0,585,157.58,100.0,24120000,352,50,98.0
p15,2019-12-07,4920000,7072.0,693,177.39,109.0,37080000,542,76,95.0
p15,2019-12-08,4220000,6307.0,604,123.44,112.0,68640000,1032,112,97.0
p15,2019-12-09,10227000,10240.0,995,70.1,91.75,26160000,376,60,94.0
p15,2019-12-10,4841000,9465.0,809,51.51,113.67,31260000,477,44,97.0
p15,2019-12-11,5435000,7931.0,784,72.54,113.0,28920000,420,62,97.0
p15,2019-12-12,5596000,10834.0,885,67.67,114.0,30060000,432,69,95.0
p15,2019-12-14,50201000,16693.0,2340,645.67,72.0,30780000,454,59,97.0
p15,2019-12-15,4910000,10235.0,723,307.24,102.0,27840000,401,63,94.0
p15,2019-12-16,10412000,9443.0,1410,40.54,112.0,34320000,495,77,96.0
p15,2019-12-17,47333000,12785.0,1889,38.4,87.67,33360000,465,91,96.0
p15,2019-12-18,7270000,8701.0,929,50.29,99.0,25560000,386,40,96.0
p15,2019-12-19,9216000,16228.0,1251,64.62,100.2,28860000,424,57,94.0
p15,2019-12-20,9233000,6803.0,1226,37.19,107.33,27180000,395,58,96.0
p15,2019-12-21,9315000,17391.0,1433,349.61,103.33,33180000,495,58,93.0
p15,2019-12-22,8051000,11870.0,1345,446.53,119.0,30960000,432,84,97.0
p15,2019-12-23,10471000,14709.0,1734,627.58,110.0,37620000,539,88,96.0
p15,2019-12-25,10803000,16399.0,1771,575.46,118.0,35700000,503,92,95.0
p15,2019-12-26,3430000,4137.0,504,106.38,113.0,37500000,552,73,99.0
p15,2019-12-27,9727000,13835.0,1523,635.51,116.0,34860000,487,94,95.0
p15,2019-12-28,6571000,9656.0,1096,2.09,113.67,32460000,487,54,96.0
p15,2019-12-29,4445000,5633.0,631,200.56,110.0,35820000,529,68,96.0
p15,2019-12-30,7908000,11722.0,1381,535.84,121.0,29520000,429,63,94.0
p15,2019-12-31,7422000,11346.0,1367,507.19,129.0,30540000,452,57,97.0
p15,2020-01-01,8861000,13268.0,1519,644.04,122.0,29340000,426,63,98.0
p15,2020-01-02,1383000,1814.0,173,48.77,101.0,32280000,489,49,95.0
p15,2020-01-03,4767000,7434.0,876,349.91,128.0,28500000,400,75,95.0
p15,2020-01-05,8486000,13139.0,1010,334.67,88.0,41220000,583,104,91.0
p15,2020-01-06,9618000,8906.0,1348,83.82,102.67,28260000,411,60,96.0
p15,2020-01-07,5170000,10166.0,758,32.61,103.0,53520000,800,92,98.0
p15,2020-01-08,7603000,6540.0,1040,39.32,109.33,29460000,438,53,98.0
p15,2020-01-09,4300000,4662.0,536,17.98,104.0,31680000,467,61,97.0
p15,2020-01-10,4265000,5989.0,766,166.73,127.0,33480000,493,65,94.0
p15,2020-01-11,9675000,12070.0,1433,444.4,106.0,31320000,455,67,96.0
p15,2020-01-12,7907000,9587.0,1478,411.18,134.0,40920000,600,82,96.0
p15,2020-01-13,7797000,5507.0,1074,22.56,105.5,26820000,388,59,95.0
p15,2020-01-14,10127000,12690.0,1109,70.71,101.25,24960000,359,57,96.0
p15,2020-01-15,6826000,6173.0,916,34.75,105.0,27000000,402,48,98.0
p15,2020-01-16,9922000,15465.0,1740,570.59,125.0,28260000,427,44,96.0
p15,2020-01-17,3267000,5164.0,597,164.9,131.0,30300000,458,47,98.0
p15,2020-01-18,7053000,9934.0,1206,417.58,126.0,30540000,438,71,96.0
p15,2020-01-19,7017000,10666.0,1197,498.35,123.0,32580000,475,68,97.0
p15,2020-01-20,7207000,5734.0,952,25.3,106.0,26460000,399,42,95.0
p15,2020-01-21,4994000,10347.0,997,323.7,139.0,31620000,461,66,95.0
p15,2020-01-22,5885000,3190.0,835,17.98,103.33,27360000,386,70,95.0
p15,2020-01-23,3952000,5906.0,505,36.88,107.0,28080000,423,45,97.0
p15,2020-01-24,2099000,3228.0,276,131.06,95.0,27060000,374,77,97.0
p15,2020-01-25,6811000,8731.0,824,176.78,101.5,24480000,347,61,95.0
p15,2020-01-26,9890000,16057.0,1228,339.24,90.0,35160000,539,47,97.0
p15,2020-01-27,4774000,1819.0,743,7.01,122.0,31140000,464,55,97.0
p15,2020-01-28,4278000,9965.0,917,306.32,142.0,35340000,535,54,96.0
p15,2020-01-29,6214000,5857.0,959,20.42,120.5,27900000,398,67,95.0
p15,2020-01-30,5559000,8572.0,899,249.02,117.0,35700000,527,68,96.0
p15,2020-01-31,4728000,7404.0,829,200.86,126.0,33600000,477,83,96.0
p15,2020-02-01,6108000,9128.0,1062,326.14,124.0,29040000,416,68,97.0
p15,2020-02-02,7573000,10972.0,1273,495.3,120.0,31920000,482,50,96.0
p15,2020-02-03,5120000,7742.0,645,70.1,98.5,28380000,414,59,96.0
p15,2020-02-04,12142000,10855.0,1059,299.62,88.0,31200000,462,58,96.0
p15,2020-02-05,2150000,4034.0,276,12.19,93.0,32280000,484,54,96.0
p15,2020-02-06,9321000,12130.0,1466,428.24,112.0,51240000,742,112,95.0
p15,2020-02-07,10162000,11482.0,1454,822.66,111.0,25560000,377,49,98.0
p15,2020-02-08,1963000,2842.0,303,134.42,113.0,31860000,444,87,96.0
p15,2020-02-09,6862000,12220.0,970,347.78,91.0,35040000,503,81,94.0
p15,2020-02-11,4045000,7432.0,530,67.06,90.0,33060000,486,65,95.0
p15,2020-02-12,4301000,7420.0,549,54.86,86.5,28680000,412,66,96.0
p15,2020-02-13,4711000,8107.0,657,67.06,100.5,31080000,455,63,94.0
p15,2020-02-14,4352000,7920.0,676,85.34,93.5,28680000,420,58,96.0
p15,2020-02-15,7883000,15792.0,1319,346.86,112.0,30720000,456,56,95.0
p15,2020-02-17,7916000,10528.0,1156,315.77,105.5,27960000,410,56,94.0
p15,2020-02-18,10125000,13955.0,1568,458.11,109.5,37560000,565,61,93.0
p15,2020-02-19,7397000,9981.0,1221,238.96,121.0,34200000,508,62,97.0
p15,2020-02-20,5087000,8062.0,798,362.1,110.0,26640000,395,49,99.0
p15,2020-02-21,11350000,15999.0,1745,513.59,92.0,30540000,463,46,98.0
p15,2020-02-22,7484000,8539.0,1106,495.3,109.0,37020000,548,69,96.0
p15,2020-02-23,9915000,16254.0,1179,336.19,88.0,37500000,555,70,95.0
p15,2020-02-24,4329000,7790.0,638,76.2,104.0,25440000,353,71,95.0
p15,2020-02-25,4814000,5950.0,537,45.72,89.67,25620000,370,57,98.0
p15,2020-02-26,4045000,6388.0,609,82.3,110.5,32640000,483,61,96.0
p15,2020-02-27,2458000,4229.0,341,21.34,97.0,26280000,391,47,96.0
p15,2020-02-28,7924000,10869.0,1146,1.78,107.0,28680000,413,65,96.0
p15,2020-02-29,10391000,12756.0,1503,231.95,112.0,28140000,422,47,97.0
p15,2020-03-01,10032000,11722.0,1272,339.55,99.0,28680000,433,45,98.0
p15,2020-03-02,1843000,2837.0,270,3.05,105.0,22140000,323,46,97.0
p15,2020-03-04,4046000,5990.0,551,36.58,102.0,37260000,563,58,98.0
p15,2020-03-05,10631000,15452.0,1575,834.24,106.0,27000000,399,51,92.0
p15,2020-03-06,18326000,27701.0,2666,689.15,110.0,31500000,468,57,95.0
p15,2020-03-07,3379000,5593.0,436,18.29,101.0,56760000,806,140,95.0
p15,2020-03-08,1587000,0.0,131,48.77,67.0,22560000,322,54,95.0
p15,2020-03-10,1382000,1883.0,183,0.0,102.0,27360000,399,57,97.0
p15,2020-03-11,7015000,9045.0,863,3.05,101.75,4080000,66,2,97.0
p15,2020-03-12,20774000,11883.0,1615,289.56,83.0,28440000,437,37,97.0
p15,2020-03-13,8165000,12233.0,1410,472.44,122.0,27600000,406,54,96.0
p15,2020-03-14,9579000,14339.0,1534,514.81,115.0,34080000,483,85,97.0
p15,2020-03-15,870000,1571.0,126,18.29,107.0,28800000,413,67,96.0
p15,2020-03-16,56586000,7957.0,2117,238.66,93.5,29700000,436,59,97.0
p15,2020-03-17,10251000,6463.0,1349,686.1,106.5,29760000,433,63,97.0
p15,2020-03-18,11441000,11724.0,1897,313.33,125.0,32520000,489,53,96.0
p15,2020-03-19,28427000,7595.0,2198,633.98,107.0,34080000,516,52,97.0
p15,2020-03-20,9068000,13714.0,1109,284.07,98.0,30420000,458,49,96.0
p15,2020-03-21,5927000,0.0,414,553.21,113.0,31380000,478,45,95.0
p15,2020-03-22,8980000,1379.0,1380,734.36,110.5,32100000,483,52,98.0
p15,2020-03-23,3379000,6282.0,500,143.26,104.0,27480000,390,68,98.0
p15,2020-03-24,6582000,0.0,1053,623.62,138.0,29040000,431,53,96.0
p15,2020-03-25,5581000,8697.0,745,262.13,98.0,32220000,488,49,97.0
p15,2020-03-26,6338000,0.0,538,685.8,127.0,31500000,456,69,96.0
p15,2020-03-27,2867000,4595.0,407,88.39,106.0,35160000,507,79,97.0
p15,2020-03-28,6966000,0.0,1520,673.91,150.0,30180000,440,63,93.0
p15,2020-03-29,3378000,4558.0,461,30.48,105.67,36480000,497,51,98.0
p15,2020-03-30,5651000,0.0,1035,318.21,133.0,33600000,498,62,96.0
p15,2020-03-31,2715000,2805.0,336,14.38,99.75,29880000,431,67,97.0
p16,2019-11-19,922000,942.0,82,15.24,106.0,24900000,355,60,92.0
p16,2019-12-02,922000,858.0,82,15.24,102.0,28020000,405,62,95.0
p16,2019-12-06,973000,841.0,94,15.24,112.0,25260000,384,37,93.0
p16,2019-12-14,1126000,905.0,91,15.24,104.0,36540000,527,82,90.0
p16,2019-12-18,2816000,2910.0,264,9.14,104.0,26400000,389,51,93.0
p16,2019-12-24,1740000,2223.0,169,0.0,101.0,24780000,362,51,91.0
p16,2019-12-27,1638000,2160.0,164,0.0,102.0,24780000,357,56,92.0
p16,2019-12-28,973000,892.0,84,15.24,106.0,29460000,443,48,91.0
p16,2019-12-30,1485000,1858.0,147,39.62,108.0,19560000,291,35,91.0
p16,2020-01-10,922000,991.0,94,15.24,110.0,33180000,479,74,94.0
p16,2020-01-17,921000,993.0,87,15.24,102.0,29760000,443,53,91.0
p16,2020-01-20,1075000,951.0,96,18.29,105.0,25680000,378,50,93.0
p16,2020-02-14,1229000,0.0,62,0.0,73.0,29460000,438,53,98.0
p16,2020-02-22,3278000,4638.0,372,21.34,110.5,29700000,395,100,87.0
p16,2020-03-09,922000,1064.0,92,15.24,102.0,15660000,238,23,95.0
p16,2020-03-16,1024000,1030.0,95,15.24,106.0,33900000,491,74,94.0
p16,2020-03-20,1178000,1067.0,109,18.29,106.0,35400000,496,94,90.0
p16,2020-03-29,1434000,0.0,75,0.0,71.0,31200000,442,78,96.0
