RF_mean,RF_rms,RF_var,RF_wl,RF_mf,RF_sent,BF_mean,BF_rms,BF_var,BF_wl,BF_mf,BF_sent,ST_mean,ST_rms,ST_var,ST_wl,ST_mf,ST_sent
60.6092872226357,63.29280757719777,332.49379336823273,92.77138128294163,1.9890276923026287,0.22933318376850606,19.35723948080314,19.626970304876423,10.515243031337128,17.049186961696872,1.719307660427365,0.2138952218411903,19.17322207235125,19.45389924417099,10.841751166659378,15.257540391857614,1.551365163318903,0.21569244758541758
72.6130857161169,72.87238218692448,37.72386838104836,46.81964030138685,3.7143567697610687,0.21059297170100688,21.157871764789505,21.18219593915958,1.0298871896714956,8.852185375186679,3.1848866577878874,0.20758570099135448,20.77741921573086,20.78640659717508,0.37354995686175985,7.403485978612899,7.024230572842571,0.16887990766990751
73.53172611757267,73.74514493331777,31.43165540632559,37.31224548889412,3.406944496021893,0.19184546503918984,21.255857735183152,21.28030455865942,1.039874050955409,7.4170023590585785,3.140486578831071,0.15588972584776614,19.848732611506556,19.914022658922473,2.5961121769938065,7.343977779872077,2.5423159289780304,0.2187333764556777
77.66767624246096,77.94323091666685,42.879312825117,50.728110196236145,6.242153533313015,0.16835722245000767,20.76943922510962,20.816857597037057,1.9719544897975954,8.052173793689892,1.8403058041332272,0.20744690156487142,19.465103541936845,19.543001307516693,3.038644207276931,11.600542855752114,3.277662241927756,0.16613678950008146
86.30597981628445,87.24498528504706,162.9653053391786,52.070550573229795,2.3456556759756353,0.18739397974387634,20.3083189270073,20.391766211535938,3.3963115848957495,8.546012311317636,3.0067995038280673,0.11847559445914253,20.03493188755603,20.173464696813195,5.570182134558799,13.652316348036276,2.590278570137225,0.20756678014386298
94.0788691227858,95.45238493300961,260.32417397718166,48.932726520507956,2.873467044643385,0.09288316159603108,20.027268915392696,20.09741921626317,2.814758944769545,8.923432188285663,2.095293306625085,0.20589645454518718,19.433935354434777,19.61358202514214,7.014756496628861,18.403858053784706,2.8251313375819693,0.2019551098330655
101.70337133608012,102.33749056940499,129.38623491844598,51.442011788887896,1.7415671543341367,0.19064228375806652,19.71319078956464,19.75814344987076,1.7743414798948487,8.65174587192303,3.263562126484283,0.1419893193167423,18.509085708074657,18.87039119949686,13.505410273194967,18.04328793170935,2.617259691704661,0.1817827663868507
105.83385384722008,105.95259625479494,25.148032976847166,34.999696532248635,2.72932760288689,0.1688889625450251,19.763700134644314,19.802031044700215,1.5165904831313544,6.4915405545943905,2.153259865069426,0.21367546414331412,17.666358363921955,18.060504720021935,14.081612899419435,16.261163466685712,2.5997497127473754,0.17029334429057155
106.86036804150663,106.98281680602507,26.184833785270747,30.237412381093932,2.1251268637321723,0.208710667020695,19.947235695006658,19.971080071465344,0.9518273487324752,4.994190532079823,3.0098050980605433,0.12919655321780438,16.39497858266103,16.549817955536337,5.101151635479074,14.605955100434183,2.2037384594883127,0.20715283477140883
107.6733457837099,107.84321710785096,36.61008391271923,31.146453444556627,2.8905206985273577,0.14733947604626346,19.47690556602784,19.497153901981292,0.7891598495782105,3.228941529912877,1.8437150255155983,0.1594404604270692,15.8111596088349,15.906484616503514,3.023484679010736,10.211884010037705,2.5783045483068747,0.18954671795995792
108.71223024889963,108.8578059095676,31.672901755320545,28.330004123020345,2.2922667940388575,0.19929461684644242,19.10305871718495,19.105669681736472,0.0997616354083543,2.314075410283479,1.6961933046219717,0.21031562796236422,16.008909340874297,16.077866913527743,2.2126262047778074,8.39331787796526,2.6275021002913297,0.1916519417381776
113.05004610399527,113.17662741621905,28.636069194210673,44.180866587518565,4.764835776300477,0.20031908898676232,18.82674863048235,18.833542539594927,0.25586059536266476,3.2181329790363407,2.9455076992115647,0.2386656856849485,15.297731974439458,15.4239481437329,3.8775727787742165,7.614495138105772,2.9145693957547625,0.1180115583689737
120.87513295337456,121.59702697829276,175.03920346368236,53.19032908409726,2.2575128611570383,0.1895054261508235,18.72947579665276,18.743847189168932,0.5385438335145064,6.222525212522044,3.9843459688569336,0.16059206085304503,13.318533186228116,13.503312257818118,4.956115699481415,8.096193920908798,2.844110697376774,0.13140549107323776
130.36580948411833,131.65872994112118,338.77688725964236,52.479619782836906,2.8308770394263534,0.08050969181417486,19.93392104180059,20.074941262904822,5.6420586083383,10.525367174977504,2.064149544762475,0.212172947068195,12.346904983877057,12.46871184471382,3.0227123856185973,9.224296563585527,2.8698752693505947,0.17819126287177015
141.5931321107838,142.3953674672826,227.82561520056117,48.711505656418154,2.21432971972195,0.1563365088514736,20.944623676682987,21.14284561826149,8.34265987976964,15.405448964477777,3.165151814728214,0.11596880341844316,12.425067721543048,12.559987101916278,3.3709681153722966,10.624169090113607,2.4658328337273363,0.20244238145656562
153.92697737238726,154.30177912382698,115.52467777886817,59.01548044018273,4.9692695439477195,0.22074842009957676,20.160784503800038,20.5538595530585,16.003910718190514,22.39225205797587,1.833330242834175,0.20642141470794684,12.043597250201797,12.2047863318112,3.9085746800971517,13.268002228431456,2.5548680404399438,0.19359899083699655
170.81220945700977,172.48281481869049,573.5105081932976,73.27836339937389,2.229710299384434,0.17502896156192338,18.022347534944213,19.01615820253368,36.809262113479335,22.371747703811423,2.80487916350078,0.11083621718002766,11.341255069388128,11.695000637254457,8.148973356460223,14.440761091898445,2.4733984509796834,0.18228033161342044
183.3069236505557,185.0565488619939,644.4980184808849,110.85356881097852,2.9941057937748576,0.13004187055290486,16.305107594049346,17.184723231898214,29.458178903416748,30.494191730695583,1.9672436331837786,0.19006473963641055,11.629207443519284,12.097140995034726,11.102354489345382,21.46606925707847,2.343450232245135,0.19951580056573034
184.29598359964214,185.9502262809319,612.4770829702193,141.75731870916542,2.037802170177857,0.21029413573789724,17.929836504688712,19.581726553453006,61.964977729338635,34.69308328381292,2.1634903672852004,0.1801065253254872,13.956251398066415,15.411916231127188,42.750208829250916,27.417629849486126,2.249493660319726,0.18098971917445783
177.17376175650372,179.93318483686156,985.4091505858529,121.42147083292531,2.939135153961495,0.1039804808362756,22.12604735792512,24.07997119607373,90.28304111859508,31.744806789993795,2.841357768472497,0.10229049066890553,17.47148663132766,19.162673918269277,61.95522658925649,26.144275939551534,2.8387612905074016,0.10380281985433408
154.55925489427267,157.95356390436382,1060.7650766171973,113.58244862416504,2.39857869221138,0.11544794457982571,25.41898701997077,26.269663329116295,43.97031030367507,37.178168894655556,1.7163358325062168,0.20173812744479291,20.028565145346324,20.80047594509202,31.51637776097018,32.93602124057203,1.5670821644307285,0.19888682011801742
129.69437548935787,131.43399801652774,454.26480103405834,78.29276686756558,2.7574958759419013,0.08348091719700305,25.77432912024235,26.437056563125886,34.601918123344774,25.937450240792234,2.8177130465651286,0.13369809446378791,19.142427690431305,20.2554454477717,43.85053240426414,26.380655454200596,2.5634718178244817,0.14028114859876692
116.87901163583665,117.78296193954245,212.12276228166337,55.7500223125856,2.67415548338558,0.16987091261209142,22.902165842176533,23.618280301789543,33.31396415134253,17.42175091308259,2.39363457913663,0.16248890649608755,15.388258158482,16.89668354387074,48.699425629624514,21.045941315212772,2.616121082944195,0.1264959458160128
101.4239685040507,102.89553616658552,300.66997589843976,92.1745508702179,3.8865728521314256,0.25987124756389685,18.945305280410523,19.16987247834327,8.55941866799197,14.881362512803591,2.855885781336065,0.263154948204277,12.195360367735907,12.78623344574552,14.760951230157648,21.797571896058784,1.3962703456473076,0.1964770635465534
78.79157590985997,85.31240736994329,1070.0944168959277,103.82630899152191,2.465651582861446,0.15793872009883378,16.925181328080686,17.000289659543956,2.5480855199859995,8.85370409021742,3.2720239001492044,0.14129768596772666,12.686336984881514,13.441230532535597,19.723532134794617,19.257014181735222,2.136780927490529,0.1488638097573104
56.00915951739531,68.0232976467149,1490.1430728885339,102.19403256806223,2.813270646090093,0.09077137227630262,17.34618663287457,17.484126445417214,4.804486856821133,12.746391143234945,2.065633098468379,0.21296626102713215,16.69844485910121,17.941746100233605,43.06819241280422,19.36892390834448,2.6958750330179044,0.07242081522483108
33.890221791465834,43.41395070003905,736.2239823106758,95.40713880842114,1.9679925388413053,0.181434078508304,18.10915078163931,18.343140666022844,8.529467461353294,15.491428150132112,3.0449196001400183,0.12827616741740552,21.58788690199768,22.47254957738175,38.978623614437595,18.842437185922158,2.619553261385992,0.0935086786300544
18.818607212730573,20.41150044976886,62.48937318387919,50.025836467497925,1.9441228079317538,0.2351010352505757,17.747700216213882,18.067315815827587,11.447037824255471,19.864931384237188,1.931990717377387,0.2081932318932691,25.79407667991386,26.12260084950379,17.055883373220365,13.890997572111363,2.17154160954807,0.13663074666580255
14.85845727351012,15.096640434160253,7.1347998495964156,17.11596019808536,2.196586148758788,0.21300727782276868,16.46720677246424,17.160473385014175,23.31294791068764,18.750285970700908,2.7805412759777646,0.14062493236398105,28.431597143802964,28.491837478774485,3.4290867693935727,7.8641394195159045,2.030397482633445,0.1529109077239493
14.557426038862864,14.8473045695791,8.523800104881838,11.898317063005177,2.98845391621194,0.09867782939672076,13.97018737327756,14.814857404261007,24.313864664103484,13.856169057915249,2.5083901746742723,0.15140676905463038,30.415819355258417,30.48781137570477,4.384575428840642,9.007566927640088,1.8835265155324288,0.1871753980143944
13.134426822553095,13.330881336063161,5.1992292391949055,8.870993789292866,1.7258243688560153,0.19008152640985032,11.43760769847841,11.671351610106155,5.401578542434968,13.295492963077054,0.8418382408327161,0.19087143285394215,33.16902774474884,33.42717077143775,17.191344250943608,12.701879853959515,2.4356779130159856,0.1422670425832733
12.407231125330735,12.45265112241171,1.1291357791258216,6.523985224155195,1.3156455616778515,0.17311599075607279,12.267535528015694,12.788938365367512,13.064516582041733,14.15250939063307,1.7035537440049329,0.17435120640841809,36.47673327969012,36.83429655690398,26.213332084295534,14.071329857420025,2.7595589966482867,0.07137720286454596
13.09015806899144,13.176347862776343,2.2639047297088863,5.305541923636577,2.8464292115689767,0.09197993922158032,15.693431119060724,16.679246561422126,31.913485568008337,16.479548747499564,2.7819744156452906,0.10632140320558135,38.78832543196556,38.9641027828687,13.66711585789002,20.35523200185422,1.864089280206174,0.18298330140136318
13.28165971270033,13.357371994003978,2.016901862234823,8.433725195636384,2.049990955705229,0.20938229079421194,17.544245206059532,18.188981819400524,23.038519776139907,26.126888555918086,2.2739684094409545,0.19221736296763767,37.85390890295069,38.20835919841105,26.96029340191246,23.186433399258036,1.9566930860211391,0.18412039464608493
13.102876376946547,13.205504501149791,2.699979780343506,10.101208232371448,3.1613556691954363,0.14905675813991742,17.161451199588324,17.962486917308098,28.135528978613216,26.108296260446366,2.456556479230397,0.18513194719550244,34.90079954104319,35.515495710666144,43.28462697026497,23.26034299760511,2.895170871397865,0.09379473760292155
13.529579999609302,13.68121372402248,4.1260739965530515,11.779100241468033,2.1014909233010033,0.21175918374313596,15.742727474767207,16.705051920708208,31.225291328766716,23.973241361138463,2.6805307908805367,0.15518300100840401,33.92065507104508,34.44908572853001,36.12866708279355,37.50112248078195,1.6163181854406095,0.20134158067250985
13.971913933847505,14.187571857454548,6.072816235594217,11.521772755650725,3.0570130910034115,0.12841161896203737,15.111213457221986,15.90818532843147,24.72158829399544,30.368128417593248,1.534368296157652,0.19532514795332195,38.66701387941884,40.72178507827005,163.12581760964795,51.36377208783835,2.198462606063928,0.15392343685101192
14.822455932523043,14.98702195752527,4.9056272837570045,8.81604681534792,2.2662732620388693,0.20158127777278903,18.38435724229583,20.1916605270726,69.71856362818643,26.61348976412132,2.6047891303204103,0.10034685044068725,50.70757103326599,54.399825166087986,388.08321800722405,57.18284601065075,2.6512818327373786,0.07171958783312404
15.99182348135699,16.013021908476972,0.6784523824827461,6.557349022563756,4.06779019454771,0.20033298915148587,23.692140918764935,25.00065028540708,63.71497337860943,27.412117097742833,2.6094954154152825,0.1231194365179666,63.608481199659565,65.89633210397507,296.287704229932,62.39597724693213,2.573319550670123,0.1244910397175073
16.253476808044326,16.264339430771063,0.35322876969961825,4.287444478525099,1.7797727341132148,0.22940326944619768,27.33690669143597,27.690972550922798,19.483493359683152,23.916183778824443,1.8687254848773163,0.20678822083697726,70.42482685808012,71.09561575079192,94.93034099368705,55.371503847339426,1.7867471933632446,0.2054446691409659
17.41712720328552,17.616858250762228,6.997374612020674,10.509559178969358,1.3981087267192747,0.18444285383667444,29.75359319215355,29.845817279689648,5.4965012484549085,20.560722493803606,3.5717385672114936,0.1769919125486171,72.65042710064421,72.9740263635336,47.12396579967839,41.40005005895486,3.2585132424180907,0.11857279212294404
20.34229337133719,20.876370621954905,22.013950739673,13.125551230161332,2.7127473171475347,0.13372981548462012,30.691069115049014,30.83157115058462,8.644056188846275,18.719251338299813,2.835099720040925,0.19444825604441704,70.80778515343205,71.04715626027401,33.95597433720099,34.57582020013062,2.4153463334364647,0.22000130569934492
22.345646583322576,22.733728367411437,17.49448425649161,18.6219248279612,2.6393878860223525,0.17280149865409727,29.42895048402361,29.673812133569186,14.471999947244331,24.832932210702918,2.317647956299588,0.2118603798129169,65.48149401566191,65.71540279239895,30.68810564406951,38.59127360531842,2.7276915560012713,0.22415348089536302
22.972938057980855,23.223975479257142,11.597154045311793,19.773312532169207,2.1399758840932543,0.20258939275269622,27.527625802555086,28.15860107370666,35.13663210265714,25.201060307635046,2.6984383060257575,0.15789414381593916,61.54245790827108,62.111988808865796,70.42502840135319,35.216494560662035,2.8912391489565956,0.14300163618707404
22.385632601937502,22.681357931020212,13.327450606126366,15.34259810001614,2.766297868273616,0.11955724291660796,25.734439823536405,26.383692197757007,33.83782095476753,26.83520377039422,2.3997016395386472,0.17495310268524775,59.54209849032214,60.05493225439767,61.33339544907128,38.76011313277078,2.2566494047961063,0.19344836401257068
21.771227322751283,21.98367467706624,9.295613168171565,18.54909036008294,1.4139556541268494,0.19756734539986934,25.540920823053604,26.1651280616531,32.27528999321314,31.5991475456238,1.8452297714382988,0.1911800206788399,58.75168809206945,59.1378904235066,45.52923007485883,37.60915585316363,2.4217435466213177,0.18315592587325755
22.76805719255955,23.11679171660406,16.001630945191327,14.960790458736529,2.880677665252036,0.11489008601563601,28.87436144984406,30.002715861183606,66.4342099106775,23.63274339072111,2.773740183703008,0.07532848316768913,63.77963647486707,64.68681657418509,116.54220963607408,41.480349222594135,2.6620428846654756,0.06502914987456475
24.220505686162927,24.460955260507404,11.705436563094203,14.96971675566532,2.329996515169978,0.19368945154524278,34.08214980060161,34.7711772829434,47.44183461123035,21.79474727082935,2.395124821086286,0.1455839009432766,77.55467826701168,79.70862714770686,338.7371206724594,68.19587466731006,2.320095712462317,0.131063868672596
26.250889222524183,26.334448138824797,4.393973803216653,19.023797224575244,4.503410433868442,0.16323861132082246,39.48405006550609,39.75181953714041,21.21694693798697,21.797315155156436,3.148203322176908,0.16534498904192427,96.91232869246666,100.77653497683487,763.9105493405212,84.66852390836615,2.622465258867711,0.09676588460475062
29.310431630418844,29.731126648078767,24.83848940264214,22.264899956763994,1.992807574878184,0.19661061551285922,44.525390951173485,44.91137947695632,34.52156716833117,17.989752586307823,2.576748578695897,0.14793397154308943,118.62269256576661,122.35432290026058,899.2371408288476,88.68382049455556,2.6678360935999517,0.07278171517857851
32.822746125245466,33.615707870021545,52.68315240031223,22.609637063097985,2.853464729704661,0.0903660239860329,48.16431891788912,48.54320036151326,36.640684513888424,18.333947659895955,2.837769698859141,0.11788507791971596,134.0626736599128,135.44957275055773,373.78628946435674,97.17937334891434,1.9787999393468183,0.17993594339149097
36.3945526547178,36.86560413863537,34.5093055695435,22.71934217004992,2.250596221356691,0.18261275189814774,51.545077848309774,51.70571572406582,16.58598814959215,20.81773885181019,2.2318679817497196,0.21624353474571087,137.89279650009934,138.53782810724965,178.30649005604798,80.97292596970306,2.418030079935406,0.19281836942770236
40.11784215116551,40.215590979567395,7.852498970030647,21.9582822660152,5.460364312355908,0.19919201527078315,55.58898164216349,55.71692485823389,14.240835645292918,21.519871776044,2.3948419352630776,0.22130204937824938,140.86254561214065,141.6408486935088,219.87326228504497,94.7588212658666,2.492146469624235,0.2037270432810365
42.35653079277619,42.44324379297741,7.3532428707171595,16.871245539195748,2.9860614081104497,0.1989264873563222,59.07229284283016,59.37368944273299,35.69921633302084,19.908990403363056,2.768860962032554,0.12522967120035156,145.00847970164438,146.32858187371176,384.5946877893634,102.23573096516233,2.776330840890478,0.17657300511375756
41.42230377121103,41.573137259132835,12.518491852215236,23.537131370847092,2.577019088436004,0.2143380704826066,61.41590517666013,61.64899230382698,28.684843408808455,23.681538507784133,2.397943022006764,0.1800068950102569,146.39028514312062,147.6784947101557,378.8222155733264,104.17337048465605,2.4894671857151014,0.19613966692708049
40.21007962311207,40.48771019691423,22.40417369229991,24.767487369428828,2.9623656654431767,0.16066251381394717,62.5836716724067,62.697842420223076,14.303484151522836,22.2086250143277,2.2070747839675278,0.19893489782888193,150.10599115428144,150.8794814300605,232.80933619475127,102.09145483671468,2.9420158148835798,0.18242126262521674
40.05094497930825,40.33196700351262,22.589368636853543,27.149650201344777,2.1721188498570183,0.20186054820608443,62.23127967088863,62.347876705891295,14.525560256665347,19.240871299464473,2.578760836692594,0.14802375495642378,151.47778181522386,152.1323892918933,198.7454879996113,74.46377324446416,2.3373149898724224,0.20646804032103255
40.91229039193981,41.344619896379584,35.56208926169587,28.25679595083865,2.395793554115779,0.16641714346366773,62.95984920468141,63.172512172477944,26.823682305651964,27.80019930851944,1.5682681000335499,0.19492683549802609,146.45034946929167,146.73549828993904,83.60159871904769,73.97272191222552,3.4968395787791318,0.14711279836551075
44.30073508474015,44.86616492496961,50.41762602624765,20.352054139014633,2.6735158037175792,0.09888879946332588,67.09064100492236,67.68716545498499,80.39825687914261,27.01307227302202,2.6983214080232933,0.11008772254868146,142.30206525753925,142.77482247589919,134.7721564635687,68.07852011554607,1.8201190262358888,0.20509993257225304
47.70847294793664,47.90147322925489,18.452746509020272,23.491672179070328,1.5470753909426325,0.18685371742923762,72.75153150366891,73.27690925225535,76.72009343393276,27.244626990264372,2.5563489836392406,0.12493231705186804,134.27288233693614,135.9252025668223,446.4537617629762,80.93242925847771,2.513665071580031,0.11684777567687749
47.073492524555625,47.362248937231605,27.268925932901144,22.666625174931397,1.9870349200706878,0.1742682078645743,77.3282098387824,77.46484564605223,21.150274095933003,23.01943518859666,1.7164768724257773,0.20016409601339016,115.7413092633156,118.93314339946899,749.0419288921927,84.20616217092335,2.64877410693072,0.05104752830195721
43.696257433921936,44.20835230496578,45.015499788394465,21.53664883836234,2.856700554112537,0.0866987145927619,80.25103688591803,80.27430977550408,3.7358886686178634,17.012205587173682,4.075682801048123,0.2034710939049777,95.88095551386596,98.62812697996232,534.3498013236251,70.47453107580357,2.621444578988493,0.10434509870846255
42.11752965260586,42.482309241946645,30.860294490250507,33.894719472067386,1.6828549415572904,0.19992084858198775,82.76691726179143,82.90225322838505,22.420997323049598,22.645307886917507,2.0109790157978695,0.18334284956675836,80.9667278832569,82.24037382146582,207.8680621730734,48.20463626315899,2.0216178351373966,0.15891596624473
44.61541331381752,45.494651506714376,79.22821055462383,34.58575190826364,2.431389283191608,0.15608898189729592,88.55274486553155,89.14392897673648,105.05145018951342,32.531160718634666,2.3760067193476093,0.10929322364594289,72.8490449083901,73.00828485827707,23.226313882692462,25.17122561757307,1.1406194258823923,0.17172880199085172
49.46156847603492,50.40783657500332,94.50323206275174,33.22689648813804,2.7031998130249004,0.12127455816689717,94.96713246102729,95.5017933227429,101.83627998959693,45.593599778461,2.812748898545975,0.1232838078118961,71.79649556599996,71.84128453971776,6.433388758038596,12.353290790270648,2.1000303541456637,0.1895981379204347
52.20406687860478,52.65010186453675,46.76862768025538,42.54090265835186,1.5028390918904235,0.19967195188927853,94.13829185632403,94.8833053501042,140.8236405346667,66.8979535617919,1.75774962759979,0.20568722127291947,72.07355262427416,72.12949192018539,8.066616780073366,17.929850969187683,2.7503487504770825,0.17271287680183853
49.67167720409045,50.63252724883105,96.37729933626092,35.43953090767325,2.5884547725701275,0.1265656413856793,87.02993186353356,89.02472450917729,351.19253376361814,63.22248929779598,2.7896672966381106,0.11665766199934775,70.24514513494827,70.46061525511114,30.317887098853188,24.93789366682632,2.0431598174918113,0.19643227998235338
45.0027052271443,45.952026901992646,86.34529864021488,40.19277679144328,2.4768966631313822,0.15551619223291432,78.04564860903027,79.87329163790261,288.61945026921626,65.9318579332432,2.329865169212884,0.16661196327584157,67.84176340954626,68.16989425050078,44.629619607609456,28.254811245892512,2.966156278342919,0.10783676692440174
44.06174839643746,44.820892828383535,67.47476218248431,48.16145680766023,1.7768124349700267,0.19998512554168746,74.40822943175785,75.40771617577187,149.7390516766517,76.61843976698354,1.489811600006381,0.19261757536401164,67.32328212138553,67.62629818346421,40.891890403145915,38.07109376162339,1.6960725094672737,0.20373119354597224
49.33465894271629,51.124066744122416,179.7616274633474,45.789071795847605,2.6763085248641825,0.09795083494431021,84.3166442524508,87.39339553118232,528.3090844753324,74.64091039470867,2.4846993761825793,0.10773470913744936,69.31831262415203,69.83315864782989,71.64158167330463,34.77453250555435,2.831998627695733,0.11393858403959185
58.941491945812885,60.52161451075761,188.76635019042087,44.25405792157442,2.5512221661904366,0.09302221205783497,99.70553496779918,102.3933519318439,543.2048166234138,87.32885797360774,2.7096434173835577,0.10806616624430473,70.67854367552187,71.14035904787015,65.49414936722928,47.97710904805121,1.8685139528759471,0.197553192930622
65.45024009070762,65.90066374596657,59.163554227679434,41.68855190571232,1.844102041277749,0.19396566212448874,105.45924838763028,106.85510094557497,296.3595276051181,103.46192114347981,1.7758945908803088,0.20576610373380366,67.98365993940662,68.97995407930995,136.45604602682795,50.57162568485219,2.497860171397242,0.169025853284217
68.22355633742441,68.38859714073723,22.546579552330904,41.68005922296334,3.437849120782147,0.15770450867120422,103.54856557921187,105.27977470482803,361.52552838700785,96.1461594600025,3.022529157152175,0.11912510367166854,65.9966282897255,67.07029344542545,142.86931724328306,67.57403748153547,2.4946759784796497,0.18466609081576488
74.54358912084514,75.61463894098465,160.82694315809158,63.1148497947637,1.770766126984843,0.20625255292047698,104.02706165950322,106.00310910997058,415.0295834702473,120.33568732294682,1.775791617340237,0.2035599295377596,68.97236650518765,70.82939572051384,259.6159568072128,77.18378146591168,2.2545568827226132,0.19066945990034906
84.18993116047326,86.69100977457335,427.38666692994485,70.34203391741661,2.8182711837133843,0.11768476450753816,111.11798369631656,114.78108365787801,827.4908649419222,119.23945186644859,2.716353264960782,0.1417014123487982,73.38380449624472,75.4319811193785,304.80101325121063,78.2063730471638,2.842466477627988,0.14395061192867156
90.9348949630502,92.7267404776285,329.09327766449564,91.60554253448926,2.219911817446294,0.18945516200736742,118.42240446726632,121.48070346627475,733.6954348521627,139.7555595603259,2.278516273342014,0.18764364547512988,77.58065506554803,78.64986480745195,167.04319383092442,78.17049076284772,2.080699811891371,0.20963027952005653
91.18770091297596,92.90394164899438,315.9455761253956,90.74648596109915,2.308288990338988,0.18471622648282832,118.58468039810414,121.57624174994844,718.4561329214007,139.91180876078317,2.4052298234021756,0.18718014169529057,80.8339687292028,81.50403333104052,108.77694871363077,67.16155597877675,3.00526620779943,0.17047298441985018
84.70957509266503,87.01761402060393,396.35303745894817,73.76597517462211,2.7047949536410485,0.12672743776012335,115.02550144161256,118.24164022860344,750.2195020560807,142.17519747751314,2.6033777267019804,0.17129312366391058,81.06931750843941,81.75155097158822,111.08184497602386,60.17735614425537,2.24133389671892,0.2015999805079328
79.84615841412251,81.17741383924879,214.36350413551102,89.38070311046049,1.447160916637433,0.19807629545436675,115.6870729161295,119.15295160672918,813.9270366936826,153.16684256988742,2.072447270506473,0.19516904107784372,84.2951292659066,85.2122533975649,155.45931113490616,40.105520710339874,2.8007004710069063,0.10134864092162471
82.88534593406803,84.67299002210217,299.53466867288677,73.00741070664763,2.9109097812457687,0.10727734865962052,117.9046426913643,121.63470975252548,893.4978484028318,168.366285547811,2.8006802229060237,0.16002571586679726,91.62684139840981,92.00901277259761,70.18036673868679,35.950043631576605,1.6111383375156976,0.16347125629400808
85.96567971519113,87.35686914509725,241.1244979388189,86.37207533982563,2.0316585487483776,0.20384792135962368,114.09917805939438,119.35058797920071,1225.9404171515491,186.30710313246504,2.1595373846117836,0.2016112529061389,94.05257457890474,94.14425469135772,17.25390647079286,23.45129265209819,1.7292824642733888,0.2039926751735737
87.56447072398917,88.66448393757078,193.8541787433889,90.81612497143855,3.1590249722043797,0.1468054823076783,111.6023336521969,117.46806262773998,1343.6648608983642,205.73934606577734,2.9455403937624207,0.15629970717987912,93.57890617625384,93.68450606701292,19.77499587606294,25.267325420252376,3.2273081136713584,0.14771364524943562
89.71516740613878,90.95190425602753,223.43762508609416,84.17248044094052,2.1433900667020036,0.21134497063909624,111.14763392032381,116.84578067772925,1299.1399361016906,209.42642694001051,2.228051805419566,0.20482884041865154,92.498895405753,92.59700329870984,18.159368616844574,37.00532060368363,3.4315871239767937,0.21786173244934093
87.66824160195152,88.74938121852081,190.7320810921907,96.97026490321143,3.357192681309384,0.12441177217957684,107.33490140660442,112.86564712192272,1217.8732402848932,213.39889042550448,2.8653796122805266,0.17336164227833664,84.26815306136723,85.34490455450766,182.63111304400664,69.2856298394617,1.9279245870166855,0.21724850055013967
83.29206195241491,85.24220592565356,328.66608678660384,102.35738542382526,1.8912038438154524,0.20570249411447786,104.12378795687975,111.12804254728655,1507.6786219022758,209.20148671131358,2.212646536688286,0.19746626000981948,70.89396037611526,75.10402997421552,614.6617005576636,77.14581121570619,2.68203619676651,0.13614834807210804
74.91767632072236,79.39116861987269,690.2994295325318,91.20035676296114,2.7989788194518077,0.0995618555349161,92.15448977790456,102.50490794668988,2014.806166933449,146.8097302894658,2.841471733161817,0.11401581257109343,56.35548982014366,61.86686152033005,651.5673215073787,72.3198465232239,2.6461241338968864,0.13159183876676556
58.90786522375778,63.759689633364786,595.1614369225947,72.007898849457,2.3622634539914333,0.14165349968165108,67.54643828244333,73.6892650649211,867.5864611642767,117.83039896644004,1.6833521370291806,0.20033254349932528,41.75696401497954,44.110451550915975,202.08789227740976,61.4821248297321,1.6196861788707926,0.2039104396187628
44.28647253286581,45.67095712643954,124.54467544080049,44.738677119521405,1.4764811972653293,0.18917423091374613,51.07617123865716,51.42152463366263,35.39792724974242,51.74739172130841,5.318349245093503,0.17814645144730704,32.87375607450962,33.08468881273234,13.912795388978356,30.17975579128028,4.083932718720391,0.21436391228914203
37.73017550435503,37.80311372738157,5.50926389591275,15.408542921196087,7.135261630200685,0.15773520084507872,48.08488050459644,48.30046834860906,20.779509553666575,27.001754408109534,2.264314277855811,0.19314328600293043,30.468071742836194,30.755962847729414,17.625854964298632,18.243532947608596,2.954145194382729,0.1399152982061793
35.78562498010369,35.85612917715116,5.051044351929571,8.904275091040162,2.521023214757187,0.14164688972040707,44.208651392076916,44.93810182048166,65.0281373217932,27.940346845652204,2.493511374087853,0.05889149469477199,28.664527482523546,28.957614302303252,16.88829028461014,15.60300494685104,2.544930949973113,0.18682781133344933
33.573948039922755,33.75437442936555,12.147806130374242,11.082497862550088,2.5616300492381905,0.05257357583538252,37.43113038253531,38.39998507575057,73.46933210350885,27.717095057240158,2.784306512492897,0.07411807380201081,25.431163081715237,25.558335445380386,6.484455049791489,15.023840429038778,7.208063957308241,0.1591061306865256
31.226984233910375,31.371841792500092,9.06791310876843,13.15854061518434,2.6967295133113374,0.11941444540951295,34.18476748083065,34.76700831960726,40.14653977718376,36.59995449327362,1.9737343843437027,0.19236072274692914,24.308197505243243,24.379092548309416,3.4516875251219106,14.089752138771235,3.707034117637478,0.1550316862129098
30.86187343963902,30.972073182759054,6.814085033885894,14.869249093879034,1.8927062010279647,0.20944853264260324,36.03081818107041,37.143806863327114,81.44252950279301,39.22105796338529,2.2377168155819045,0.17833710756998414,25.421156425881836,25.60207348923444,9.230972919007627,15.84499720239496,2.397697111715758,0.20928215395667737
31.130145191077112,31.261823749172155,8.215684506762933,16.30910321467938,3.22203230880748,0.11632668858465302,40.48268654547919,41.81897746117792,109.9789659589853,36.0601898844711,2.826188213372465,0.11390763802931327,25.561601067877017,25.76122517508197,10.245273367985655,19.497655740866847,3.100625178866823,0.1622343635182262
30.577375035103923,30.788541211319522,12.958405883724044,21.060911079015575,1.753794999287719,0.2048657117986983,43.31057828224888,44.00483551995103,60.61935799513557,46.994389300479995,1.5122873071673517,0.19962822012849726,25.628091819470384,25.813966832068953,9.561793299951239,18.40568934851494,2.371194187047871,0.20706840551911534
28.29737566986444,28.97219180264102,38.64642804758361,22.454951798253635,2.5825095356232883,0.12158202310031176,41.64230915169736,42.72573688005049,91.40668045776849,36.80681866763774,2.729993587180526,0.12363900465196186,26.12678046678586,26.286966997176542,8.395976351025768,17.93174766995702,2.6905916931131295,0.18121557491257517
24.234299524292602,25.103755006426756,42.89724198956798,20.173600398798765,2.6138443445742006,0.10797957579242348,37.46191452183897,38.451912551564924,75.1545392316265,32.909122241974096,2.4652785695934494,0.17488346883866773,26.26184546790008,26.43817854863955,9.292757589880615,16.949691560908427,2.340982093855619,0.19134189701850426
21.016287096514965,21.33638490649868,13.55699755512332,18.527176339751016,1.7233076224032766,0.19518027667758833,33.1160529121174,33.3850508091398,17.88865705068707,30.332813901076808,2.890547007570517,0.22504079211284383,26.325715099460858,26.502733511634784,9.351608090747742,17.045627233090194,2.6109691050752866,0.17978691247213574
19.98020204469189,20.08015338423332,4.004086187626913,11.186188273031142,2.766890347429322,0.16070822111216257,30.56056573525682,30.690852834992203,7.980269680195986,18.737674674482204,2.4535218955002525,0.21667521738157552,26.082115612362287,26.30256888634008,11.548375204032698,17.7515462214104,2.2225748255480178,0.1928341732275723
20.379052637235713,20.4642636472875,3.4803002344687717,8.50726490361238,2.1077687018981948,0.18390263731145587,30.562336154158473,30.696120855424248,8.195444371029279,17.818550491384823,3.223467736244784,0.11922968054988324,25.46213309587166,25.714077490997507,12.89355942114185,17.33711626066491,2.7632122513366792,0.15029902323937536
20.69758908045346,20.74432585517752,1.9368614424800854,7.537621138278009,2.179381262038417,0.1865699478112428,30.80220449788042,30.955853090456362,9.489038628671798,18.112317142234083,1.6696856651506162,0.20260112473621045,25.229913469998635,25.451358238549876,11.22310248338188,19.090213635031876,1.879810934279368,0.2013893668122017
20.364331572048396,20.41627156180485,2.118144109034314,6.209382881566107,2.7354350098207103,0.14571632942833646,31.969724148891583,32.25694541558297,18.447265387677223,15.143410822182322,2.752587156921202,0.10390186077691181,26.21105470289672,26.52100886109976,16.34452237228756,13.479541105503841,2.94276528014166,0.09346358961486588
20.355724879705143,20.41449885690927,2.3962282005029882,9.14961746769756,1.4633325411901101,0.19473519802269296,35.219377211156335,35.542611984268206,22.872735522527528,16.944437606759728,2.6502196656618113,0.09617993555482518,29.51681098019385,29.846936047171564,19.597460963457053,19.785106888623847,2.9626285174551032,0.1532303254831044
21.362771033019655,21.512471676390863,6.418451418295449,8.8061069510725,2.705837313012745,0.10514263469065414,39.807940405847724,40.10691056201275,23.89215547376544,17.492849080536345,2.6251718640129638,0.08351495534366446,35.613799930416754,36.44001808016984,59.53217219935291,27.691148688382967,2.238943959965124,0.1716993427491781
21.8920706874596,22.019481796790508,5.594819614460636,14.4517999999739,2.102947699388703,0.20036758991611806,41.83884350309492,42.03662149020657,16.58872063442861,26.44394248084894,2.6311885955312464,0.18350906072748316,41.86679597964863,43.01114976401449,97.13039842096083,28.904847655369707,2.8635697204378667,0.08699401737083036
20.915421394445193,21.23508403617589,13.473941916236576,15.464781888593938,2.4515245403557366,0.17837438147128407,38.11966195960461,39.34879450779685,95.21900130229687,42.33121586704761,1.966353898788885,0.19538306340875436,45.5411629362416,46.17964550509205,58.56213739066266,39.01573194133193,2.069982428264984,0.1951554227546385
19.370434395997275,19.78323273299029,16.162568678024062,14.316233814682633,2.784706356541964,0.13713899657437684,31.52788042673831,34.42030420309211,190.7500972306917,40.845606406744324,2.8898336769730886,0.09061769650067149,46.784134496415916,47.14983461647246,34.35166378197145,31.971585423365042,2.708486867791714,0.1754174691906153
17.583261988289934,17.749496229810607,5.873514263219354,13.233147803656259,1.8725875886206014,0.2136510042316763,24.308689623013702,26.784480351255155,126.49599649875923,39.778336588721736,2.210540872664777,0.18084532263069417,45.06288765962574,45.4589953522912,35.856414215582774,20.50252611208417,2.59994384793582,0.17152068415628802
16.52568025836874,16.55828857634729,1.0788125757548244,7.405198280383825,3.3045593715935375,0.17629446893472459,18.957766002239087,19.420836623662282,17.77200336733008,27.73321172880821,1.685391260024862,0.21670907249626628,40.898278695459474,41.03890328110113,11.522382264098617,20.030656859583694,6.347599158118822,0.2341590739025596
16.803676643772114,16.820294929619383,0.558772770927023,4.978411245813003,2.9819494620900606,0.22729282821844327,18.9760524650164,19.26094308537815,10.893361383121132,12.105988885591511,2.5570992063774938,0.05814491536909682,37.79345874062551,37.92389337956034,9.876165484897767,13.14439494865815,2.5259332528513996,0.17108142335107457
16.689073771110344,16.708526574243137,0.6496769446259196,4.03868733673524,4.200375018732698,0.19841702608979608,20.32954904356232,20.437751888632764,4.411137946706536,13.698255864376863,2.068174280087721,0.2049142727818624,35.49413638329214,35.73391436509467,17.078918256176806,12.048771339200542,2.714266159002457,0.07006370083961577
15.711513276193555,15.757220696624012,1.4383546541098258,4.609707423738996,2.5653785774202413,0.16356979386611772,19.54607352289561,19.8040862322935,10.152841333676228,14.480525984842695,2.3198359026853845,0.1828600902912309,32.954815845286994,33.092369105127474,9.085005593216506,11.378849908907622,2.2720137853956848,0.16241525848147248
14.59949216451959,14.699591247867033,2.932811392500215,5.51991961707013,2.7031214523293072,0.07877315090636043,17.37146678774493,17.92038995036931,19.372517615572225,13.097538049470955,2.7301724733151604,0.06886369848292603,30.57404523955077,30.63530079855216,3.749412707673546,10.287436800917959,7.283772340212121,0.1839786119838263
13.035050558018511,13.193425688604341,4.153938350626236,6.703868001575588,2.5864494094692647,0.03688490887826078,14.93790789407397,15.26604373554291,9.910999083671566,12.993287882681406,2.1183289833813364,0.17230706301019294,28.531790395626544,28.637665301157067,6.052810721128567,8.713262502803609,2.7110093477687767,0.15633053135208722
11.701177465840367,11.80515476740705,2.4441249953429947,6.6053895138819065,2.653414535043278,0.1300126645174909,13.24785592134132,13.31041751211055,1.6615278340809276,10.004256517007848,3.375154934574921,0.2258935174139643,26.97268450060582,27.108362007837176,7.3375815787289245,9.300943345739817,2.677216672994185,0.1061434945810684
11.368374088484284,11.428314432231266,1.366441346224571,6.993341750372057,1.823672343574064,0.206761683027131,12.332929770746137,12.37301726636403,0.9903995435861147,6.972534263176554,2.9919848589820153,0.22275148407250864,26.093204777183583,26.15478194504521,3.217283048826811,10.587381751990165,1.6117968917626866,0.20294652603649888
11.813107139434814,11.929124044429159,2.75450017961209,6.7790592570159856,2.7750855661403735,0.12147051388918588,12.585116945871,12.634364678714212,1.2420022934918358,8.995406345898509,3.2143433057265907,0.1886718406614665,25.83726296535454,25.878725217127727,2.144261322721318,8.435444808510969,3.4067188671671667,0.13278568156617546
13.456202804153953,13.685087836815025,6.2122351948217736,9.173108315774876,2.5272256621382834,0.0377291387361357,13.60365648139371,13.82263039937322,6.005641493911503,11.371858336872219,1.9477126314892175,0.1847474018895116,26.689255090991505,26.750119373792053,3.2525492001089384,11.642286935527217,5.107113290087083,0.2204161621816108
16.08662757458044,16.418848671523577,10.799004975139733,11.218697301999416,2.6023658512150143,0.10162557539788845,15.29985077580906,15.702899786228386,12.495627934306377,9.734628764414925,2.8001733825021704,0.07790901860929193,29.39947699274186,29.611235046194967,12.49599351424703,14.690300816979086,2.512124953148082,0.20760869091596054
19.144648207177244,19.595230834047808,17.455516463043026,13.716849279661075,2.6641800582834727,0.06218763643971632,17.72051067973455,17.99993651229668,9.981215696124998,10.938324129669843,2.5488964245389942,0.1431497957632944,31.448010378509263,31.702495524975152,16.07086574424311,14.596968130620606,3.122862925173774,0.11359122365265033
23.419617336289217,24.06340003736419,30.568745180000313,21.290217714137427,2.5105410508681296,0.058273652564624856,20.45420607793773,20.605405560080346,6.208192016645248,9.71926780871988,2.8795309711408787,0.11181669350859946,33.14621921688818,33.292602555962894,9.725536575300056,13.720179656497308,2.105004603770981,0.21762862719460097
30.026808792558196,31.306314191908708,78.4760620176548,30.02731252873146,2.4000480030143665,0.10730111072822054,21.648852410667022,21.721759910444714,3.1620429081597052,10.362419803856664,2.9920572901625664,0.17479488756592168,33.73451768715911,33.81061436917612,5.139960435888143,14.166332401069283,1.9141811204941894,0.19434404513863382
37.27165586729999,38.627804871907045,102.9309781316878,29.257813092073263,2.8081231371010618,0.07765377295366337,21.22624551716319,21.350993696921947,5.311433091110385,12.052294992854605,2.405071379272425,0.2052218620924232,31.07265856213922,31.378241929495445,19.083956466662222,13.714544278821112,2.6037677475072654,0.1423880237574628
43.88906332402633,44.68184711749754,70.21758237102996,33.74275428133882,2.6552193736278493,0.16774036944169918,21.1324916497718,21.267399728469695,5.7200878828378885,13.95358379392858,2.9568567084327277,0.1678128668929075,27.866436748098874,28.259742232055842,22.07473398644522,12.274388356927961,2.8868926538275956,0.09523982976317587
53.178075186097196,54.10386546309973,99.32057755099038,43.85366412791858,2.6644778269722518,0.21662977839469014,21.125507752963696,21.258652587016662,5.643231994941018,13.394527218095295,2.210921932520997,0.2026672848960031,24.4928472055272,24.81739985511566,16.003771335393157,13.971547635012566,2.3313994287024884,0.15532933767603702
62.33022156958836,63.65449737238979,166.83851481760053,35.79512684771397,2.883257024202541,0.1179291746171733,21.394280648519334,21.536362058878403,6.099646263488293,11.927725099554596,2.7366387014334994,0.1377174107396013,21.65656787505719,21.761816070734284,4.569706569509828,8.199240094977974,2.938804371626815,0.12319787844142668
71.24039968395589,72.5240249230932,184.53964391566078,42.757439274194454,2.6601887691849098,0.12788147096664454,21.30113528151058,21.474238050342873,7.404535561579137,15.287109756786004,1.5281373779799294,0.1968444350840703,19.997982674524152,20.084300782360774,3.4598268657693256,7.287163675188371,3.111800541010451,0.14893304697125753
83.19395642983045,84.01503547070942,137.29179869603348,46.94967110833097,2.648974273687257,0.061345128731321585,19.892616347723447,20.27537619289536,15.374694605713795,11.996048724433708,2.8855487402383493,0.10400573892871415,17.902002497503535,18.068710874965905,5.9966192624882275,8.860890682266396,2.69970017091105,0.1584584360215183
92.20622746401646,92.77196087043191,104.64834059900751,32.11732574132803,2.887718897896547,0.0880607936437293,17.752355453526548,18.088197915310857,12.036779675102284,11.069096537933293,2.4197033670940837,0.17268676916108758,16.243201353472585,16.426379690655693,5.984359532132232,7.343866348758855,2.9410133110381813,0.10562767126822166
97.08343852675335,97.37250218919384,56.21014640666261,31.81331049345559,2.237501848146221,0.19781431528556295,15.450541834891942,15.540352047051451,2.7832987545501,9.439702938074825,4.569662692236325,0.2613634815794817,14.915872810752555,15.025386567320217,3.278979790859501,8.392220917575507,2.2469726432453574,0.2100351484253152
100.03798177041408,100.09712657369033,11.836951611683258,25.58551653367462,2.616456541328308,0.19811238840658688,14.221281003775598,14.255957231878053,0.9874832087873997,4.165479551996214,2.9386883541781104,0.1688969626521632,13.353727753869974,13.410163314796378,1.5104352050333685,7.8473472471038885,3.252725203109512,0.2315120078959818
102.39559428169942,102.53082101682503,27.711530081820893,30.655803031157305,1.2347836230454072,0.20189871095199374,13.654520790020806,13.702412311836245,1.31016515845113,3.9635436837064635,2.8596598149982957,0.14173398832395814,11.984520057633736,12.186819089784478,4.8898385153100286,8.27224944056106,2.4979127522140656,0.14234092710501564
105.77076282337964,106.1317979616406,76.50427033087453,37.65998445039432,2.9498255493966075,0.15393391070977472,12.564269480986887,12.617759275641696,1.346981547183546,5.011697267217841,2.979048969613224,0.15493916668200788,10.052527899966737,10.511505531280658,9.43843135453422,9.192121797148957,2.638728773063865,0.04990379065704528
105.59869104268553,106.02112252533675,89.39487160391243,55.595034288409025,2.3765212155135624,0.21192416790112137,11.551480250284953,11.616282909276674,1.501332655629962,3.9600614219828945,2.8712688459253517,0.10304085500301147,7.93267704182283,8.321708240654162,6.323462992708397,8.668429336574672,2.570258197716531,0.1173271179675666
104.010216837371,104.60961484657982,125.04631179283913,61.329175781458986,3.0240960018657277,0.15727336730437202,11.221262990005147,11.270051842396215,1.097325439438982,5.7548464257920084,2.107390396467027,0.19818734784440376,6.882309544544446,7.027517416879342,2.0198163776149274,8.525585620419525,1.5476255661289144,0.1970582654074957
102.85068726700516,103.39932060694059,113.1556306815932,53.464732164590714,2.291769951014232,0.20406718734635684,11.179973297082064,11.224282628858235,0.9927176090207379,5.838640416752028,2.9220068805553776,0.17136304727491866,7.387421089384918,7.702192535575853,4.749779503191343,9.30023328114546,2.113481798886616,0.1564085389704795
100.25208277340813,100.51961972239519,53.71384872866418,42.66486130495309,3.029471501504946,0.16890040589462577,11.156275736731823,11.200244812106552,0.9829955371285664,5.535730161586718,2.3479218580934234,0.20534284788583754,9.268015508257891,9.795870617559324,10.062969694653304,8.77204108378963,2.717427976650233,0.07117293536262971
101.37145827101594,101.59901106089632,46.18649655980578,32.8848740324287,1.8106986969460612,0.19233427612598533,11.335437303428034,11.3658359682311,0.690088396787933,6.302318230491439,3.1436434347495252,0.15064699794678046,11.53555644976216,11.893239486671469,8.38008288167206,9.767204771057038,2.6514349560879014,0.11679240608584812
97.78801226066493,98.75367537108313,189.7930574053164,60.97777293474216,1.354161998271899,0.1809272508185102,12.040466558873796,12.158453324987851,2.855152300549953,9.167616817718871,1.563366640875467,0.20330208200043287,14.563985095456529,14.958933378195924,11.66002595262424,14.659503847191909,2.367976312561294,0.13213274722949003
83.12848237406207,87.0112888696662,660.6198089457502,67.61850908148236,2.654302922987205,0.12575608136702915,13.341517920838667,13.666693265953255,8.782404393592744,10.105614046183202,2.742960376102562,0.13180273044754523,18.494778154900818,19.234953363875874,27.926611911483374,15.197517169741815,2.594800364937162,0.1304390682053046
67.01434930315699,71.73850338714855,655.4898557023884,71.0997244268277,2.7392399090894246,0.1258240427661885,14.577646077484346,14.823717588062202,7.234837970229962,10.762930712330778,2.586911065241326,0.1778985181044719,21.44223360895129,22.018252431896638,25.034058013881822,18.100483198049602,2.7612917919749016,0.14040659758820434
50.65845719822135,53.308154721885145,275.48007414842186,73.2691039521443,2.0740446261319065,0.2142932306828187,16.6479351773764,16.802948212152142,5.185322950140374,17.07880056383253,6.635024860663345,0.15382416848808445,23.68754435893879,23.88314439022456,9.304828207622077,19.19792128546927,2.3323228327954397,0.2206899096698754
37.04515902703109,38.3151737156737,95.7087295242299,47.27869754621783,2.8473079619271364,0.1888590060598978,20.147935644268212,20.791534457220795,26.348594360226226,19.77116937886433,2.248826614511218,0.19011684250761085,26.061214991372626,26.16903672913896,5.631556504478761,17.273838085067485,2.7587918678122922,0.21961883191246262
29.825108646072117,31.901898184937423,128.19400205210795,32.480230445134964,2.8990938302286406,0.08808388823139966,23.26379843296705,24.10416645185264,39.8065228088983,22.11043786905597,2.932914232911166,0.09698130792445092,26.993798951945347,27.158403187146753,8.913681817577295,16.688316317106153,3.166356554618209,0.13905433421953706
23.169287282971403,24.937364561375553,85.05627806608895,28.428980585624416,2.0929630202496616,0.16990786694490928,25.196441359728027,25.648356218925674,22.97751953868988,26.38962193281002,1.7996043918045788,0.20268769431148365,27.277287536711857,27.42027115841121,7.820855040341648,15.260858917347878,2.34796743234402,0.2124940477501078
17.708590574572796,17.98318487019697,9.800757937832664,14.157840151132913,0.72636823655167,0.20184833407595074,25.59446264002335,25.92436535289757,16.996201118964965,20.133349286163376,2.876251978384724,0.13429754301188537,28.823149723126253,28.89273488902648,4.016169405815341,17.721228828115546,3.9067248026412087,0.17344806501023574
16.22301749164495,16.22561309378869,0.08422373510907429,3.277838852696572,4.737128672558092,0.20333037936039672,24.572705138342418,24.855357995393515,13.9709832632526,18.28994004201152,2.0099052366821817,0.1908796130655239,29.65566663756242,29.750721899564542,5.646889826996738,14.565646251331863,2.9140043918547347,0.1994280350007999
16.462299648350044,16.471031480912472,0.28756833314373415,2.6539896908802056,2.4161780314135557,0.2070024451101622,24.25092712588321,24.465210066481593,10.439037132174322,16.385877563440946,2.326285562499122,0.17685256336690755,29.883772989824116,29.98407092413783,6.004621076386368,15.334306408989292,3.2571128363119364,0.1956460917784966
16.47487280044425,16.48623389754983,0.37447433390334206,4.224303823500316,2.9830359045785344,0.17802111670659365,25.17466891716117,25.393747786579496,11.078471559730287,13.795317051556783,2.6603902161657795,0.1549585213158859,33.69887065050588,34.12567069797428,28.947517467054436,28.43785932701784,2.4657612078169677,0.24357573289358367
16.135180179661987,16.16898624109185,1.092076634460494,4.843866615383591,2.2485011188602986,0.19601008326493005,26.16253067756663,26.25345847530342,4.766070459866005,13.298353029468831,2.087356160237579,0.20913714259996496,40.0814193780595,41.321982835775,100.9860861202002,31.01540947953542,2.5905195239413863,0.14995337661415364
15.833030537391679,15.875843752206512,1.3575588464971884,5.506443512563653,2.896943373833662,0.135770815451687,26.618771790413298,26.67726545612685,3.1174805865561335,10.604146216010822,2.897736424693356,0.16761319610814696,46.58938573834971,47.92771356716794,126.49486429975084,29.330953928871224,2.7679637216834565,0.10743334554042855
15.924200681982061,15.983267343650212,1.884667618557373,8.182479247432887,1.54001696716484,0.19740043442219746,26.63278833795337,26.692758053877746,3.197917868630333,10.701679830235328,1.9972195655642158,0.19885840417523037,54.30534712429508,54.919180714952454,67.04568411142066,32.57640936481491,2.153060522987869,0.17459142897021546
17.167105636465593,17.398035995873087,7.982140580126843,9.616142736762756,2.4228475473824895,0.12330808251576288,28.10478468062094,28.320227103091277,12.156341226599976,13.818887945405962,2.425932761997676,0.09956211013720681,62.49137492928087,62.97852788165845,61.12303358887727,31.726841021023,2.259245529313495,0.1578989026992841
19.111508747228868,19.35633427290203,9.417909888916167,10.796221546176158,2.731477349132969,0.09751160818736478,32.05031958165536,32.5229067941106,30.51648105216408,17.23830673567456,2.5774331386828018,0.10577362461855737,69.68191863775267,70.47255320081051,110.81096960268482,29.729054566720492,2.78209500257477,0.0944937914241311
20.03537236484824,20.151013498920342,4.6471992355453144,12.781900889114677,1.8230136336306646,0.20485365374440045,35.044282353282476,35.36021042580163,22.24275570038484,20.35600345053228,2.8038323761134283,0.15350277616884278,74.49441334625155,74.97730760390571,72.1790357285195,36.20049846188941,2.4301187442460606,0.18302302512229446
20.053455179090385,20.164553261941357,4.468143633882895,12.060022318555198,3.0594188341523894,0.1290575999404012,37.195515847356745,37.337646519311825,10.593448450111955,25.618929995441032,3.2967900361141744,0.22459163714800928,79.28048421305637,79.43356941981615,24.29677371607243,42.22279439340957,4.343917384430386,0.2007773316266727
20.70231448896213,20.92260659297999,9.16964144471835,18.097458610803688,1.5898056574493773,0.20249115426146183,41.167039106094634,41.49172674628943,26.83827962602446,29.10495787804168,2.4587874507268075,0.2214269446116543,84.68375969184348,85.01786521735418,56.69825057030938,37.325921068703934,2.3579275625240608,0.20794818759034728
23.407898425324987,24.268857872130457,41.047753727336364,22.371768147321614,2.407382884118703,0.14993268539540394,44.45387924747888,45.04262304652731,52.690510762119764,25.23468221476829,3.015209405956084,0.11994353564975517,89.0695499073012,89.67929122614012,108.9905541336328,37.21090320716135,2.9809086642398115,0.10036173835179067
27.310845664445342,28.211963257974197,50.03257996213304,22.231688341320158,2.7656678257084755,0.11059247444807496,48.879786998580755,49.43110776561149,54.200837908872614,23.942644099897855,2.4959841659011652,0.17039752044308726,97.64396665325722,98.3264183177451,133.74031541378739,40.49709944190455,2.538363568995263,0.08618015315746834
30.272945645645322,30.598816821134296,19.836352789135226,24.1368105334688,1.733364292070727,0.2029218650295927,53.721505901011405,53.84197383712113,12.95795040483258,22.70967839336067,2.7511658569614754,0.21584389230014422,104.59999521428173,104.85268266519871,52.92606326110237,45.5095568993321,2.858458183189384,0.1648528342326473
30.659927919785734,30.882504043305286,13.697875938310721,17.5331725299423,2.5717714356461583,0.14036801998030943,52.62907808616515,52.8967288129075,28.244058906609485,25.304003165340788,2.0443990063834847,0.22031348019957164,100.54284908964296,101.47423637060206,188.15614393410178,64.36660692913382,1.8961287224976933,0.20471148389847618
29.01136243489473,29.241190167181564,13.388052064454774,17.21926146267049,2.3025932134824885,0.14839115105907602,49.78751991155809,50.29078927744239,50.3663472043211,34.15011101195395,3.1341389616888597,0.1182263836880186,93.38427027209438,95.17003777219195,336.7141553088701,79.59574068704794,3.0021568541399177,0.09986691690373475
29.374984668626862,29.697527414732107,19.053410266701743,22.285198790942,1.7451026816739088,0.20194102008920778,50.20033576064501,50.80123401942065,60.69166741444755,45.212596363203666,1.9592013402140869,0.20880441367009903,92.66516178083597,94.4910228094268,341.72118370311335,107.47257469261729,1.8486862460976259,0.20654458948030696
31.439288141282375,31.95603811739662,32.75953332992694,22.563974390562358,3.031269662697371,0.10200249018386608,52.69096897528737,53.736249341362765,111.24628172241414,41.337469384668,2.816383901557469,0.13187740645308446,96.03299816692565,98.51679906297315,483.22296068547956,106.51690132110375,2.994548641264244,0.1267113975575672
32.95807190637412,33.290045345431686,21.9926153151704,24.378610167408176,2.09898973391278,0.2076643536791528,58.57486416091593,59.56191647880741,116.60718315867643,32.122922727260416,2.4828277053160694,0.14777163679898103,98.80497412585659,100.92290157007344,423.0091493115393,111.71693091510893,2.029505513210504,0.20339673363345678
35.27458567746648,35.42714740871208,10.786378801691917,29.495864640750487,3.649847265144882,0.1537403922208069,67.68617787233809,68.18597270878135,67.90819927688364,38.666613164820234,3.0621086693606245,0.1330559437834613,100.32829695234645,102.0335203129473,345.0720980944229,104.08600990933861,2.969529002034188,0.14762390574111417
38.38947336682443,38.94760051506067,43.163920498631676,30.234748593479488,2.1216534609100735,0.19763181340184807,76.89022115901459,77.72671713525905,129.3364467423993,33.3599116208259,2.562545329884825,0.1411885550576105,97.28514808591395,98.76802851955921,290.7234195422558,80.37786027456625,2.256360539012346,0.20238106978387801
41.2430804910075,42.02412078411363,65.03503929004748,32.337612615733164,2.9347253952227157,0.10409262569974918,83.20382938698917,83.95607729992828,125.7456909323333,45.22371881781248,2.7321542389239966,0.1330874564471137,88.00351071468972,88.55745680570035,97.8052577829708,91.39350176928818,4.068053191392686,0.1494193414610734
42.924969497566146,43.42662256208644,43.31854078293067,38.45650816490705,1.7001317256435033,0.20325301409858088,84.11831585190087,84.75877828050439,108.15943384354388,60.418007959474664,1.7172734921563875,0.20257611031031283,78.86779049105552,80.62303851789635,279.9459629171722,80.46327978275774,2.1972893949079504,0.1999601144567016
42.197179450722594,42.811052997349535,52.18430514538461,28.338639018677327,2.8845454265207415,0.12131277063234944,79.61446818009932,80.95080357554492,214.56905592640982,50.270001843567734,2.855733963737687,0.10580427961365539,70.17696549182762,73.65586486331823,500.3799431222315,70.12662499354099,2.911862297254638,0.09035590533553889
38.37378089018941,38.99437888044747,48.01452446362205,20.09493666872539,2.38307214487406,0.1671285899696835,69.24795993643792,70.91512192404066,233.6745621430396,48.070389335073514,2.497982238699057,0.11488420442781334,55.30906961621556,58.5560663945967,369.71972979703804,64.6890936878838,2.192735872244129,0.15802860713826428
34.49748562802751,34.613945601963486,8.04871547972288,17.12867275240682,0.3047052259547741,0.19644270377058806,60.17515666042611,60.76098953720084,70.84837043300597,51.386811488613915,1.9875762900579228,0.17126559412859693,43.78668736650882,44.491039077966725,62.17856770477916,49.96029818007742,2.07936703850447,0.1848289570034343
36.25536896427239,36.74632696104597,35.84076639256796,25.047396525378154,1.3941342128141265,0.19566929909968203,64.49742907336221,66.45193060200165,255.94072365985278,73.46836440883109,1.6954649942043705,0.20087852992969818,47.16708099885257,49.066029628344054,182.7417335372172,62.280557801067594,1.7691051988805995,0.20450653721043577
44.306088058482786,46.32876066332496,183.3246255536161,40.4745818587787,2.407400766136484,0.1446870643100518,79.42689971228221,84.36543313593046,808.8939103082187,83.47290893770355,2.6978925877019115,0.1185103477595241,58.83545030136551,63.13525877368503,524.4506882557216,68.91359077061857,2.7592320797966448,0.1164202174806082
54.39725393177096,56.73162107778827,259.41559479617916,43.092946538041936,2.7937301709339697,0.08187895593087076,96.39037596554253,100.29666827650006,768.3170885876549,87.60712731850062,2.5734079841435045,0.13410901319723284,70.03741249399937,73.03147744824756,428.3575494192744,82.52814393414546,2.4027944664053345,0.16336106126968875
63.33147742134238,64.34838127615039,129.83814049082355,43.94293034118187,2.0600128707647167,0.17976100530018432,108.44898805377603,109.46889501602702,222.25596614188922,86.61059784674273,1.4204647846729879,0.198782147667617,74.90230706950236,76.23076270228445,200.77357783798055,84.55843231978278,1.7481282299871441,0.19806668190372811
67.6038668326959,67.79278998751087,25.579563557874632,34.21781544460251,1.47021639989473,0.19393239324792289,108.51718975861989,109.36638096571585,185.02481242977285,54.266472672082514,2.620154750041258,0.12065210852353397,71.37342616294171,73.20769602059467,265.200794406901,61.756161972553244,2.8860792048840826,0.09272524649249889
64.6439453594641,65.11684028412292,61.36321695059487,24.969971260069983,2.552664927323478,0.08535500906765975,101.16900807896656,102.01331674671505,171.54859798361255,46.68549765163644,2.4830464122053884,0.14278992686983724,66.63030503107099,67.77677098429018,154.09313652335604,70.64193983305739,1.7226216501946041,0.20098602467295762
59.23258047141042,59.703353613771974,55.991843428987266,26.68621754330176,2.708576793235332,0.107877150483357,95.98185006458189,96.23693134283468,49.03141246559554,43.46458625065246,1.642192032112405,0.20541406303463175,66.15376076592301,67.13043147872237,130.17476704446574,56.047502568281814,2.90933327659357,0.13478485383282382
57.57206693970846,57.88015299653141,35.569219191611765,37.767104652021544,1.464238252114463,0.19859671762345105,98.23376602274638,98.74370406182543,100.44630483767656,43.705574527924455,2.335900850139226,0.1272034023798592,68.97104866901317,69.7344797596819,105.89211285010171,47.01521875923185,2.2069406817553117,0.19703434611086906
62.93619182575114,64.39888474430812,186.25211478293707,53.93126268436898,2.1570644184631718,0.15489294344019228,108.85179584094368,110.01122541557191,253.75625963729334,50.18493476969611,2.5922734161872203,0.08712462849227037,73.2661057598798,73.47958232424496,31.32676532759953,47.26757246674195,3.4228764437715267,0.16769238155259114
76.81763636931849,80.03514051407741,504.67445973927175,66.06455008645665,2.6003320827748926,0.08166472636772888,120.07688602804552,121.01143828452037,225.30963749604845,48.54709065369374,2.763758399259614,0.1045888943529419,76.14725199862129,76.41884328412341,41.43562194188078,36.254105413289096,2.1703933818219516,0.21150690814945372
91.28543561272876,93.52449234292625,413.79991299642273,81.09611266741597,2.6227796430863353,0.12372747462631663,125.75129520201511,126.13929445407838,97.73336038834117,57.822337074781416,1.610005456629022,0.19789952517245293,75.89765699843863,76.18071015485917,43.04626184602259,42.44712855226793,3.2130786593506597,0.13808705201189628
94.31436973700616,95.88547358247493,298.8237052467962,104.9197848659109,1.599631630196354,0.20227252280794425,122.36136176958352,123.29239812779488,228.71258199577994,67.60264185012623,2.1057479249064146,0.15762137548432356,73.8790452125744,74.45045978807457,84.75764113409487,52.008721600826775,1.7830348228327668,0.20052038114722337
84.06688196710718,88.81659806989411,821.1474490375857,99.22615659215136,2.652773739321165,0.12612470664498618,106.20792153612551,109.55589340793034,722.3711833860029,85.62450860513144,2.5317190929136246,0.08726927572512057,67.23023691990545,69.12233343484708,257.99222317156097,55.703926555377286,2.613121031000233,0.10213024460512732
66.03905732842213,72.4981016843796,894.8176550120195,86.0500868989119,2.5949318194081203,0.11817907024616835,83.50934523291781,88.91049590997308,931.26554172669,89.87401213113642,2.7147705554661705,0.06381803894311275,54.62775674406614,57.52196897153206,324.585107473034,53.911030968462214,2.6390491541691405,0.07012108242071251
50.404918131120574,52.943060025208275,262.3118330278391,78.2662427153264,1.5203570117111498,0.18994277640118074,66.49903518199554,70.00975557798465,479.2441959528746,96.86866005553313,2.2273944726367567,0.16593785514156725,43.63962802947776,45.25684661238705,143.7650307459483,49.812053868920266,2.2025653816071906,0.15471389453887055
46.0381995022451,46.793077810752216,70.0763175945902,43.41994813471554,2.381102803980524,0.16488410442539117,62.626271584142366,64.71515714354435,266.00167158288036,92.98854210825732,1.7853099528808365,0.19654166793109,39.737680674022805,40.25252731207646,41.182689658856034,38.54275187807431,1.7581151698833153,0.20292449880517982
49.443921056254304,50.21303005539406,76.6470579267998,30.414455660662014,2.5934816575300497,0.13821227310236742,68.53633676799689,71.44537663051136,407.2123842993376,74.68908550244868,2.902741105512326,0.09105597843318805,39.54846792187603,40.01408837248725,37.04595331356156,33.35768940871955,3.0951936886363414,0.13161954228410558
52.5850053280615,52.83996904300708,26.879543113690897,31.829031024593363,1.5696020850421921,0.2024702258016203,74.05311397206455,75.742666375988,253.08782078464145,92.11631998496739,1.7404236121256051,0.2009492940100198,40.11965561348709,40.491946548160016,30.010968714240935,31.65813423922886,2.173156877858801,0.2119741735301965
51.61189040191717,51.97230571505114,37.33333047922772,23.547770721754027,2.6572475290238278,0.10833783598428735,71.95476486158122,74.25314420730683,336.0412383856598,76.74883178538225,2.6170765672221212,0.14636705619754475,40.63484295205109,40.92735031534742,23.857542097311384,25.003627516166254,3.158352182534763,0.14242792252296685
47.41458329105242,47.83711955476685,40.2472986329105,18.61967964998275,2.5491404400858753,0.10018545147319934,62.803168908773834,65.58657904676299,357.3613260733154,62.02404795797872,2.526502178451348,0.1408092104703639,38.21701333109943,38.39793775499053,13.861515886695233,23.198655298221894,2.8134765379473015,0.23617364755089623
43.184872861858295,43.36796893067424,15.847485077060755,15.72935549222624,2.3161388067435533,0.16458204252842273,54.37688914081541,55.2353156144299,94.0940183931549,54.49463449282611,1.5707156317544806,0.20335498500508398,34.461623248696334,34.674711649154744,14.732151016940124,21.285009189116867,2.1727519818990975,0.20817976773152508
39.09331428732162,39.30975353198625,16.969500778200658,18.200033556861463,2.2321611275802224,0.18284967464461163,50.85446864120616,51.141734538572614,29.30003083441004,39.48948143963348,3.1178089198145194,0.14129802684778944,31.312523754938294,31.92747440381796,38.889477902876095,20.338490360587702,2.7613514121652987,0.10927126321687855
34.202605819606305,34.928101263248166,50.154013004350674,20.57769460579415,2.523545618867947,0.12939579075134586,48.84781068622378,49.468237406356664,60.99790325450649,40.88382037437206,1.9734374198173266,0.2008367643484243,27.414701895310245,28.08304899516781,37.09176085626898,18.264781091000962,2.46810492755038,0.13012670572384244
29.247809772938528,30.249353508082056,59.58901114291793,21.819018505379276,2.7545833519127503,0.0960756630851047,45.489822206189764,46.61024245661646,103.19077751381664,33.26041302605163,2.931491927924943,0.09137520923319428,24.310575317080374,24.488931821842492,8.703709527412254,15.421827871189912,1.3656027689010073,0.18935583349195184
25.223465789435956,25.702934549841846,24.41761804260761,21.7001846236464,1.853518230648798,0.19116937921958382,40.51395601654759,41.25810044461659,60.850220187318925,31.778327430761358,1.9044164754020827,0.1901121824339247,23.438770303097545,23.484198270785278,2.131615100186888,9.174883879941294,2.9423769872725885,0.1448058553408289
23.6572004798672,23.778677864623166,5.762386444890892,14.587046196350087,2.0762916600410484,0.18086719690993794,38.32395995086143,38.56483957105533,18.52094482600454,26.30663063478712,1.6011242050148211,0.17805656563552727,23.133676478891008,23.198716653006233,3.0134669164736168,10.303084631107168,1.9582138989646696,0.2086769144220812
24.68559877054697,24.838313275152373,7.563019694180404,8.085621400284275,2.675012141296755,0.09522878123290236,41.18104143413049,41.6491204363071,38.77105951844088,17.228454998785956,2.7517885330980927,0.07848964323684063,22.348432092542083,22.5047718539032,7.012339201268762,10.509177076147086,2.699569382314689,0.1452682891087889
26.39094440715607,26.45225978883866,3.240101234608271,7.229590303830573,2.266063729150137,0.18871501903979188,45.28845507644578,45.61015369399102,29.241956778234815,17.509084628352056,2.670078691112622,0.14452219435704786,21.433787810530575,21.585123212090995,6.5102841743001845,12.128182136658332,2.2945252565281473,0.17193969977602372
